chrom	start	end	target	snvlib_count	D05_R1	D05_R2	D05_R3	D13_R1	D13_R2	D13_R3
chr16	67610911	67610913	CTCF_X3B	2561	2685	3262	1300.0	292	2599	2180.0
chr16	67610912	67610914	CTCF_X3B	3566	4478	2905	1335.0	501	3782	3867.0
chr16	67610917	67610919	CTCF_X3B	7594	8755	8897	3567.0	1390	7727	2800.0
chr16	67610918	67610920	CTCF_X3B	1688	1588	1968	531.0	193	2242	1052.0
chr16	67610919	67610921	CTCF_X3B	2148	2666	1905	987.0	476	2562	4670.0
chr16	67610922	67610924	CTCF_X3B	1324	2804	1199	694.0	312	816	1230.0
chr16	67610923	67610925	CTCF_X3B	7073	9035	10598	4111.0	1195	7651	11692.0
chr16	67610926	67610928	CTCF_X3B	2505	3736	2507	1193.0	498	3031	2236.0
chr16	67610927	67610929	CTCF_X3B	2471	4115	2850	909.0	561	2759	1727.0
chr16	67610928	67610930	CTCF_X3B	2962	4852	3812	1869.0	484	2428	2843.0
chr16	67610929	67610931	CTCF_X3B	2285	3657	3311	1261.0	550	3830	2247.0
chr16	67610930	67610932	CTCF_X3B	5192	6803	7735	2735.0	690	6400	4292.0
chr16	67610932	67610934	CTCF_X3B	14602	20592	18976	7494.0	3162	17993	17872.0
chr16	67610938	67610940	CTCF_X3B	4582	7572	5367	2069.0	928	2990	3624.0
chr16	67610940	67610942	CTCF_X3B	2428	3194	3045	659.0	309	3708	1057.0
chr16	67610941	67610943	CTCF_X3B	2581	2847	3711	746.0	497	3246	671.0
chr16	67610942	67610944	CTCF_X3B	2586	3800	2651	1217.0	734	1940	2576.0
chr16	67610943	67610945	CTCF_X3B	6126	9630	6646	4086.0	780	3502	8465.0
chr16	67610945	67610947	CTCF_X3B	2889	5263	4482	1383.0	753	4693	2076.0
chr16	67610946	67610948	CTCF_X3B	4924	7009	7216	2485.0	1018	4826	7003.0
chr16	67610948	67610950	CTCF_X3B	2141	2219	1377	1121.0	209	2485	3816.0
chr16	67610949	67610951	CTCF_X3B	3077	5128	2277	1763.0	652	2867	11671.0
chr16	67610950	67610952	CTCF_X3B	2263	3939	2249	1781.0	513	2207	4499.0
chr16	67610951	67610953	CTCF_X3B	2092	2572	3289	547.0	468	1987	1149.0
chr16	67610952	67610954	CTCF_X3B	2510	2949	4520	888.0	287	3056	1479.0
chr16	67610953	67610955	CTCF_X3B	5455	9920	7758	2572.0	1276	4024	10177.0
chr16	67610955	67610957	CTCF_X3B	2235	3809	2811	1231.0	743	3059	4238.0
chr16	67610956	67610958	CTCF_X3B	2864	5100	3516	1737.0	431	3821	3361.0
chr16	67610957	67610959	CTCF_X3B	4693	6978	5742	2226.0	604	7472	5157.0
chr16	67610959	67610961	CTCF_X3B	2380	4631	2821	803.0	566	1587	1843.0
chr16	67610960	67610962	CTCF_X3B	6175	7251	6251	3235.0	1233	7438	8216.0
chr16	67610962	67610964	CTCF_X3B	2544	3722	3132	1121.0	372	2761	2596.0
chr16	67610963	67610965	CTCF_X3B	2881	5481	3233	2103.0	857	2195	8583.0
chr16	67610964	67610966	CTCF_X3B	5586	9742	5949	3045.0	1749	6940	9486.0
chr16	67610966	67610968	CTCF_X3B	2597	3906	3299	1401.0	514	3602	2565.0
chr16	67610967	67610969	CTCF_X3B	2975	4840	3572	1907.0	1043	4412	1901.0
chr16	67610968	67610970	CTCF_X3B	5384	9354	8108	2331.0	1216	10506	4354.0
chr16	67610970	67610972	CTCF_X3B	2688	3969	4513	1593.0	576	5122	4420.0
chr16	67610971	67610973	CTCF_X3B	9641	15472	12731	5281.0	1874	12618	17980.0
chr16	67610974	67610976	CTCF_X3B	4801	6004	5130	2399.0	794	5316	3773.0
chr16	67610976	67610978	CTCF_X3B	1905	2637	2165	977.0	430	2395	1166.0
chr16	67610977	67610979	CTCF_X3B	4730	6501	4803	2182.0	1073	3834	7029.0
chr16	67610983	67610985	CTCF_X3B	13624	20152	17019	8087.0	2780	20957	17893.0
chr16	67610984	67610986	CTCF_X3B	2837	3136	4930	1374.0	303	5397	2985.0
chr16	67610985	67610987	CTCF_X3B	5696	9342	6818	2333.0	787	7659	6538.0
chr16	67610989	67610991	CTCF_X3B	3827	6029	3745	1443.0	720	3955	3711.0
chr16	67610991	67610993	CTCF_X3B	2476	3703	1665	1621.0	630	938	2768.0
chr16	67610992	67610994	CTCF_X3B	3066	3141	2841	1262.0	408	3228	4288.0
chr16	67610993	67610995	CTCF_X3B	2742	4271	2061	1203.0	400	3830	1316.0
chr16	67610994	67610996	CTCF_X3B	7793	8253	5925	2314.0	1132	5545	5840.0
chr16	67610997	67610999	CTCF_X3B	9400	10140	5484	2038.0	1148	4263	1387.0
chr16	67611001	67611003	CTCF_X3B	2587	2121	1336	432.0	105	1064	269.0
chr16	67611002	67611004	CTCF_X3B	2619	2651	1808	521.0	322	985	908.0
chr16	67611003	67611005	CTCF_X3B	2841	3294	2033	887.0	132	915	1440.0
chr16	67611004	67611006	CTCF_X3B	2516	1751	1648	959.0	122	1632	1680.0
chr16	67611005	67611007	CTCF_X3B	2439	1858	1945	1123.0	275	1250	1147.0
chr16	67611006	67611008	CTCF_X3B	3177	2936	1933	1264.0	290	684	2154.0
chr16	67611007	67611009	CTCF_X3B	2000	2921	1138	596.0	205	423	67.0
chr16	67611008	67611010	CTCF_X3B	3228	2467	2671	502.0	146	2837	734.0
chr16	67611009	67611011	CTCF_X3B	4411	3731	2405	891.0	267	2581	495.0
chr16	67611011	67611013	CTCF_X3B	8009	5753	5429	1484.0	478	981	3533.0
chr16	67611014	67611016	CTCF_X3B	13525	11542	7466	3772.0	416	2662	6725.0
chr16	67611020	67611022	CTCF_X3B	1906	428	1007	519.0	52	665	1481.0
chr16	67611021	67611023	CTCF_X3B	3025	1662	1919	485.0	117	1145	640.0
chr16	67611022	67611024	CTCF_X3B	2867	1729	1383	701.0	134	930	451.0
chr16	67611023	67611025	CTCF_X3B	5321	3332	2207	802.0	328	1613	185.0
chr16	67611025	67611027	CTCF_X3B	2940	2204	1531	433.0	128	415	170.0
chr16	67611027	67611029	CTCF_X3B	1856	1251	1060	534.0	144	318	693.0
chr16	67611029	67611031	CTCF_X3B	1117	739	465	125.0	65	15	516.0
chr16	67611030	67611032	CTCF_X3B	930	907	466	152.0	82	0	668.0
chr16	67611020	67611022	CTCF_X3C	1286	417	953	699.0	536	826	708.0
chr16	67611021	67611023	CTCF_X3C	1621	603	923	822.0	1095	861	1054.0
chr16	67611022	67611024	CTCF_X3C	1507	535	1054	651.0	1011	860	869.0
chr16	67611023	67611025	CTCF_X3C	2968	1128	1574	1582.0	1669	1980	1658.0
chr16	67611025	67611027	CTCF_X3C	2895	939	1736	1569.0	1358	2444	1910.0
chr16	67611027	67611029	CTCF_X3C	3648	1347	1867	1763.0	2176	1706	1489.0
chr16	67611029	67611031	CTCF_X3C	2986	1062	1875	1580.0	1156	1685	2246.0
chr16	67611030	67611032	CTCF_X3C	3208	978	1525	1835.0	1345	1720	2510.0
chr16	67611031	67611033	CTCF_X3C	2689	722	1298	1057.0	1418	1224	1183.0
chr16	67611032	67611034	CTCF_X3C	2968	1189	1656	1525.0	1782	1753	2373.0
chr16	67611033	67611035	CTCF_X3C	5886	2125	3501	2884.0	3324	3569	2925.0
chr16	67611035	67611037	CTCF_X3C	4082	1307	2065	2186.0	1657	2392	2829.0
chr16	67611038	67611040	CTCF_X3C	3708	1331	2635	1558.0	2186	2508	1478.0
chr16	67611039	67611041	CTCF_X3C	2863	1012	1603	1206.0	1832	1565	1807.0
chr16	67611045	67611047	CTCF_X3C	1601	484	923	527.0	469	994	567.0
chr16	67611046	67611048	CTCF_X3C	2663	1165	1501	1120.0	1508	1469	1457.0
chr16	67611047	67611049	CTCF_X3C	2909	1051	1384	1363.0	1624	1356	1813.0
chr16	67611048	67611050	CTCF_X3C	6547	2569	4577	3027.0	4104	4140	3400.0
chr16	67611051	67611053	CTCF_X3C	7169	2669	4060	3409.0	3723	3753	4563.0
chr16	67611054	67611056	CTCF_X3C	2818	958	1747	1405.0	1637	1673	1763.0
chr16	67611055	67611057	CTCF_X3C	2079	797	955	900.0	962	925	926.0
chr16	67611056	67611058	CTCF_X3C	2257	665	1069	974.0	774	1339	1144.0
chr16	67611057	67611059	CTCF_X3C	2778	1008	1667	1568.0	1603	1466	1712.0
chr16	67611058	67611060	CTCF_X3C	4002	1693	2197	2161.0	2966	2666	3282.0
chr16	67611060	67611062	CTCF_X3C	4850	1929	2450	2736.0	3601	2689	3072.0
chr16	67611062	67611064	CTCF_X3C	4978	1498	2386	1935.0	2373	2323	2278.0
chr16	67611064	67611066	CTCF_X3C	1941	663	988	915.0	1113	899	1143.0
chr16	67611065	67611067	CTCF_X3C	2901	1200	1788	1428.0	1834	1953	2221.0
chr16	67611066	67611068	CTCF_X3C	10101	3822	5960	5488.0	6284	5536	6020.0
chr16	67611069	67611071	CTCF_X3C	2902	943	1888	1463.0	1661	1781	1512.0
chr16	67611070	67611072	CTCF_X3C	3395	1537	2172	1782.0	2752	1969	1797.0
chr16	67611071	67611073	CTCF_X3C	2293	956	1300	1162.0	1455	1202	1283.0
chr16	67611072	67611074	CTCF_X3C	3008	911	1925	1539.0	1645	1396	1998.0
chr16	67611073	67611075	CTCF_X3C	2719	865	1635	1096.0	1823	1699	1271.0
chr16	67611074	67611076	CTCF_X3C	3254	1183	2420	2118.0	1765	2338	2343.0
chr16	67611075	67611077	CTCF_X3C	2744	1123	1841	1701.0	2080	1606	1650.0
chr16	67611076	67611078	CTCF_X3C	5745	2157	3070	2854.0	3644	3398	4173.0
chr16	67611078	67611080	CTCF_X3C	3451	1396	2335	1759.0	2103	2302	2286.0
chr16	67611079	67611081	CTCF_X3C	3311	1265	2040	1800.0	2205	2242	1998.0
chr16	67611080	67611082	CTCF_X3C	4618	2495	3198	2940.0	3189	2898	3718.0
chr16	67611082	67611084	CTCF_X3C	2583	1154	1464	1072.0	1647	1263	1212.0
chr16	67611083	67611085	CTCF_X3C	2160	827	1229	982.0	1152	1070	1200.0
chr16	67611084	67611086	CTCF_X3C	10087	3912	6706	5465.0	6192	5751	6710.0
chr16	67611087	67611089	CTCF_X3C	7466	3064	4792	4393.0	5410	4732	4913.0
chr16	67611090	67611092	CTCF_X3C	2801	959	1542	1464.0	1751	1336	2649.0
chr16	67611091	67611093	CTCF_X3C	6851	2174	4175	4198.0	3864	4474	4693.0
chr16	67611093	67611095	CTCF_X3C	4153	1673	2493	2154.0	2548	2831	2438.0
chr16	67611094	67611096	CTCF_X3C	12914	5806	8522	7361.0	8968	8219	8988.0
chr16	67611099	67611101	CTCF_X3C	2252	1012	1314	1149.0	1503	1047	1400.0
chr16	67611100	67611102	CTCF_X3C	4869	1574	2435	2599.0	2545	2698	2801.0
chr16	67611102	67611104	CTCF_X3C	4909	1626	2610	2423.0	2337	2459	2780.0
chr16	67611103	67611105	CTCF_X3C	7733	2718	4245	3714.0	3940	4204	4126.0
chr16	67611106	67611108	CTCF_X3C	2018	704	1189	1045.0	974	864	1011.0
chr16	67611107	67611109	CTCF_X3C	2729	740	1357	1319.0	1119	1651	1333.0
chr16	67611108	67611110	CTCF_X3C	2847	1039	1826	1524.0	1734	1828	2093.0
chr16	67611109	67611111	CTCF_X3C	2811	687	1501	968.0	1548	1327	1163.0
chr16	67611110	67611112	CTCF_X3C	3621	1108	2043	1881.0	2206	1910	2473.0
chr16	67611111	67611113	CTCF_X3C	6765	2271	4024	3278.0	3919	4298	4190.0
chr16	67611114	67611116	CTCF_X3C	3029	839	2024	1454.0	1370	2026	1817.0
chr16	67611115	67611117	CTCF_X3C	6808	2568	4265	3390.0	4279	4476	3179.0
chr16	67611118	67611120	CTCF_X3C	5291	1757	3057	2557.0	2905	2422	2712.0
chr16	67611120	67611122	CTCF_X3C	2533	708	1278	1079.0	1532	1325	1961.0
chr16	67611121	67611123	CTCF_X3C	2936	830	1278	1412.0	1780	1461	1972.0
chr16	67611122	67611124	CTCF_X3C	3764	1437	1951	1692.0	2106	2118	1822.0
chr16	67611123	67611125	CTCF_X3C	2777	819	1368	1114.0	1223	1159	998.0
chr16	67611124	67611126	CTCF_X3C	2490	787	1278	898.0	966	836	1092.0
chr16	67611125	67611127	CTCF_X3C	2322	554	752	652.0	152	171	461.0
chr16	67611126	67611128	CTCF_X3C	2303	589	1002	863.0	760	1054	1122.0
chr16	67611127	67611129	CTCF_X3C	2812	652	821	712.0	1212	1099	1087.0
chr16	67611128	67611130	CTCF_X3C	3055	800	1103	1144.0	1367	1026	1637.0
chr16	67611129	67611131	CTCF_X3C	2832	602	1035	949.0	792	826	1102.0
chr16	67611130	67611132	CTCF_X3C	6487	968	1692	1662.0	311	215	700.0
chr16	67611133	67611135	CTCF_X3C	2643	616	941	886.0	1005	941	1414.0
chr16	67611134	67611136	CTCF_X3C	2219	554	903	553.0	404	727	470.0
chr16	67611135	67611137	CTCF_X3C	1900	404	645	539.0	478	577	789.0
chr16	67611136	67611138	CTCF_X3C	4876	1262	1610	1168.0	1922	1105	1676.0
chr16	67611112	67611114	CTCF_X3D	2370	720	664	493.0	515	593	608.0
chr16	67611113	67611115	CTCF_X3D	2130	704	605	488.0	443	459	472.0
chr16	67611114	67611116	CTCF_X3D	2729	732	606	833.0	422	469	644.0
chr16	67611120	67611122	CTCF_X3D	5724	1455	1608	1524.0	1229	1247	1511.0
chr16	67611121	67611123	CTCF_X3D	4268	1073	1198	1094.0	773	756	1171.0
chr16	67611122	67611124	CTCF_X3D	3629	700	1050	831.0	715	836	955.0
chr16	67611123	67611125	CTCF_X3D	2831	723	845	468.0	519	396	435.0
chr16	67611124	67611126	CTCF_X3D	3330	659	809	1105.0	509	598	869.0
chr16	67611125	67611127	CTCF_X3D	3488	479	852	706.0	60	174	160.0
chr16	67611126	67611128	CTCF_X3D	2772	738	569	607.0	825	705	672.0
chr16	67611127	67611129	CTCF_X3D	2897	798	810	890.0	637	848	1019.0
chr16	67611128	67611130	CTCF_X3D	3669	1106	891	1009.0	1219	981	1252.0
chr16	67611129	67611131	CTCF_X3D	4150	1020	1132	1023.0	719	673	1302.0
chr16	67611130	67611132	CTCF_X3D	9201	1454	2325	2034.0	262	408	445.0
chr16	67611133	67611135	CTCF_X3D	3229	986	967	713.0	735	630	692.0
chr16	67611134	67611136	CTCF_X3D	2799	820	1253	706.0	507	733	586.0
chr16	67611135	67611137	CTCF_X3D	3048	730	1151	705.0	409	761	1101.0
chr16	67611136	67611138	CTCF_X3D	6774	1911	2173	1842.0	1715	1585	2045.0
chr16	67611138	67611140	CTCF_X3D	3165	863	596	922.0	481	485	861.0
chr16	67611139	67611141	CTCF_X3D	3110	741	918	574.0	376	579	583.0
chr16	67611140	67611142	CTCF_X3D	3623	907	1070	1158.0	625	1266	1112.0
chr16	67611141	67611143	CTCF_X3D	12178	3704	4010	3547.0	2863	3782	3694.0
chr16	67611145	67611147	CTCF_X3D	2450	742	757	866.0	736	672	796.0
chr16	67611146	67611148	CTCF_X3D	6653	2084	2344	2243.0	1676	1546	1912.0
chr16	67611148	67611150	CTCF_X3D	8027	2142	2412	2369.0	2094	2061	2450.0
chr16	67611150	67611152	CTCF_X3D	4261	1028	1414	1227.0	888	1213	1467.0
chr16	67611151	67611153	CTCF_X3D	3156	1067	984	1030.0	588	1010	976.0
chr16	67611152	67611154	CTCF_X3D	2876	770	821	1011.0	508	642	875.0
chr16	67611153	67611155	CTCF_X3D	3054	969	935	912.0	807	640	882.0
chr16	67611154	67611156	CTCF_X3D	6798	2348	2236	1917.0	1277	1702	2090.0
chr16	67611156	67611158	CTCF_X3D	4049	873	1409	1126.0	752	999	936.0
chr16	67611157	67611159	CTCF_X3D	8571	2747	2642	2208.0	1819	2364	2491.0
chr16	67611159	67611161	CTCF_X3D	3618	1098	1110	1035.0	679	846	960.0
chr16	67611160	67611162	CTCF_X3D	2794	684	852	635.0	430	704	674.0
chr16	67611161	67611163	CTCF_X3D	2899	1194	798	870.0	910	620	1052.0
chr16	67611162	67611164	CTCF_X3D	10380	3190	3238	2875.0	2454	3449	3276.0
chr16	67611165	67611167	CTCF_X3D	6489	1797	1955	1842.0	1406	1844	2330.0
chr16	67611167	67611169	CTCF_X3D	4097	987	1248	1124.0	611	1271	1124.0
chr16	67611168	67611170	CTCF_X3D	3218	971	795	795.0	446	617	771.0
chr16	67611169	67611171	CTCF_X3D	4648	1305	1482	1296.0	1007	1544	1333.0
chr16	67611171	67611173	CTCF_X3D	2984	711	687	809.0	597	863	1012.0
chr16	67611172	67611174	CTCF_X3D	6188	1816	1649	1534.0	1498	1261	1906.0
chr16	67611174	67611176	CTCF_X3D	2756	895	1031	588.0	762	676	751.0
chr16	67611175	67611177	CTCF_X3D	3560	909	1033	831.0	800	851	777.0
chr16	67611176	67611178	CTCF_X3D	7619	2242	1934	1991.0	1248	1620	1751.0
chr16	67611179	67611181	CTCF_X3D	2467	363	916	565.0	247	708	711.0
chr16	67611180	67611182	CTCF_X3D	2435	697	609	917.0	567	613	740.0
chr16	67611181	67611183	CTCF_X3D	2671	667	557	684.0	432	354	730.0
chr16	67611182	67611184	CTCF_X3D	2841	661	931	925.0	621	875	963.0
chr16	67611183	67611185	CTCF_X3D	6149	2084	1749	1673.0	1192	1668	1695.0
chr16	67611185	67611187	CTCF_X3D	1555	310	437	701.0	204	351	538.0
chr16	67611186	67611188	CTCF_X3D	2607	599	718	660.0	341	914	746.0
chr16	67611187	67611189	CTCF_X3D	2919	744	814	699.0	684	679	821.0
chr16	67611188	67611190	CTCF_X3D	2295	531	645	618.0	449	839	651.0
chr16	67611189	67611191	CTCF_X3D	5794	1168	1649	1359.0	973	1543	1023.0
chr16	67611191	67611193	CTCF_X3D	2834	752	1028	705.0	515	646	834.0
chr16	67611192	67611194	CTCF_X3D	5615	1466	2090	1567.0	982	1577	1588.0
chr16	67611194	67611196	CTCF_X3D	2635	838	860	919.0	806	821	1026.0
chr16	67611195	67611197	CTCF_X3D	2457	653	795	642.0	489	724	868.0
chr16	67611196	67611198	CTCF_X3D	2611	484	722	782.0	578	524	845.0
chr16	67611197	67611199	CTCF_X3D	2358	590	722	878.0	705	629	799.0
chr16	67611198	67611200	CTCF_X3D	2952	951	1014	844.0	709	579	943.0
chr16	67611200	67611202	CTCF_X3D	3525	848	897	1037.0	677	834	1471.0
chr16	67611201	67611203	CTCF_X3D	2529	497	865	764.0	379	714	689.0
chr16	67611203	67611205	CTCF_X3D	2751	703	930	795.0	564	616	896.0
chr16	67611204	67611206	CTCF_X3D	3066	887	1093	998.0	573	694	1008.0
chr16	67611205	67611207	CTCF_X3D	2859	717	651	718.0	733	578	876.0
chr16	67611206	67611208	CTCF_X3D	2709	912	762	561.0	803	815	493.0
chr16	67611207	67611209	CTCF_X3D	7133	1487	1780	1849.0	984	1648	1499.0
chr16	67611210	67611212	CTCF_X3D	4757	1234	663	1023.0	787	820	1053.0
chr16	67611212	67611214	CTCF_X3D	5015	836	1080	932.0	582	639	932.0
chr16	67611214	67611216	CTCF_X3D	5841	902	858	828.0	648	788	761.0
chr16	67611217	67611219	CTCF_X3D	2041	203	392	372.0	147	259	354.0
chr16	67611218	67611220	CTCF_X3D	3984	625	571	658.0	450	629	799.0
chr16	67611220	67611222	CTCF_X3D	2474	271	435	377.0	203	380	307.0
chr16	67611221	67611223	CTCF_X3D	2122	575	156	219.0	566	124	190.0
chr16	67611222	67611224	CTCF_X3D	6079	751	651	919.0	464	508	749.0
chr16	67611225	67611227	CTCF_X3D	12387	1570	1582	1390.0	1441	1374	1725.0
chr16	67611230	67611232	CTCF_X3D	2874	409	273	354.0	230	538	324.0
chr16	67611341	67611343	CTCF_X3F	2751	498	641	782.0	568	538	691.0
chr16	67611342	67611344	CTCF_X3F	2860	818	782	904.0	739	421	591.0
chr16	67611343	67611345	CTCF_X3F	3257	727	1014	1266.0	507	664	326.0
chr16	67611344	67611346	CTCF_X3F	2892	670	837	1029.0	437	414	757.0
chr16	67611345	67611347	CTCF_X3F	1690	248	433	461.0	233	174	349.0
chr16	67611346	67611348	CTCF_X3F	1236	188	269	378.0	74	167	323.0
chr16	67611347	67611349	CTCF_X3F	1384	418	276	629.0	614	199	561.0
chr16	67611348	67611350	CTCF_X3F	1432	417	390	540.0	439	253	277.0
chr16	67611349	67611351	CTCF_X3F	3384	816	1024	962.0	565	480	517.0
chr16	67611351	67611353	CTCF_X3F	2190	546	841	688.0	315	369	774.0
chr16	67611352	67611354	CTCF_X3F	4638	1127	1034	1400.0	769	681	865.0
chr16	67611354	67611356	CTCF_X3F	5961	1468	1361	1924.0	927	748	1454.0
chr16	67611357	67611359	CTCF_X3F	4726	1097	1233	1255.0	938	515	732.0
chr16	67611359	67611361	CTCF_X3F	2698	888	615	872.0	1008	590	612.0
chr16	67611360	67611362	CTCF_X3F	2102	415	586	853.0	349	279	556.0
chr16	67611361	67611363	CTCF_X3F	2154	569	591	775.0	474	410	470.0
chr16	67611362	67611364	CTCF_X3F	2232	388	610	801.0	580	311	987.0
chr16	67611363	67611365	CTCF_X3F	4008	900	1205	1252.0	608	660	1062.0
chr16	67611365	67611367	CTCF_X3F	3304	842	1138	1025.0	664	410	628.0
chr16	67611366	67611368	CTCF_X3F	4907	1521	1444	1767.0	1154	820	1494.0
chr16	67611368	67611370	CTCF_X3F	6542	1900	1860	2576.0	2073	1421	2036.0
chr16	67611371	67611373	CTCF_X3F	2227	466	813	873.0	481	423	824.0
chr16	67611372	67611374	CTCF_X3F	2312	593	929	795.0	945	497	1005.0
chr16	67611373	67611375	CTCF_X3F	6030	1607	1774	2059.0	1896	1246	1594.0
chr16	67611375	67611377	CTCF_X3F	2796	706	833	1405.0	714	933	1053.0
chr16	67611376	67611378	CTCF_X3F	3756	931	1566	1460.0	1629	1102	1312.0
chr16	67611377	67611379	CTCF_X3F	2859	516	1186	1168.0	660	640	1260.0
chr16	67611378	67611380	CTCF_X3F	2204	521	652	802.0	1018	451	547.0
chr16	67611379	67611381	CTCF_X3F	4437	1089	1562	1656.0	1095	1360	2099.0
chr16	67611381	67611383	CTCF_X3F	1819	392	694	713.0	992	657	588.0
chr16	67611382	67611384	CTCF_X3F	7319	1844	2855	2918.0	2137	2271	2722.0
chr16	67611385	67611387	CTCF_X3F	4414	1309	1592	1887.0	1949	1748	1682.0
chr16	67611387	67611389	CTCF_X3F	2454	764	788	1042.0	1034	534	1241.0
chr16	67611388	67611390	CTCF_X3F	1573	268	598	711.0	1234	442	970.0
chr16	67611389	67611391	CTCF_X3F	5331	2511	2602	2850.0	3462	2093	3405.0
chr16	67611391	67611393	CTCF_X3F	7176	2784	3577	4056.0	4514	3248	5036.0
chr16	67611394	67611396	CTCF_X3F	1791	689	897	1167.0	1105	1041	1396.0
chr16	67611395	67611397	CTCF_X3F	1515	676	887	785.0	854	843	1317.0
chr16	67611396	67611398	CTCF_X3F	1645	714	791	1165.0	1065	1129	1296.0
chr16	67611398	67611400	CTCF_X3F	2594	1025	1465	1837.0	2220	1747	1918.0
chr16	67611399	67611401	CTCF_X3F	5030	1818	2644	4066.0	4190	3189	5375.0
chr16	67611401	67611403	CTCF_X3F	4562	1758	2755	3478.0	3352	3384	5312.0
chr16	67611404	67611406	CTCF_X3F	3759	1680	1752	1829.0	366	122	347.0
chr16	67611405	67611407	CTCF_X3F	2321	467	1157	1280.0	122	85	55.0
chr16	67611406	67611408	CTCF_X3F	2726	1197	1342	1635.0	2659	2015	2605.0
chr16	67611407	67611409	CTCF_X3F	7516	3120	4699	4579.0	7649	4982	7924.0
chr16	67611410	67611412	CTCF_X3F	4217	1667	1793	2518.0	4307	2784	3812.0
chr16	67611412	67611414	CTCF_X3F	2122	801	1140	1506.0	2128	1436	1878.0
chr16	67611413	67611415	CTCF_X3F	2131	907	1336	1482.0	2814	1438	2112.0
chr16	67611414	67611416	CTCF_X3F	2016	996	712	1146.0	1902	1145	1839.0
chr16	67611415	67611417	CTCF_X3F	2932	1498	1288	2146.0	2340	1729	3297.0
chr16	67611416	67611418	CTCF_X3F	2674	1011	1366	1515.0	2480	1459	2666.0
chr16	67611417	67611419	CTCF_X3F	3387	1332	1504	2097.0	2894	1712	2996.0
chr16	67611419	67611421	CTCF_X3F	6283	2522	3848	3966.0	4933	4369	6002.0
chr16	67611424	67611426	CTCF_X3F	5714	2753	2620	3624.0	6652	3888	6598.0
chr16	67611426	67611428	CTCF_X3F	2863	1478	1679	2146.0	3042	2072	2907.0
chr16	67611427	67611429	CTCF_X3F	9554	4550	5282	6182.0	8939	6760	9414.0
chr16	67611431	67611433	CTCF_X3F	5050	2325	2869	3347.0	5119	3828	5499.0
chr16	67611433	67611435	CTCF_X3F	2319	984	851	1088.0	1622	1380	1863.0
chr16	67611434	67611436	CTCF_X3F	2491	1014	1391	1703.0	2026	1957	3266.0
chr16	67611435	67611437	CTCF_X3F	2310	1140	997	1660.0	2193	1432	2722.0
chr16	67611436	67611438	CTCF_X3F	11620	5992	7553	7925.0	10671	8016	12092.0
chr16	67611441	67611443	CTCF_X3F	6198	2838	3381	4259.0	5492	4472	6476.0
chr16	67611444	67611446	CTCF_X3F	992	556	541	709.0	856	772	632.0
chr16	67611445	67611447	CTCF_X3F	5642	2863	3671	3953.0	5267	4003	6511.0
chr16	67611448	67611450	CTCF_X3F	4518	1825	2413	3158.0	3999	3058	5054.0
chr16	67611450	67611452	CTCF_X3F	1517	870	891	906.0	1726	862	1430.0
chr16	67611451	67611453	CTCF_X3F	2731	1386	1243	1762.0	2512	1524	2980.0
chr16	67611453	67611455	CTCF_X3F	1889	896	1015	1042.0	1473	1316	1555.0
chr16	67611454	67611456	CTCF_X3F	4627	2327	2519	3143.0	4225	2963	4608.0
chr16	67611434	67611436	CTCF_X3G	988	972	678		1649	1370	
chr16	67611435	67611437	CTCF_X3G	754	710	434		501	585	
chr16	67611436	67611438	CTCF_X3G	2384	2215	1495		2526	2812	
chr16	67611441	67611443	CTCF_X3G	3448	2374	1930		3339	3675	
chr16	67611444	67611446	CTCF_X3G	1509	1253	725		536	1080	
chr16	67611445	67611447	CTCF_X3G	3883	2859	2380		4140	4106	
chr16	67611448	67611450	CTCF_X3G	3106	2624	1633		2925	2173	
chr16	67611450	67611452	CTCF_X3G	1320	1156	928		1197	1620	
chr16	67611451	67611453	CTCF_X3G	2524	2146	1297		2473	1896	
chr16	67611453	67611455	CTCF_X3G	1332	1129	686		1100	946	
chr16	67611454	67611456	CTCF_X3G	4318	3984	2746		4395	3930	
chr16	67611457	67611459	CTCF_X3G	3780	3287	2341		5110	4630	
chr16	67611459	67611461	CTCF_X3G	1791	1644	1195		1696	1448	
chr16	67611460	67611462	CTCF_X3G	2690	2607	1333		2122	1719	
chr16	67611462	67611464	CTCF_X3G	1784	1569	925		2172	1538	
chr16	67611463	67611465	CTCF_X3G	1807	1250	1132		1895	1953	
chr16	67611464	67611466	CTCF_X3G	2110	1946	1361		2652	2881	
chr16	67611465	67611467	CTCF_X3G	1880	1850	1433		1326	2043	
chr16	67611466	67611468	CTCF_X3G	3986	3282	2239		3706	2870	
chr16	67611468	67611470	CTCF_X3G	2444	1902	1526		2180	2186	
chr16	67611469	67611471	CTCF_X3G	2094	1704	1109		2094	1459	
chr16	67611470	67611472	CTCF_X3G	2218	1723	1371		1800	2658	
chr16	67611471	67611473	CTCF_X3G	1851	1240	983		1118	1815	
chr16	67611473	67611475	CTCF_X3G	2254	1797	966		2546	2044	
chr16	67611474	67611476	CTCF_X3G	2579	1490	1436		423	340	
chr16	67611476	67611478	CTCF_X3G	1698	1402	801		1559	1645	
chr16	67611477	67611479	CTCF_X3G	9483	7951	5823		9837	10835	
chr16	67611484	67611486	CTCF_X3G	2582	2023	1121		2471	2658	
chr16	67611485	67611487	CTCF_X3G	2532	1949	1683		1512	2259	
chr16	67611486	67611488	CTCF_X3G	2630	1908	1384		2571	2768	
chr16	67611487	67611489	CTCF_X3G	1944	1024	1307		1725	1642	
chr16	67611488	67611490	CTCF_X3G	3228	2758	1394		2405	2472	
chr16	67611490	67611492	CTCF_X3G	3824	3266	2103		4998	3812	
chr16	67611492	67611494	CTCF_X3G	1714	1361	863		1850	1495	
chr16	67611493	67611495	CTCF_X3G	2954	2257	1317		3285	1702	
chr16	67611495	67611497	CTCF_X3G	2490	1664	1124		1583	1833	
chr16	67611496	67611498	CTCF_X3G	3581	3138	2129		2463	3068	
chr16	67611498	67611500	CTCF_X3G	2025	1360	1058		976	1269	
chr16	67611499	67611501	CTCF_X3G	2342	1571	1266		1975	2510	
chr16	67611500	67611502	CTCF_X3G	2086	1197	1107		757	1319	
chr16	67611501	67611503	CTCF_X3G	1935	1173	890		684	937	
chr16	67611502	67611504	CTCF_X3G	1979	1323	834		1268	1187	
chr16	67611503	67611505	CTCF_X3G	1557	671	832		1145	1451	
chr16	67611504	67611506	CTCF_X3G	1528	1232	888		742	819	
chr16	67611505	67611507	CTCF_X3G	2184	1878	861		1247	1136	
chr16	67611506	67611508	CTCF_X3G	1837	1124	805		503	821	
chr16	67611507	67611509	CTCF_X3G	3683	2427	1698		1928	2219	
chr16	67611511	67611513	CTCF_X3G	4868	3022	2544		3029	3234	
chr16	67611512	67611514	CTCF_X3G	1823	889	832		375	993	
chr16	67611513	67611515	CTCF_X3G	2656	1473	1313		1062	1054	
chr16	67611515	67611517	CTCF_X3G	1992	848	541		245	127	
chr16	67611516	67611518	CTCF_X3G	1746	949	483		333	317	
chr16	67611520	67611522	CTCF_X3G	7387	4242	3268		4495	3488	
chr16	67611524	67611526	CTCF_X3G	4127	2543	1911		2444	3493	
chr16	67611526	67611528	CTCF_X3G	8145	4831	3827		5652	5897	
chr16	67611530	67611532	CTCF_X3G	6740	3932	3021		4555	3471	
chr16	67611534	67611536	CTCF_X3G	1603	1126	759		558	605	
chr16	67611535	67611537	CTCF_X3G	1937	1296	866		970	1483	
chr16	67611536	67611538	CTCF_X3G	1483	850	717		952	989	
chr16	67611537	67611539	CTCF_X3G	1791	903	961		1497	1076	
chr16	67611538	67611540	CTCF_X3G	4973	2919	2219		2976	2981	
chr16	67611541	67611543	CTCF_X3G	1643	753	563		604	697	
chr16	67611542	67611544	CTCF_X3G	1661	663	478		756	470	
chr16	67611543	67611545	CTCF_X3G	3534	1970	1592		2119	2111	
chr16	67611545	67611547	CTCF_X3G	1420	513	294		31	12	
chr16	67611546	67611548	CTCF_X3G	1456	622	379		711	431	
chr16	67611547	67611549	CTCF_X3G	3605	1705	1185		1117	2071	
chr16	67611549	67611551	CTCF_X3G	3410	1608	1087		1702	1758	
chr16	67611928	67611930	CTCF_X4A	4779	792	1202	806.0	1577	1551	1837.0
chr16	67611929	67611931	CTCF_X4A	5742	1081	1473	1136.0	1797	1860	2583.0
chr16	67611930	67611932	CTCF_X4A	4769	844	1228	864.0	1864	1355	1901.0
chr16	67611931	67611933	CTCF_X4A	4209	900	912	756.0	1243	1193	1977.0
chr16	67611932	67611934	CTCF_X4A	4583	674	889	754.0	1509	1068	1780.0
chr16	67611934	67611936	CTCF_X4A	5593	1124	1269	1035.0	2591	1602	2348.0
chr16	67611936	67611938	CTCF_X4A	6407	1300	1624	1099.0	2663	1955	2415.0
chr16	67611939	67611941	CTCF_X4A	4636	682	1145	889.0	1357	1230	1411.0
chr16	67611941	67611943	CTCF_X4A	2421	463	567	404.0	1086	616	871.0
chr16	67611942	67611944	CTCF_X4A	2442	302	574	317.0	682	632	780.0
chr16	67611943	67611945	CTCF_X4A	1668	235	351	236.0	509	522	639.0
chr16	67611944	67611946	CTCF_X4A	1940	399	511	313.0	612	600	633.0
chr16	67611945	67611947	CTCF_X4A	2343	448	323	522.0	898	611	932.0
chr16	67611946	67611948	CTCF_X4A	2713	533	625	463.0	993	760	999.0
chr16	67611947	67611949	CTCF_X4A	2074	277	350	359.0	346	273	427.0
chr16	67611948	67611950	CTCF_X4A	1343	231	245	162.0	106	77	92.0
chr16	67611949	67611951	CTCF_X4A	2582	595	639	405.0	594	300	324.0
chr16	67611950	67611952	CTCF_X4A	3612	579	605	636.0	1140	1020	1321.0
chr16	67611952	67611954	CTCF_X4A	2829	486	638	616.0	824	881	1226.0
chr16	67611953	67611955	CTCF_X4A	1701	488	448	301.0	669	489	677.0
chr16	67611954	67611956	CTCF_X4A	1249	257	277	270.0	389	319	663.0
chr16	67611955	67611957	CTCF_X4A	1378	172	243	176.0	545	411	664.0
chr16	67611956	67611958	CTCF_X4A	8378	1438	1987	1975.0	2759	2542	3272.0
chr16	67611961	67611963	CTCF_X4A	2437	514	653	476.0	947	877	878.0
chr16	67611962	67611964	CTCF_X4A	2026	444	480	600.0	737	598	857.0
chr16	67611963	67611965	CTCF_X4A	2635	629	799	523.0	938	1031	1185.0
chr16	67611964	67611966	CTCF_X4A	1833	235	519	397.0	496	492	461.0
chr16	67611965	67611967	CTCF_X4A	1448	315	312	299.0	331	407	541.0
chr16	67611966	67611968	CTCF_X4A	2034	419	559	165.0	111	113	66.0
chr16	67611967	67611969	CTCF_X4A	1835	412	397	336.0	632	512	818.0
chr16	67611968	67611970	CTCF_X4A	1940	401	416	353.0	679	411	885.0
chr16	67611969	67611971	CTCF_X4A	2019	516	464	589.0	620	522	662.0
chr16	67611970	67611972	CTCF_X4A	2311	506	627	576.0	647	630	863.0
chr16	67611972	67611974	CTCF_X4A	1922	323	331	335.0	66	77	163.0
chr16	67611973	67611975	CTCF_X4A	1522	325	314	329.0	497	371	503.0
chr16	67611975	67611977	CTCF_X4A	2274	420	384	517.0	647	533	949.0
chr16	67611976	67611978	CTCF_X4A	2231	514	654	497.0	992	728	972.0
chr16	67611977	67611979	CTCF_X4A	2117	528	489	500.0	798	602	806.0
chr16	67611978	67611980	CTCF_X4A	1773	468	571	449.0	703	518	854.0
chr16	67611979	67611981	CTCF_X4A	2371	599	953	710.0	958	931	1110.0
chr16	67611980	67611982	CTCF_X4A	2018	574	879	523.0	818	690	943.0
chr16	67611981	67611983	CTCF_X4A	4299	1219	1644	1278.0	1916	1464	2392.0
chr16	67611983	67611985	CTCF_X4A	1742	765	750	484.0	662	678	950.0
chr16	67611984	67611986	CTCF_X4A	2877	778	1193	831.0	1263	1114	1489.0
chr16	67611985	67611987	CTCF_X4A	1730	616	638	452.0	799	584	859.0
chr16	67611986	67611988	CTCF_X4A	1852	434	665	644.0	997	969	976.0
chr16	67611987	67611989	CTCF_X4A	2325	761	997	807.0	971	1003	1320.0
chr16	67611988	67611990	CTCF_X4A	1835	556	622	607.0	133	89	89.0
chr16	67611989	67611991	CTCF_X4A	2141	525	791	612.0	902	684	1251.0
chr16	67611990	67611992	CTCF_X4A	1664	496	643	598.0	844	680	856.0
chr16	67611991	67611993	CTCF_X4A	1827	560	863	630.0	826	884	804.0
chr16	67611992	67611994	CTCF_X4A	2761	1022	1152	915.0	1123	1066	1277.0
chr16	67611993	67611995	CTCF_X4A	1801	566	651	568.0	855	637	1061.0
chr16	67611994	67611996	CTCF_X4A	1713	372	510	407.0	90	71	222.0
chr16	67611995	67611997	CTCF_X4A	4033	1174	1738	1430.0	1755	1463	2008.0
chr16	67611997	67611999	CTCF_X4A	1855	624	923	613.0	823	883	902.0
chr16	67611998	67612000	CTCF_X4A	6713	2249	3171	2200.0	3243	2633	3572.0
chr16	67612002	67612004	CTCF_X4A	2000	446	533	543.0	697	528	1033.0
chr16	67612003	67612005	CTCF_X4A	1726	415	517	327.0	737	475	959.0
chr16	67612004	67612006	CTCF_X4A	1784	284	558	473.0	603	757	860.0
chr16	67612005	67612007	CTCF_X4A	2145	520	716	594.0	701	564	791.0
chr16	67612006	67612008	CTCF_X4A	2167	552	849	586.0	944	669	1090.0
chr16	67612007	67612009	CTCF_X4A	2592	743	603	701.0	934	582	1338.0
chr16	67612008	67612010	CTCF_X4A	2627	447	983	636.0	761	922	1109.0
chr16	67612009	67612011	CTCF_X4A	2052	554	730	475.0	859	531	710.0
chr16	67612010	67612012	CTCF_X4A	2215	446	823	614.0	756	589	855.0
chr16	67612011	67612013	CTCF_X4A	2574	531	788	459.0	719	618	812.0
chr16	67612012	67612014	CTCF_X4A	2386	540	660	508.0	507	811	820.0
chr16	67612013	67612015	CTCF_X4A	2927	552	837	492.0	768	827	747.0
chr16	67612014	67612016	CTCF_X4A	2648	540	449	552.0	776	521	665.0
chr16	67612015	67612017	CTCF_X4A	6450	988	1219	1321.0	1385	1560	1615.0
chr16	67612018	67612020	CTCF_X4A	2482	338	549	389.0	527	502	694.0
chr16	67612019	67612021	CTCF_X4A	2490	462	466	437.0	620	284	705.0
chr16	67612020	67612022	CTCF_X4A	2397	446	357	355.0	671	395	695.0
chr16	67612021	67612023	CTCF_X4A	3466	324	631	432.0	593	436	689.0
chr16	67612022	67612024	CTCF_X4A	6218	807	1151	621.0	1330	1086	1153.0
chr16	67612024	67612026	CTCF_X4A	3363	619	485	458.0	667	494	727.0
chr16	67612025	67612027	CTCF_X4A	6202	1110	1385	1176.0	1589	1252	2035.0
chr16	67612027	67612029	CTCF_X4A	1949	330	441	256.0	366	338	509.0
chr16	67612028	67612030	CTCF_X4A	2322	270	535	404.0	646	386	847.0
chr16	67612029	67612031	CTCF_X4A	3026	705	602	521.0	745	643	627.0
chr16	67612030	67612032	CTCF_X4A	4498	761	1021	737.0	1378	893	982.0
chr16	67612032	67612034	CTCF_X4A	2428	311	521	320.0	689	548	608.0
chr16	67612033	67612035	CTCF_X4A	1390	365	205	261.0	342	284	470.0
chr16	67612034	67612036	CTCF_X4A	1866	369	489	324.0	481	300	459.0
chr16	67612035	67612037	CTCF_X4A	1709	203	377	309.0	336	383	447.0
chr16	67612036	67612038	CTCF_X4A	5302	1035	973	1013.0	1396	1085	1403.0
chr16	67612029	67612031	CTCF_X4B	2142	1042	1055	800.0	1663	1130	1372.0
chr16	67612030	67612032	CTCF_X4B	1679	939	610	767.0	1546	970	947.0
chr16	67612032	67612034	CTCF_X4B	1818	910	832	667.0	1534	1083	924.0
chr16	67612036	67612038	CTCF_X4B	1590	778	695	656.0	1204	765	589.0
chr16	67612040	67612042	CTCF_X4B	2655	1548	779	1595.0	2064	1575	1721.0
chr16	67612041	67612043	CTCF_X4B	1649	955	868	793.0	1374	937	931.0
chr16	67612042	67612044	CTCF_X4B	2713	1368	1056	1525.0	2320	1795	1830.0
chr16	67612043	67612045	CTCF_X4B	2246	1439	848	936.0	1988	1015	1081.0
chr16	67612044	67612046	CTCF_X4B	1754	807	764	800.0	1564	932	1030.0
chr16	67612045	67612047	CTCF_X4B	6525	3021	2755	2882.0	5308	3906	3472.0
chr16	67612048	67612050	CTCF_X4B	1572	929	637	931.0	1193	856	858.0
chr16	67612049	67612051	CTCF_X4B	2641	1378	1304	1242.0	2381	1287	1308.0
chr16	67612050	67612052	CTCF_X4B	4203	2078	1482	2094.0	3313	2457	2725.0
chr16	67612052	67612054	CTCF_X4B	2276	1334	981	1203.0	1952	1310	1388.0
chr16	67612053	67612055	CTCF_X4B	1850	951	813	1086.0	731	632	482.0
chr16	67612054	67612056	CTCF_X4B	3024	1503	1003	1889.0	1092	553	901.0
chr16	67612055	67612057	CTCF_X4B	2285	1332	905	1062.0	684	326	376.0
chr16	67612056	67612058	CTCF_X4B	2836	1494	1210	1443.0	1010	626	626.0
chr16	67612057	67612059	CTCF_X4B	1848	977	580	1043.0	1696	1173	1368.0
chr16	67612058	67612060	CTCF_X4B	4919	2343	1804	2647.0	4971	3204	3649.0
chr16	67612060	67612062	CTCF_X4B	1695	765	634	773.0	1246	816	1181.0
chr16	67612061	67612063	CTCF_X4B	1922	910	631	1036.0	1628	808	909.0
chr16	67612062	67612064	CTCF_X4B	2245	724	892	1268.0	758	445	431.0
chr16	67612063	67612065	CTCF_X4B	1837	665	576	1092.0	716	243	507.0
chr16	67612064	67612066	CTCF_X4B	2198	1143	923	1090.0	721	539	451.0
chr16	67612065	67612067	CTCF_X4B	3596	1810	1421	2069.0	1367	757	946.0
chr16	67612067	67612069	CTCF_X4B	2195	1235	665	1119.0	827	336	456.0
chr16	67612068	67612070	CTCF_X4B	4030	1930	1241	1754.0	1664	637	1066.0
chr16	67612070	67612072	CTCF_X4B	2061	889	652	749.0	642	253	434.0
chr16	67612071	67612073	CTCF_X4B	1934	1139	770	1017.0	520	380	454.0
chr16	67612072	67612074	CTCF_X4B	1937	1216	727	943.0	505	454	258.0
chr16	67612073	67612075	CTCF_X4B	2240	1232	839	1176.0	577	300	644.0
chr16	67612074	67612076	CTCF_X4B	2948	1510	1047	1490.0	670	425	443.0
chr16	67612075	67612077	CTCF_X4B	2473	1396	881	1177.0	733	465	486.0
chr16	67612076	67612078	CTCF_X4B	2210	928	819	1020.0	645	454	360.0
chr16	67612077	67612079	CTCF_X4B	2698	1070	1204	1361.0	321	175	136.0
chr16	67612078	67612080	CTCF_X4B	2146	1133	913	1103.0	743	397	591.0
chr16	67612079	67612081	CTCF_X4B	4902	3010	2656	2795.0	3242	2050	2446.0
chr16	67612081	67612083	CTCF_X4B	4805	2268	2240	2822.0	2563	2143	2108.0
chr16	67612083	67612085	CTCF_X4B	2277	1225	1098	1404.0	1510	749	990.0
chr16	67612084	67612086	CTCF_X4B	1571	924	803	818.0	1050	812	714.0
chr16	67612085	67612087	CTCF_X4B	2049	1193	793	1170.0	1650	1177	989.0
chr16	67612086	67612088	CTCF_X4B	2195	1209	851	823.0	1881	1157	924.0
chr16	67612087	67612089	CTCF_X4B	1590	1029	842	1023.0	1448	865	725.0
chr16	67612089	67612091	CTCF_X4B	2348	198	58	79.0	267	132	184.0
chr16	67612090	67612092	CTCF_X4B	2076	1580	1163	1393.0	1494	1195	1370.0
chr16	67612094	67612096	CTCF_X4B	2335	1530	1312	1611.0	2189	1666	1683.0
chr16	67612095	67612097	CTCF_X4B	1883	1538	1058	1578.0	1410	1063	1211.0
chr16	67612096	67612098	CTCF_X4B	8044	5708	4258	6140.0	5961	3961	3973.0
chr16	67612099	67612101	CTCF_X4B	1915	1342	1013	1603.0	1208	721	731.0
chr16	67612100	67612102	CTCF_X4B	2586	1705	1145	1384.0	2028	1634	1342.0
chr16	67612101	67612103	CTCF_X4B	5031	3535	2218	3308.0	974	498	609.0
chr16	67612103	67612105	CTCF_X4B	4868	2433	2410	3328.0	865	511	755.0
chr16	67612105	67612107	CTCF_X4B	1572	1074	642	887.0	587	166	344.0
chr16	67612106	67612108	CTCF_X4B	2318	1278	996	1168.0	579	438	371.0
chr16	67612107	67612109	CTCF_X4B	1642	1127	720	1122.0	752	286	337.0
chr16	67612108	67612110	CTCF_X4B	2562	1326	1367	1708.0	793	609	762.0
chr16	67612109	67612111	CTCF_X4B	4425	1744	1270	1764.0	1170	639	766.0
chr16	67612111	67612113	CTCF_X4B	2102	1144	693	960.0	674	435	393.0
chr16	67612112	67612114	CTCF_X4B	2165	611	438	566.0	430	212	330.0
chr16	67612113	67612115	CTCF_X4B	1654	443	294	455.0	306	206	155.0
chr16	67612114	67612116	CTCF_X4B	1780	602	393	400.0	453	257	188.0
chr16	67612115	67612117	CTCF_X4B	2062	619	473	703.0	416	217	304.0
chr16	67612116	67612118	CTCF_X4B	1828	435	472	483.0	364	241	368.0
chr16	67612117	67612119	CTCF_X4B	2135	566	311	661.0	502	109	191.0
chr16	67612118	67612120	CTCF_X4B	2427	511	547	788.0	489	332	385.0
chr16	67612119	67612121	CTCF_X4B	1868	309	277	550.0	134	29	186.0
chr16	67612120	67612122	CTCF_X4B	1838	516	193	371.0	48	25	98.0
chr16	67612121	67612123	CTCF_X4B	2800	578	345	598.0	236	140	105.0
chr16	67612123	67612125	CTCF_X4B	5470	1771	1231	1693.0	3636	2431	2109.0
chr16	67612126	67612128	CTCF_X4B	2110	699	420	474.0	1084	797	769.0
chr16	67612127	67612129	CTCF_X4B	1498	562	278	360.0	971	571	514.0
chr16	67612128	67612130	CTCF_X4B	1623	702	360	471.0	766	662	662.0
chr16	67612129	67612131	CTCF_X4B	3616	1053	880	1100.0	1727	1380	1441.0
chr16	67612131	67612133	CTCF_X4B	7945	2540	1856	2439.0	3953	3031	3470.0
chr16	67612134	67612136	CTCF_X4B	1344	350	283	364.0	622	526	398.0
chr16	67612135	67612137	CTCF_X4B	2246	695	455	586.0	1041	887	1132.0
chr16	67612136	67612138	CTCF_X4B	5746	1617	1103	1520.0	3187	1908	2360.0
chr16	67612139	67612141	CTCF_X4B	2269	660	423	282.0	1070	656	658.0
chr16	67612140	67612142	CTCF_X4B	6192	1326	1230	1542.0	2650	1815	2223.0
chr16	67612143	67612145	CTCF_X4B	1869	561	356	377.0	683	631	439.0
chr16	67612144	67612146	CTCF_X4B	359	147	85	59.0	194	91	162.0
chr16	67616719	67616721	CTCF_X5A	5164	3004	2089	2218.0	8128	5905	5516.0
chr16	67616723	67616725	CTCF_X5A	3172	1943	1133	1241.0	4698	3468	3793.0
chr16	67616725	67616727	CTCF_X5A	1881	1211	710	856.0	3335	2500	2143.0
chr16	67616726	67616728	CTCF_X5A	3861	2214	1786	1826.0	6241	5277	4064.0
chr16	67616728	67616730	CTCF_X5A	3824	2530	1683	1789.0	6385	5669	4936.0
chr16	67616730	67616732	CTCF_X5A	2456	1760	1094	1145.0	4035	2892	2823.0
chr16	67616731	67616733	CTCF_X5A	3822	2701	1609	1881.0	6759	4835	4613.0
chr16	67616733	67616735	CTCF_X5A	4153	2992	2010	1906.0	7414	5410	5382.0
chr16	67616735	67616737	CTCF_X5A	1848	1275	939	665.0	2783	2679	2080.0
chr16	67616736	67616738	CTCF_X5A	1518	1023	626	648.0	2252	1758	1745.0
chr16	67616737	67616739	CTCF_X5A	3693	2261	1530	1706.0	5548	4988	4606.0
chr16	67616739	67616741	CTCF_X5A	2004	1260	757	1028.0	3485	2225	2324.0
chr16	67616740	67616742	CTCF_X5A	1741	1059	652	740.0	2998	1981	2204.0
chr16	67616741	67616743	CTCF_X5A	2066	1081	569	839.0	262	129	87.0
chr16	67616742	67616744	CTCF_X5A	1636	954	616	462.0	113	113	90.0
chr16	67616743	67616745	CTCF_X5A	1973	989	649	853.0	293	103	73.0
chr16	67616744	67616746	CTCF_X5A	2232	1337	770	956.0	277	150	172.0
chr16	67616745	67616747	CTCF_X5A	1741	1080	773	1029.0	925	770	1122.0
chr16	67616746	67616748	CTCF_X5A	3550	2641	1538	1704.0	2664	2283	2201.0
chr16	67616748	67616750	CTCF_X5A	1864	1066	642	904.0	773	582	470.0
chr16	67616749	67616751	CTCF_X5A	5735	3039	2344	2566.0	2290	1903	1532.0
chr16	67616752	67616754	CTCF_X5A	5352	3876	2573	2349.0	3682	2985	2941.0
chr16	67616755	67616757	CTCF_X5A	1775	866	729	1036.0	630	312	362.0
chr16	67616756	67616758	CTCF_X5A	2539	1689	1291	1097.0	977	572	667.0
chr16	67616757	67616759	CTCF_X5A	4103	2798	1785	1721.0	924	614	599.0
chr16	67616759	67616761	CTCF_X5A	2106	1472	946	926.0	384	328	294.0
chr16	67616760	67616762	CTCF_X5A	2007	1286	773	969.0	368	150	79.0
chr16	67616761	67616763	CTCF_X5A	2099	1298	885	1004.0	219	76	95.0
chr16	67616762	67616764	CTCF_X5A	1996	1148	1074	924.0	193	114	171.0
chr16	67616763	67616765	CTCF_X5A	2620	1378	1138	1212.0	151	251	435.0
chr16	67616764	67616766	CTCF_X5A	1688	830	522	731.0	119	40	142.0
chr16	67616765	67616767	CTCF_X5A	2310	1323	997	1124.0	3324	2799	2654.0
chr16	67616766	67616768	CTCF_X5A	2026	1273	1067	1198.0	2604	2708	2131.0
chr16	67616767	67616769	CTCF_X5A	2086	1149	886	1088.0	1922	2018	1810.0
chr16	67616768	67616770	CTCF_X5A	2129	1306	859	965.0	2307	2025	2141.0
chr16	67616769	67616771	CTCF_X5A	1626	803	548	728.0	164	114	135.0
chr16	67616770	67616772	CTCF_X5A	4393	2614	1675	1918.0	469	428	354.0
chr16	67616772	67616774	CTCF_X5A	1540	796	666	750.0	68	168	41.0
chr16	67616773	67616775	CTCF_X5A	3481	2262	1470	1413.0	1477	1183	981.0
chr16	67616775	67616777	CTCF_X5A	1813	966	741	714.0	533	339	312.0
chr16	67616776	67616778	CTCF_X5A	2037	1256	846	844.0	456	248	277.0
chr16	67616777	67616779	CTCF_X5A	2155	1094	974	878.0	501	391	349.0
chr16	67616778	67616780	CTCF_X5A	1639	1065	688	709.0	250	266	200.0
chr16	67616779	67616781	CTCF_X5A	1729	1035	726	675.0	291	106	117.0
chr16	67616780	67616782	CTCF_X5A	1654	715	677	686.0	232	149	152.0
chr16	67616781	67616783	CTCF_X5A	1927	1237	868	925.0	147	181	116.0
chr16	67616782	67616784	CTCF_X5A	1672	975	558	624.0	208	193	227.0
chr16	67616783	67616785	CTCF_X5A	2065	952	608	738.0	208	214	212.0
chr16	67616784	67616786	CTCF_X5A	3079	1984	1140	1070.0	636	447	324.0
chr16	67616786	67616788	CTCF_X5A	1506	706	492	538.0	445	214	302.0
chr16	67616787	67616789	CTCF_X5A	1814	1032	783	845.0	515	528	444.0
chr16	67616789	67616791	CTCF_X5A	4460	2467	1949	1875.0	738	562	687.0
chr16	67616791	67616793	CTCF_X5A	1682	809	682	724.0	207	149	198.0
chr16	67616793	67616795	CTCF_X5A	2947	1544	1170	1354.0	528	333	310.0
chr16	67616795	67616797	CTCF_X5A	4020	2203	1298	1793.0	641	376	407.0
chr16	67616797	67616799	CTCF_X5A	3355	1979	1487	1487.0	1400	1330	1031.0
chr16	67616799	67616801	CTCF_X5A	1829	943	752	825.0	463	498	324.0
chr16	67616800	67616802	CTCF_X5A	1460	736	647	458.0	113	67	101.0
chr16	67616801	67616803	CTCF_X5A	1984	969	654	801.0	86	98	121.0
chr16	67616802	67616804	CTCF_X5A	4044	2617	1849	1468.0	425	436	213.0
chr16	67616804	67616806	CTCF_X5A	2326	1316	958	920.0	298	305	141.0
chr16	67616805	67616807	CTCF_X5A	2106	1531	1081	1036.0	208	134	66.0
chr16	67616806	67616808	CTCF_X5A	2527	1491	902	896.0	220	145	161.0
chr16	67616807	67616809	CTCF_X5A	3806	1879	1536	1504.0	378	321	201.0
chr16	67616809	67616811	CTCF_X5A	1533	907	562	750.0	76	82	190.0
chr16	67616810	67616812	CTCF_X5A	3967	2281	1624	1373.0	415	321	178.0
chr16	67616812	67616814	CTCF_X5A	8401	4721	3195	3767.0	2861	2394	2514.0
chr16	67616817	67616819	CTCF_X5A	1910	1101	583	848.0	423	311	282.0
chr16	67616818	67616820	CTCF_X5A	1554	781	499	801.0	861	536	690.0
chr16	67616819	67616821	CTCF_X5A	1494	679	517	466.0	731	575	535.0
chr16	67616820	67616822	CTCF_X5A	3624	1709	1284	1296.0	134	204	150.0
chr16	67616822	67616824	CTCF_X5A	2141	1239	729	1034.0	1070	675	685.0
chr16	67616823	67616825	CTCF_X5A	3742	2090	1226	1354.0	752	366	423.0
chr16	67616825	67616827	CTCF_X5A	1620	1024	689	622.0	1008	693	704.0
chr16	67616826	67616828	CTCF_X5A	1751	1052	747	669.0	86	226	143.0
chr16	67616827	67616829	CTCF_X5A	2003	956	756	885.0	756	785	603.0
chr16	67616829	67616831	CTCF_X5A	2003	1318	906	891.0	510	532	502.0
chr16	67616830	67616832	CTCF_X5A	1924	1054	658	803.0	428	325	376.0
chr16	67616832	67616834	CTCF_X5A	3284	1868	1493	1752.0	802	517	609.0
chr16	67616834	67616836	CTCF_X5A	1655	924	753	801.0	344	297	288.0
chr16	67616835	67616837	CTCF_X5A	6468	3773	2947	3285.0	741	639	686.0
chr16	67616780	67616782	CTCF_X5B	2980	1362	1606	1373.0	362	489	486.0
chr16	67616781	67616783	CTCF_X5B	2257	1090	1238	1042.0	245	319	320.0
chr16	67616782	67616784	CTCF_X5B	1580	736	695	707.0	154	140	208.0
chr16	67616783	67616785	CTCF_X5B	2415	965	821	1103.0	267	305	343.0
chr16	67616784	67616786	CTCF_X5B	3238	1430	1416	1321.0	355	464	667.0
chr16	67616786	67616788	CTCF_X5B	1622	946	854	815.0	288	272	388.0
chr16	67616787	67616789	CTCF_X5B	1701	828	1124	1142.0	390	380	445.0
chr16	67616789	67616791	CTCF_X5B	5078	2596	2383	2735.0	561	715	735.0
chr16	67616791	67616793	CTCF_X5B	2225	1124	914	1286.0	180	246	333.0
chr16	67616793	67616795	CTCF_X5B	3706	2049	1673	1938.0	325	562	578.0
chr16	67616795	67616797	CTCF_X5B	3253	1615	1934	1722.0	375	420	566.0
chr16	67616797	67616799	CTCF_X5B	3796	1903	1984	2232.0	980	1174	1535.0
chr16	67616799	67616801	CTCF_X5B	1973	935	1277	1353.0	373	409	577.0
chr16	67616800	67616802	CTCF_X5B	2235	1335	1157	1085.0	106	188	272.0
chr16	67616801	67616803	CTCF_X5B	2098	1146	1030	1208.0	142	216	276.0
chr16	67616802	67616804	CTCF_X5B	5011	2624	2384	2275.0	339	417	455.0
chr16	67616804	67616806	CTCF_X5B	2573	1186	1377	1326.0	205	360	263.0
chr16	67616805	67616807	CTCF_X5B	2209	1142	1211	951.0	175	113	197.0
chr16	67616806	67616808	CTCF_X5B	2347	1383	1309	1090.0	195	194	207.0
chr16	67616807	67616809	CTCF_X5B	5219	2599	2585	2475.0	363	276	466.0
chr16	67616809	67616811	CTCF_X5B	2225	1078	1366	1459.0	101	118	201.0
chr16	67616810	67616812	CTCF_X5B	5364	2075	2717	2477.0	316	340	410.0
chr16	67616812	67616814	CTCF_X5B	12861	5918	6990	6251.0	3073	3793	3999.0
chr16	67616817	67616819	CTCF_X5B	2457	1030	1060	1200.0	393	499	552.0
chr16	67616818	67616820	CTCF_X5B	2120	1312	1172	1117.0	769	914	1069.0
chr16	67616819	67616821	CTCF_X5B	2573	1346	1653	1579.0	1046	1349	1396.0
chr16	67616820	67616822	CTCF_X5B	5598	2588	2862	2751.0	268	329	372.0
chr16	67616822	67616824	CTCF_X5B	1806	846	989	832.0	585	664	701.0
chr16	67616823	67616825	CTCF_X5B	4983	2604	3006	3072.0	618	644	859.0
chr16	67616825	67616827	CTCF_X5B	2067	1110	1283	1239.0	858	951	1078.0
chr16	67616826	67616828	CTCF_X5B	1996	947	1265	819.0	115	180	161.0
chr16	67616827	67616829	CTCF_X5B	4425	2202	2563	2783.0	905	1130	1273.0
chr16	67616829	67616831	CTCF_X5B	3139	1917	1592	1931.0	687	820	921.0
chr16	67616830	67616832	CTCF_X5B	4809	2826	2432	2142.0	937	1124	1282.0
chr16	67616832	67616834	CTCF_X5B	5725	3063	3839	3366.0	1063	1373	1484.0
chr16	67616834	67616836	CTCF_X5B	2349	1153	1147	969.0	373	466	477.0
chr16	67616835	67616837	CTCF_X5B	8616	4252	4218	4127.0	744	900	1067.0
chr16	67616838	67616840	CTCF_X5B	2665	1480	1432	1478.0	390	457	518.0
chr16	67616839	67616841	CTCF_X5B	2577	1132	1483	1323.0	630	674	950.0
chr16	67616840	67616842	CTCF_X5B	2178	1125	1281	1224.0	564	859	724.0
chr16	67616841	67616843	CTCF_X5B	2426	1069	1132	1199.0	635	655	804.0
chr16	67616842	67616844	CTCF_X5B	2138	1123	877	978.0	152	137	180.0
chr16	67616843	67616845	CTCF_X5B	2545	1189	1057	1126.0	140	135	207.0
chr16	67616844	67616846	CTCF_X5B	2845	1164	1389	1448.0	133	206	146.0
chr16	67616845	67616847	CTCF_X5B	2358	1167	1045	956.0	66	150	124.0
chr16	67616846	67616848	CTCF_X5B	3334	1547	1621	1385.0	116	166	271.0
chr16	67616847	67616849	CTCF_X5B	2391	715	1063	1109.0	112	157	202.0
chr16	67616848	67616850	CTCF_X5B	2641	885	1153	1061.0	119	104	178.0
chr16	67616849	67616851	CTCF_X5B	5114	2464	2365	2187.0	148	331	289.0
chr16	67616851	67616853	CTCF_X5B	2036	876	908	853.0	60	81	100.0
chr16	67616852	67616854	CTCF_X5B	2508	959	1194	1189.0	428	612	644.0
chr16	67616853	67616855	CTCF_X5B	2279	1100	837	995.0	373	546	542.0
chr16	67616854	67616856	CTCF_X5B	5627	2662	2761	2585.0	1446	1591	1641.0
chr16	67616857	67616859	CTCF_X5B	2178	1004	667	1115.0	92	105	166.0
chr16	67616858	67616860	CTCF_X5B	1880	726	768	674.0	62	80	91.0
chr16	67616859	67616861	CTCF_X5B	2284	774	876	1010.0	98	138	145.0
chr16	67616860	67616862	CTCF_X5B	2956	1011	1195	1125.0	55	120	168.0
chr16	67616861	67616863	CTCF_X5B	2405	830	777	1005.0	84	79	89.0
chr16	67616862	67616864	CTCF_X5B	4088	1347	1266	1502.0	120	151	220.0
chr16	67616864	67616866	CTCF_X5B	2191	620	660	705.0	97	94	116.0
chr16	67616865	67616867	CTCF_X5B	2537	671	721	828.0	87	131	92.0
chr16	67616866	67616868	CTCF_X5B	5681	1749	1672	1671.0	111	206	220.0
chr16	67616868	67616870	CTCF_X5B	2102	603	657	503.0	46	68	126.0
chr16	67616869	67616871	CTCF_X5B	1914	419	318	628.0	58	75	67.0
chr16	67616870	67616872	CTCF_X5B	3020	637	838	868.0	105	62	106.0
chr16	67616871	67616873	CTCF_X5B	2967	754	799	946.0	33	91	90.0
chr16	67616872	67616874	CTCF_X5B	2293	611	638	671.0	25	119	80.0
chr16	67616873	67616875	CTCF_X5B	4384	1177	1180	926.0	145	160	244.0
chr16	67616875	67616877	CTCF_X5B	7409	1828	1971	1987.0	123	205	349.0
chr16	67616878	67616880	CTCF_X5B	2543	500	618	546.0	61	93	78.0
chr16	67616879	67616881	CTCF_X5B	2636	595	568	394.0	81	55	54.0
chr16	67616880	67616882	CTCF_X5B	2935	466	831	520.0	106	76	71.0
chr16	67616881	67616883	CTCF_X5B	2566	467	455	745.0	143	70	168.0
chr16	67616882	67616884	CTCF_X5B	2372	543	521	522.0	105	79	80.0
chr16	67616883	67616885	CTCF_X5B	2129	404	481	602.0	313	253	295.0
chr16	67616884	67616886	CTCF_X5B	4795	1289	1640	1486.0	2161	2629	2648.0
chr16	67616886	67616888	CTCF_X5B	2601	714	753	593.0	1168	1251	1492.0
chr16	67616887	67616889	CTCF_X5B	3293	759	691	1022.0	1222	1361	1765.0
chr16	67616888	67616890	CTCF_X5B	6968	1524	1724	1727.0	2311	2453	3148.0
chr16	67616890	67616892	CTCF_X5B	2500	553	703	674.0	1013	856	1184.0
chr16	67616891	67616893	CTCF_X5B	2585	776	699	702.0	984	1253	1243.0
chr16	67616892	67616894	CTCF_X5B	6576	1700	1710	1521.0	2603	3008	3176.0
chr16	67616895	67616897	CTCF_X5B	5913	1473	1687	1604.0	2225	2965	3119.0
chr16	67620644	67620646	CTCF_X6A	3584	4220	4041		4375	4716	
chr16	67620648	67620650	CTCF_X6A	955	1102	1008		1186	1369	
chr16	67620649	67620651	CTCF_X6A	1124	1029	1051		1066	976	
chr16	67620650	67620652	CTCF_X6A	1478	1275	1722		1325	1317	
chr16	67620651	67620653	CTCF_X6A	1433	1140	1527		1126	1369	
chr16	67620652	67620654	CTCF_X6A	1206	1012	1050		1136	1140	
chr16	67620653	67620655	CTCF_X6A	1347	1355	1268		1879	1452	
chr16	67620654	67620656	CTCF_X6A	1633	1680	1798		2148	1743	
chr16	67620655	67620657	CTCF_X6A	1735	1865	2385		1741	2104	
chr16	67620656	67620658	CTCF_X6A	1013	1030	1302		1195	915	
chr16	67620657	67620659	CTCF_X6A	3144	3350	3436		3009	3542	
chr16	67620659	67620661	CTCF_X6A	1616	1939	2003		1909	2265	
chr16	67620660	67620662	CTCF_X6A	1720	2218	2085		2331	1951	
chr16	67620661	67620663	CTCF_X6A	3785	5161	4757		5302	5004	
chr16	67620663	67620665	CTCF_X6A	1951	2189	2027		2527	2277	
chr16	67620664	67620666	CTCF_X6A	5781	5981	6242		6495	6028	
chr16	67620667	67620669	CTCF_X6A	1856	1886	1895		2112	1831	
chr16	67620668	67620670	CTCF_X6A	1691	1511	1856		1974	1757	
chr16	67620669	67620671	CTCF_X6A	1732	1869	1954		1915	1918	
chr16	67620670	67620672	CTCF_X6A	1623	1944	1968		1872	1788	
chr16	67620671	67620673	CTCF_X6A	2096	2677	2223		2616	2379	
chr16	67620672	67620674	CTCF_X6A	2196	1962	2417		2624	2641	
chr16	67620673	67620675	CTCF_X6A	1795	1739	2010		1814	2177	
chr16	67620674	67620676	CTCF_X6A	2286	2298	2836		2747	2445	
chr16	67620675	67620677	CTCF_X6A	2162	2793	2651		2513	2577	
chr16	67620676	67620678	CTCF_X6A	1836	2059	1862		2257	2315	
chr16	67620677	67620679	CTCF_X6A	1907	1972	2363		2140	2326	
chr16	67620678	67620680	CTCF_X6A	1884	2078	2081		2375	2049	
chr16	67620679	67620681	CTCF_X6A	1492	1931	1624		1872	1731	
chr16	67620683	67620685	CTCF_X6A	3791	3871	4414		4127	4295	
chr16	67620685	67620687	CTCF_X6A	2091	2586	2576		2876	2533	
chr16	67620686	67620688	CTCF_X6A	3694	3405	4178		3877	4020	
chr16	67620688	67620690	CTCF_X6A	1997	2252	2507		2664	2491	
chr16	67620689	67620691	CTCF_X6A	2801	2632	2750		3137	3180	
chr16	67620691	67620693	CTCF_X6A	1825	1949	1883		1804	1673	
chr16	67620692	67620694	CTCF_X6A	1940	2015	2049		2281	2261	
chr16	67620693	67620695	CTCF_X6A	1997	1765	1570		243	139	
chr16	67620694	67620696	CTCF_X6A	1799	1555	1423		188	91	
chr16	67620695	67620697	CTCF_X6A	2148	1698	1732		98	118	
chr16	67620696	67620698	CTCF_X6A	2089	1799	1753		135	155	
chr16	67620697	67620699	CTCF_X6A	2157	2187	2198		168	238	
chr16	67620698	67620700	CTCF_X6A	1841	1652	2519		124	158	
chr16	67620699	67620701	CTCF_X6A	6082	6273	5921		476	424	
chr16	67620702	67620704	CTCF_X6A	1770	2188	1945		53	144	
chr16	67620703	67620705	CTCF_X6A	2212	2310	2307		315	76	
chr16	67620704	67620706	CTCF_X6A	1958	1819	2195		155	113	
chr16	67620705	67620707	CTCF_X6A	3668	3516	3853		110	275	
chr16	67620707	67620709	CTCF_X6A	1958	1701	1697		96	138	
chr16	67620708	67620710	CTCF_X6A	3755	3832	3886		194	184	
chr16	67620710	67620712	CTCF_X6A	1747	1790	1607		264	107	
chr16	67620711	67620713	CTCF_X6A	1829	2212	1459		87	64	
chr16	67620712	67620714	CTCF_X6A	3897	3576	4384		263	351	
chr16	67620714	67620716	CTCF_X6A	1532	1938	1650		138	131	
chr16	67620715	67620717	CTCF_X6A	1874	1385	1426		135	40	
chr16	67620716	67620718	CTCF_X6A	1744	1372	1242		150	70	
chr16	67620717	67620719	CTCF_X6A	1594	1137	1364		66	136	
chr16	67620718	67620720	CTCF_X6A	1490	1399	1123		55	81	
chr16	67620719	67620721	CTCF_X6A	1465	1268	1228		79	97	
chr16	67620720	67620722	CTCF_X6A	1935	1528	1791		109	150	
chr16	67620721	67620723	CTCF_X6A	2018	1859	1947		122	179	
chr16	67620722	67620724	CTCF_X6A	1990	1842	2037		197	134	
chr16	67620724	67620726	CTCF_X6A	3041	3716	3339		287	177	
chr16	67620725	67620727	CTCF_X6A	1464	2047	2005		113	208	
chr16	67620726	67620728	CTCF_X6A	2713	3629	3366		161	300	
chr16	67620728	67620730	CTCF_X6A	1117	1399	1410		141	157	
chr16	67620729	67620731	CTCF_X6A	1443	1801	1613		152	241	
chr16	67620731	67620733	CTCF_X6A	1617	1361	1459		127	102	
chr16	67620732	67620734	CTCF_X6A	1605	1626	1606		130	192	
chr16	67620733	67620735	CTCF_X6A	2873	2885	3120		284	184	
chr16	67620735	67620737	CTCF_X6A	1619	1652	1698		217	151	
chr16	67620736	67620738	CTCF_X6A	1570	951	1368		133	132	
chr16	67620737	67620739	CTCF_X6A	1314	969	1004		76	51	
chr16	67620738	67620740	CTCF_X6A	1196	1180	740		122	47	
chr16	67620739	67620741	CTCF_X6A	2037	1388	1593		85	115	
chr16	67620741	67620743	CTCF_X6A	1617	1206	1017		227	187	
chr16	67620742	67620744	CTCF_X6A	1199	978	1311		173	207	
chr16	67620743	67620745	CTCF_X6A	1348	1015	1020		144	132	
chr16	67620744	67620746	CTCF_X6A	1091	776	1028		36	126	
chr16	67620745	67620747	CTCF_X6A	1085	910	858		88	38	
chr16	67620746	67620748	CTCF_X6A	1376	947	871		40	33	
chr16	67620747	67620749	CTCF_X6A	1560	866	898		79	218	
chr16	67620748	67620750	CTCF_X6A	1177	526	745		20	63	
chr16	67620749	67620751	CTCF_X6A	1103	970	744		74	78	
chr16	67620750	67620752	CTCF_X6A	941	444	832		39	13	
chr16	67620751	67620753	CTCF_X6A	1178	636	843		72	51	
chr16	67620752	67620754	CTCF_X6A	1741	1167	1026		192	217	
chr16	67620754	67620756	CTCF_X6A	731	419	335		93	61	
chr16	67620755	67620757	CTCF_X6A	781	615	534		131	152	
chr16	67620756	67620758	CTCF_X6A	556	240	226		39	42	
chr16	67620757	67620759	CTCF_X6A	1211	707	502		243	177	
chr16	67620759	67620761	CTCF_X6A	884	608	594		12	57	
chr16	67620760	67620762	CTCF_X6A	744	409	501		1	44	
chr16	67620763	67620765	CTCF_X6B	1242	166	555	326.0	172	164	36.0
chr16	67620764	67620766	CTCF_X6B	1476	99	316	443.0	33	3	110.0
chr16	67620765	67620767	CTCF_X6B	2890	423	661	778.0	112	80	56.0
chr16	67620767	67620769	CTCF_X6B	1235	266	291	284.0	90	23	91.0
chr16	67620768	67620770	CTCF_X6B	1858	225	298	258.0	76	9	0.0
chr16	67620769	67620771	CTCF_X6B	1407	184	365	370.0	101	11	0.0
chr16	67620770	67620772	CTCF_X6B	1436	97	277	359.0	16	154	1.0
chr16	67620771	67620773	CTCF_X6B	6910	1038	1648	1694.0	283	168	548.0
chr16	67620775	67620777	CTCF_X6B	2245	300	519	675.0	286	338	351.0
chr16	67620776	67620778	CTCF_X6B	1924	255	490	800.0	89	39	292.0
chr16	67620777	67620779	CTCF_X6B	1887	349	439	489.0	161	123	132.0
chr16	67620778	67620780	CTCF_X6B	1547	234	438	475.0	153	12	16.0
chr16	67620779	67620781	CTCF_X6B	2340	469	859	792.0	55	39	116.0
chr16	67620780	67620782	CTCF_X6B	2195	450	606	850.0	135	76	142.0
chr16	67620781	67620783	CTCF_X6B	2130	403	1003	886.0	491	700	708.0
chr16	67620782	67620784	CTCF_X6B	1833	372	881	805.0	511	790	456.0
chr16	67620783	67620785	CTCF_X6B	2604	529	936	832.0	287	244	151.0
chr16	67620784	67620786	CTCF_X6B	2173	522	525	989.0	211	352	252.0
chr16	67620785	67620787	CTCF_X6B	4011	779	887	1531.0	399	21	49.0
chr16	67620787	67620789	CTCF_X6B	2169	561	777	1181.0	124	148	178.0
chr16	67620788	67620790	CTCF_X6B	2147	401	578	1024.0	109	98	198.0
chr16	67620791	67620793	CTCF_X6B	2336	430	1215	1036.0	107	88	81.0
chr16	67620798	67620800	CTCF_X6B	2672	539	825	1092.0	92	226	104.0
chr16	67620799	67620801	CTCF_X6B	2088	447	690	820.0	27	190	47.0
chr16	67620800	67620802	CTCF_X6B	1759	460	622	799.0	59	81	260.0
chr16	67620801	67620803	CTCF_X6B	1925	387	531	1081.0	129	70	5.0
chr16	67620802	67620804	CTCF_X6B	4217	1031	1467	1498.0	236	40	74.0
chr16	67620804	67620806	CTCF_X6B	2877	780	1253	936.0	38	368	89.0
chr16	67620805	67620807	CTCF_X6B	4898	1231	2213	1816.0	324	238	394.0
chr16	67620807	67620809	CTCF_X6B	2215	449	777	877.0	520	85	150.0
chr16	67620808	67620810	CTCF_X6B	1990	358	716	1220.0	38	16	69.0
chr16	67620809	67620811	CTCF_X6B	2075	468	729	925.0	77	105	57.0
chr16	67620810	67620812	CTCF_X6B	2000	451	689	524.0	171	16	3.0
chr16	67620811	67620813	CTCF_X6B	1836	392	653	663.0	189	85	52.0
chr16	67620812	67620814	CTCF_X6B	1932	413	527	794.0	276	52	60.0
chr16	67620813	67620815	CTCF_X6B	2434	570	747	840.0	3	143	109.0
chr16	67620814	67620816	CTCF_X6B	1034	240	400	405.0	247	110	73.0
chr16	67620815	67620817	CTCF_X6B	2017	352	643	730.0	1	0	78.0
chr16	67620816	67620818	CTCF_X6B	2311	388	578	917.0	217	316	78.0
chr16	67620817	67620819	CTCF_X6B	2681	433	633	771.0	335	13	300.0
chr16	67620818	67620820	CTCF_X6B	4079	809	1453	1265.0	85	243	20.0
chr16	67620820	67620822	CTCF_X6B	4992	1467	2040	3332.0	5719	5566	5538.0
chr16	67620822	67620824	CTCF_X6B	2203	667	723	1298.0	2279	1538	2230.0
chr16	67620823	67620825	CTCF_X6B	2327	730	1035	932.0	2686	2610	2390.0
chr16	67620824	67620826	CTCF_X6B	5334	1661	2765	2721.0	7530	6976	6085.0
chr16	67620827	67620829	CTCF_X6B	4130	1326	2363	2089.0	4770	4942	5592.0
chr16	67620829	67620831	CTCF_X6B	4672	1509	2518	2877.0	6166	5176	5716.0
chr16	67620831	67620833	CTCF_X6B	2349	960	1170	1463.0	3282	2749	3067.0
chr16	67620832	67620834	CTCF_X6B	6458	1980	2847	2577.0	7277	6399	6226.0
chr16	67620835	67620837	CTCF_X6B	2327	697	986	782.0	2390	1826	2195.0
chr16	67620836	67620838	CTCF_X6B	1898	521	618	902.0	2323	1757	2125.0
chr16	67620837	67620839	CTCF_X6B	4322	1459	2300	2428.0	5633	4959	4932.0
chr16	67620839	67620841	CTCF_X6B	1980	624	887	1105.0	2054	2277	2132.0
chr16	67620840	67620842	CTCF_X6B	2141	690	1138	1137.0	1939	2004	2634.0
chr16	67620841	67620843	CTCF_X6B	2041	768	1125	1079.0	2651	2067	2080.0
chr16	67620842	67620844	CTCF_X6B	6872	2290	3583	3954.0	8387	8480	7709.0
chr16	67620845	67620847	CTCF_X6B	4290	1223	2101	2386.0	5552	5347	5182.0
chr16	67620847	67620849	CTCF_X6B	4162	1273	2357	1996.0	4468	4374	4078.0
chr16	67620849	67620851	CTCF_X6B	2547	802	1317	1503.0	2969	2345	3319.0
chr16	67620850	67620852	CTCF_X6B	2290	762	1150	1304.0	3057	2599	2812.0
chr16	67620851	67620853	CTCF_X6B	1621	593	883	923.0	1820	1951	1527.0
chr16	67620852	67620854	CTCF_X6B	7104	1804	3748	3886.0	8132	8424	8626.0
chr16	67620856	67620858	CTCF_X6B	3206	1077	1340	1503.0	3498	3549	3875.0
chr16	67620858	67620860	CTCF_X6B	2168	738	1048	1152.0	2200	1916	2503.0
chr16	67620859	67620861	CTCF_X6B	2514	648	1181	1104.0	1870	2898	2678.0
chr16	67620860	67620862	CTCF_X6B	2291	698	1157	1444.0	2524	2904	3005.0
chr16	67620861	67620863	CTCF_X6B	1680	384	816	693.0	1715	1304	1160.0
chr16	67620862	67620864	CTCF_X6B	2432	444	605	1551.0	2386	2466	2602.0
chr16	67620863	67620865	CTCF_X6B	2547	629	1442	1358.0	2176	2745	2946.0
chr16	67620864	67620866	CTCF_X6B	2277	673	845	980.0	2548	2291	1871.0
chr16	67620865	67620867	CTCF_X6B	1787	376	723	607.0	1835	1766	1902.0
chr16	67620866	67620868	CTCF_X6B	1892	577	1029	1032.0	2428	1886	2170.0
chr16	67620867	67620869	CTCF_X6B	2131	792	822	857.0	2410	1402	2123.0
chr16	67620868	67620870	CTCF_X6B	2188	513	1084	923.0	1826	2315	2104.0
chr16	67620869	67620871	CTCF_X6B	2033	758	855	906.0	2913	2149	2140.0
chr16	67620870	67620872	CTCF_X6B	2025	729	668	587.0	2204	2673	1800.0
chr16	67620871	67620873	CTCF_X6B	1812	838	776	1001.0	2705	1648	2051.0
chr16	67620872	67620874	CTCF_X6B	2361	694	861	1045.0	3187	2217	2373.0
chr16	67620873	67620875	CTCF_X6B	2864	816	1198	1599.0	3318	3166	3559.0
chr16	67620874	67620876	CTCF_X6B	2816	890	1513	1303.0	2894	2832	2987.0
chr16	67620875	67620877	CTCF_X6B	3112	851	1545	1780.0	3095	3601	4376.0
chr16	67620876	67620878	CTCF_X6B	1869	523	670	629.0	1726	1456	1152.0
chr16	67620877	67620879	CTCF_X6B	1687	467	882	905.0	1537	1657	1123.0
chr16	67620878	67620880	CTCF_X6B	1428	323	593	706.0	1467	1250	1223.0
chr16	67620879	67620881	CTCF_X6B	1770	508	1052	1088.0	2104	2460	1707.0
chr16	67620880	67620882	CTCF_X6B	1228	550	487	539.0	1699	1222	1565.0
chr16	67620881	67620883	CTCF_X6B	1475	275	913	931.0	1318	1749	1997.0
chr16	67621385	67621387	CTCF_X7A	1895	811	518	587.0	2870	2515	2312.0
chr16	67621386	67621388	CTCF_X7A	1836	673	543	401.0	2859	1787	1712.0
chr16	67621388	67621390	CTCF_X7A	1891	861	520	421.0	1701	2819	1878.0
chr16	67621389	67621391	CTCF_X7A	3937	1480	1194	745.0	4646	5240	4101.0
chr16	67621391	67621393	CTCF_X7A	2158	775	876	997.0	2427	2933	4189.0
chr16	67621392	67621394	CTCF_X7A	2160	771	781	739.0	2360	4421	2848.0
chr16	67621393	67621395	CTCF_X7A	2209	775	633	764.0	2515	2839	2168.0
chr16	67621394	67621396	CTCF_X7A	4702	1473	1475	1474.0	3733	7886	5088.0
chr16	67621396	67621398	CTCF_X7A	3983	1777	1046	1413.0	5337	4847	5231.0
chr16	67621398	67621400	CTCF_X7A	2495	661	772	564.0	3252	3213	2764.0
chr16	67621399	67621401	CTCF_X7A	5965	2269	1751	2240.0	7933	7792	5599.0
chr16	67621402	67621404	CTCF_X7A	2703	1250	898	971.0	3134	3352	3615.0
chr16	67621403	67621405	CTCF_X7A	4873	1675	1749	1714.0	4491	7470	6319.0
chr16	67621405	67621407	CTCF_X7A	2401	1046	833	810.0	2888	3819	2774.0
chr16	67621406	67621408	CTCF_X7A	2832	832	806	968.0	3496	3948	2429.0
chr16	67621407	67621409	CTCF_X7A	2463	906	735	790.0	2951	3538	3053.0
chr16	67621408	67621410	CTCF_X7A	4765	1965	1550	1389.0	5074	6525	4677.0
chr16	67621410	67621412	CTCF_X7A	2193	838	998	1187.0	3277	3298	3383.0
chr16	67621411	67621413	CTCF_X7A	2360	813	752	598.0	2335	3547	3439.0
chr16	67621412	67621414	CTCF_X7A	4359	1904	1596	1648.0	6674	6890	5716.0
chr16	67621414	67621416	CTCF_X7A	2249	1106	582	871.0	3094	3872	2475.0
chr16	67621415	67621417	CTCF_X7A	2253	757	773	813.0	2992	2858	2555.0
chr16	67621416	67621418	CTCF_X7A	2478	1078	809	1249.0	3986	2955	3480.0
chr16	67621417	67621419	CTCF_X7A	4924	1684	1356	1815.0	5158	6839	6498.0
chr16	67621419	67621421	CTCF_X7A	2357	857	839	729.0	2481	3765	2186.0
chr16	67621420	67621422	CTCF_X7A	4300	1559	1699	1783.0	4429	7192	5556.0
chr16	67621422	67621424	CTCF_X7A	2700	934	986	810.0	3771	4277	2980.0
chr16	67621423	67621425	CTCF_X7A	5158	2009	1719	1666.0	6123	7330	6333.0
chr16	67621425	67621427	CTCF_X7A	2660	980	899	1074.0	2305	3879	3190.0
chr16	67621426	67621428	CTCF_X7A	2681	952	558	901.0	3331	2732	2850.0
chr16	67621427	67621429	CTCF_X7A	2571	927	976	1074.0	3347	4014	2513.0
chr16	67621428	67621430	CTCF_X7A	4431	1675	1501	1618.0	5051	6529	6531.0
chr16	67621430	67621432	CTCF_X7A	5637	2089	1810	1700.0	5271	7444	5076.0
chr16	67621432	67621434	CTCF_X7A	6427	2715	2036	1725.0	6850	8743	5716.0
chr16	67621435	67621437	CTCF_X7A	2535	863	851	888.0	2422	3228	2364.0
chr16	67621436	67621438	CTCF_X7A	2378	782	609	629.0	668	897	607.0
chr16	67621437	67621439	CTCF_X7A	3101	988	691	1113.0	3263	4450	4293.0
chr16	67621438	67621440	CTCF_X7A	2894	747	675	567.0	33	107	163.0
chr16	67621439	67621441	CTCF_X7A	3075	775	662	836.0	106	8	17.0
chr16	67621440	67621442	CTCF_X7A	2700	789	762	568.0	128	117	93.0
chr16	67621441	67621443	CTCF_X7A	5841	1583	1411	1373.0	289	183	390.0
chr16	67621443	67621445	CTCF_X7A	2341	635	607	636.0	149	47	76.0
chr16	67621444	67621446	CTCF_X7A	2359	1115	489	835.0	139	69	157.0
chr16	67621445	67621447	CTCF_X7A	4795	1211	1096	1634.0	216	523	177.0
chr16	67621447	67621449	CTCF_X7A	2785	888	875	951.0	255	257	164.0
chr16	67621448	67621450	CTCF_X7A	2272	704	592	593.0	180	219	261.0
chr16	67621449	67621451	CTCF_X7A	2946	1098	940	942.0	222	214	158.0
chr16	67621450	67621452	CTCF_X7A	2386	594	587	701.0	717	1183	1066.0
chr16	67621451	67621453	CTCF_X7A	2606	906	922	796.0	601	626	711.0
chr16	67621452	67621454	CTCF_X7A	4079	1426	908	947.0	98	677	70.0
chr16	67621454	67621456	CTCF_X7A	5086	1587	1297	1674.0	143	191	75.0
chr16	67621456	67621458	CTCF_X7A	3306	983	879	860.0	154	14	189.0
chr16	67621457	67621459	CTCF_X7A	1715	319	476	540.0	10	278	91.0
chr16	67621458	67621460	CTCF_X7A	2928	1139	774	627.0	123	39	5.0
chr16	67621459	67621461	CTCF_X7A	4299	1721	1274	824.0	221	237	116.0
chr16	67621461	67621463	CTCF_X7A	3541	921	766	751.0	437	779	441.0
chr16	67621463	67621465	CTCF_X7A	2095	809	565	985.0	1741	2052	1896.0
chr16	67621464	67621466	CTCF_X7A	4134	1980	1175	1098.0	3405	3040	2787.0
chr16	67621466	67621468	CTCF_X7A	2161	680	673	477.0	43	119	10.0
chr16	67621467	67621469	CTCF_X7A	3285	1116	1014	752.0	35	155	49.0
chr16	67621469	67621471	CTCF_X7A	2027	525	434	641.0	148	38	228.0
chr16	67621470	67621472	CTCF_X7A	3746	1423	901	902.0	346	16	76.0
chr16	67621472	67621474	CTCF_X7A	2472	643	608	650.0	21	92	10.0
chr16	67621473	67621475	CTCF_X7A	3777	1229	976	681.0	36	91	53.0
chr16	67621475	67621477	CTCF_X7A	2051	627	437	526.0	84	5	0.0
chr16	67621476	67621478	CTCF_X7A	2142	439	465	398.0	110	2	145.0
chr16	67621477	67621479	CTCF_X7A	2310	509	664	619.0	13	3	182.0
chr16	67621478	67621480	CTCF_X7A	2032	465	432	388.0	79	81	22.0
chr16	67621479	67621481	CTCF_X7A	2283	917	572	703.0	34	169	84.0
chr16	67621480	67621482	CTCF_X7A	2295	612	511	695.0	12	57	39.0
chr16	67621481	67621483	CTCF_X7A	1899	494	437	292.0	26	126	76.0
chr16	67621482	67621484	CTCF_X7A	1941	602	484	549.0	54	18	45.0
chr16	67621483	67621485	CTCF_X7A	1905	551	423	516.0	8	99	96.0
chr16	67621484	67621486	CTCF_X7A	1597	479	362	539.0	80	91	152.0
chr16	67621485	67621487	CTCF_X7A	3609	1091	1119	875.0	57	148	82.0
chr16	67621487	67621489	CTCF_X7A	1678	600	472	608.0	32	83	30.0
chr16	67621488	67621490	CTCF_X7A	2291	569	649	527.0	104	15	12.0
chr16	67621490	67621492	CTCF_X7A	6578	2441	1800	1393.0	684	788	444.0
chr16	67621493	67621495	CTCF_X7A	1968	426	283	462.0	19	176	6.0
chr16	67621494	67621496	CTCF_X7A	1320	442	219	254.0	37	94	64.0
chr16	67621495	67621497	CTCF_X7A	3599	1228	805	1094.0	438	246	133.0
chr16	67621497	67621499	CTCF_X7A	1561	447	278	339.0	84	27	81.0
chr16	67621498	67621500	CTCF_X7A	2686	750	518	458.0	272	167	222.0
chr16	67621500	67621502	CTCF_X7A	5124	1474	862	822.0	98	91	98.0
chr16	67621503	67621505	CTCF_X7A	3647	868	692	732.0	45	186	43.0
chr16	67621505	67621507	CTCF_X7B	1604	547	261	404.0	0	2	18.0
chr16	67621506	67621508	CTCF_X7B	1547	404	222	301.0	48	5	35.0
chr16	67621507	67621509	CTCF_X7B	1540	724	234	565.0	4	32	34.0
chr16	67621508	67621510	CTCF_X7B	1288	323	148	499.0	42	47	2.0
chr16	67621509	67621511	CTCF_X7B	1537	572	154	589.0	650	885	769.0
chr16	67621510	67621512	CTCF_X7B	1367	627	165	588.0	866	372	568.0
chr16	67621511	67621513	CTCF_X7B	3174	1135	565	1176.0	1558	1547	1249.0
chr16	67621513	67621515	CTCF_X7B	1766	535	301	1006.0	908	716	606.0
chr16	67621514	67621516	CTCF_X7B	1355	532	200	423.0	26	335	64.0
chr16	67621515	67621517	CTCF_X7B	1361	348	241	567.0	523	729	533.0
chr16	67621516	67621518	CTCF_X7B	1205	463	223	221.0	595	543	403.0
chr16	67621517	67621519	CTCF_X7B	3865	1480	575	1352.0	2157	1937	1612.0
chr16	67621520	67621522	CTCF_X7B	2889	1323	358	920.0	226	297	208.0
chr16	67621522	67621524	CTCF_X7B	1699	911	257	691.0	455	149	280.0
chr16	67621523	67621525	CTCF_X7B	1675	792	353	660.0	99	32	215.0
chr16	67621524	67621526	CTCF_X7B	1457	523	218	447.0	252	238	253.0
chr16	67621525	67621527	CTCF_X7B	1000	312	178	373.0	768	1426	634.0
chr16	67621526	67621528	CTCF_X7B	1453	653	292	566.0	1073	1090	874.0
chr16	67621527	67621529	CTCF_X7B	3034	1224	511	1259.0	1957	2928	1921.0
chr16	67621529	67621531	CTCF_X7B	3760	2049	768	1573.0	3029	3823	2345.0
chr16	67621531	67621533	CTCF_X7B	1736	860	283	530.0	1756	1469	1186.0
chr16	67621532	67621534	CTCF_X7B	1990	961	283	1224.0	1360	2079	1313.0
chr16	67621533	67621535	CTCF_X7B	1871	727	444	783.0	1176	1884	1375.0
chr16	67621534	67621536	CTCF_X7B	4204	1695	750	1663.0	4075	3887	2824.0
chr16	67621537	67621539	CTCF_X7B	2857	1219	598	1390.0	2171	2418	2245.0
chr16	67621538	67621540	CTCF_X7B	1506	608	296	879.0	637	729	558.0
chr16	67621539	67621541	CTCF_X7B	788	383	204	321.0	828	484	446.0
chr16	67621541	67621543	CTCF_X7B	953	648	195	552.0	282	209	303.0
chr16	67621542	67621544	CTCF_X7B	1495	867	297	637.0	825	881	816.0
chr16	67621543	67621545	CTCF_X7B	1616	722	371	854.0	525	687	448.0
chr16	67621544	67621546	CTCF_X7B	1025	340	128	521.0	438	146	66.0
chr16	67621545	67621547	CTCF_X7B	1510	652	200	818.0	150	181	134.0
chr16	67621546	67621548	CTCF_X7B	1755	564	292	1111.0	201	220	174.0
chr16	67621547	67621549	CTCF_X7B	1430	664	276	571.0	104	94	29.0
chr16	67621548	67621550	CTCF_X7B	1511	541	218	758.0	76	0	98.0
chr16	67621549	67621551	CTCF_X7B	1808	550	280	733.0	0	31	105.0
chr16	67621550	67621552	CTCF_X7B	1698	604	261	569.0	47	46	96.0
chr16	67621551	67621553	CTCF_X7B	1730	766	246	711.0	444	465	460.0
chr16	67621552	67621554	CTCF_X7B	3689	1458	814	1579.0	1237	1562	938.0
chr16	67621554	67621556	CTCF_X7B	1996	830	336	698.0	147	324	81.0
chr16	67621556	67621558	CTCF_X7B	1803	879	243	677.0	401	125	78.0
chr16	67621560	67621562	CTCF_X7B	3670	1478	479	1235.0	127	101	101.0
chr16	67621563	67621565	CTCF_X7B	1941	907	271	1020.0	111	99	149.0
chr16	67621564	67621566	CTCF_X7B	1976	747	311	605.0	46	191	25.0
chr16	67621565	67621567	CTCF_X7B	2226	1129	414	1017.0	19	170	178.0
chr16	67621566	67621568	CTCF_X7B	1688	757	303	739.0	27	95	70.0
chr16	67621567	67621569	CTCF_X7B	2068	762	349	995.0	104	129	149.0
chr16	67621568	67621570	CTCF_X7B	2858	856	455	1014.0	37	209	167.0
chr16	67621570	67621572	CTCF_X7B	1816	541	294	514.0	37	66	75.0
chr16	67621571	67621573	CTCF_X7B	1863	695	218	810.0	33	39	66.0
chr16	67621572	67621574	CTCF_X7B	2334	802	488	808.0	179	29	85.0
chr16	67621573	67621575	CTCF_X7B	2285	690	387	653.0	72	61	47.0
chr16	67621574	67621576	CTCF_X7B	2098	883	294	850.0	92	236	101.0
chr16	67621575	67621577	CTCF_X7B	1656	336	264	570.0	14	4	5.0
chr16	67621576	67621578	CTCF_X7B	2146	693	264	567.0	41	3	160.0
chr16	67621577	67621579	CTCF_X7B	1949	711	319	889.0	40	1	57.0
chr16	67621578	67621580	CTCF_X7B	5889	2562	831	1825.0	214	240	111.0
chr16	67621581	67621583	CTCF_X7B	1715	577	241	611.0	332	59	58.0
chr16	67621582	67621584	CTCF_X7B	1276	501	276	650.0	14	156	29.0
chr16	67621583	67621585	CTCF_X7B	2264	918	302	584.0	141	28	91.0
chr16	67621584	67621586	CTCF_X7B	3902	1572	642	1693.0	141	411	181.0
chr16	67621586	67621588	CTCF_X7B	1998	809	357	801.0	178	46	97.0
chr16	67621587	67621589	CTCF_X7B	1575	884	339	862.0	61	74	99.0
chr16	67621588	67621590	CTCF_X7B	1598	895	260	585.0	38	98	87.0
chr16	67621589	67621591	CTCF_X7B	1786	507	274	676.0	4	25	81.0
chr16	67621590	67621592	CTCF_X7B	2051	626	264	617.0	167	213	111.0
chr16	67621591	67621593	CTCF_X7B	1860	571	295	291.0	7	188	66.0
chr16	67621592	67621594	CTCF_X7B	1861	875	257	705.0	130	145	78.0
chr16	67621593	67621595	CTCF_X7B	2360	878	350	990.0	86	324	112.0
chr16	67621594	67621596	CTCF_X7B	1734	686	200	365.0	97	100	37.0
chr16	67621595	67621597	CTCF_X7B	5410	2180	820	2319.0	3037	3543	3007.0
chr16	67621598	67621600	CTCF_X7B	1690	714	325	757.0	982	1541	947.0
chr16	67621599	67621601	CTCF_X7B	1912	824	351	787.0	1455	997	1307.0
chr16	67621600	67621602	CTCF_X7B	4177	1900	677	1393.0	2786	3504	2672.0
chr16	67621602	67621604	CTCF_X7B	2159	713	373	1010.0	1622	1897	1312.0
chr16	67621603	67621605	CTCF_X7B	2084	1016	430	669.0	1039	1806	1481.0
chr16	67621604	67621606	CTCF_X7B	3778	1369	676	1337.0	2696	3367	2097.0
chr16	67621606	67621608	CTCF_X7B	3822	1371	653	1655.0	2999	3077	2725.0
chr16	67621608	67621610	CTCF_X7B	1927	925	319	696.0	1664	1208	1128.0
chr16	67621609	67621611	CTCF_X7B	2529	788	501	843.0	1690	1866	1460.0
chr16	67621610	67621612	CTCF_X7B	3064	1532	658	900.0	2414	2866	2144.0
chr16	67621611	67621613	CTCF_X7B	7400	3031	1247	2762.0	5320	6097	4356.0
chr16	67621614	67621616	CTCF_X7B	1537	418	300	941.0	862	1527	915.0
chr16	67621615	67621617	CTCF_X7B	1788	661	217	620.0	1237	1255	970.0
chr16	67621616	67621618	CTCF_X7B	1892	705	218	722.0	1218	780	1041.0
chr16	67621617	67621619	CTCF_X7B	2149	771	339	650.0	1409	1516	1213.0
chr16	67621618	67621620	CTCF_X7B	7302	3506	1163	3162.0	5058	5352	4718.0
chr16	67626531	67626533	CTCF_X8A	2754	334	281		1015	759	
chr16	67626532	67626534	CTCF_X8A	2826	370	351		1143	1297	
chr16	67626533	67626535	CTCF_X8A	3808	635	513		1140	1239	
chr16	67626535	67626537	CTCF_X8A	3009	604	264		1071	870	
chr16	67626536	67626538	CTCF_X8A	3386	517	355		874	1385	
chr16	67626537	67626539	CTCF_X8A	8781	1187	1006		2880	3170	
chr16	67626540	67626542	CTCF_X8A	2529	415	351		826	705	
chr16	67626541	67626543	CTCF_X8A	6716	953	614		2037	2227	
chr16	67626543	67626545	CTCF_X8A	4382	543	432		1556	1589	
chr16	67626544	67626546	CTCF_X8A	4583	544	443		1768	989	
chr16	67626545	67626547	CTCF_X8A	4947	806	547		1640	1289	
chr16	67626546	67626548	CTCF_X8A	7921	1072	695		2416	2366	
chr16	67626548	67626550	CTCF_X8A	3503	278	433		42	118	
chr16	67626549	67626551	CTCF_X8A	3030	496	368		48	82	
chr16	67626550	67626552	CTCF_X8A	3204	402	300		97	242	
chr16	67626551	67626553	CTCF_X8A	3242	300	295		90	31	
chr16	67626552	67626554	CTCF_X8A	3986	418	537		102	192	
chr16	67626553	67626555	CTCF_X8A	4562	363	380		62	130	
chr16	67626554	67626556	CTCF_X8A	7684	1058	867		180	126	
chr16	67626556	67626558	CTCF_X8A	3470	328	371		142	32	
chr16	67626557	67626559	CTCF_X8A	4569	492	367		216	76	
chr16	67626558	67626560	CTCF_X8A	4110	442	314		52	114	
chr16	67626559	67626561	CTCF_X8A	7764	899	895		88	486	
chr16	67626561	67626563	CTCF_X8A	3028	349	209		86	61	
chr16	67626562	67626564	CTCF_X8A	3517	490	296		36	83	
chr16	67626563	67626565	CTCF_X8A	3669	503	369		241	165	
chr16	67626564	67626566	CTCF_X8A	4706	800	719		34	83	
chr16	67626565	67626567	CTCF_X8A	4044	437	468		563	740	
chr16	67626566	67626568	CTCF_X8A	4146	623	469		704	666	
chr16	67626567	67626569	CTCF_X8A	4435	562	538		334	421	
chr16	67626568	67626570	CTCF_X8A	4031	424	483		707	673	
chr16	67626569	67626571	CTCF_X8A	4263	408	409		528	532	
chr16	67626570	67626572	CTCF_X8A	20872	2450	2013		2018	2336	
chr16	67626575	67626577	CTCF_X8A	3905	405	281		67	70	
chr16	67626576	67626578	CTCF_X8A	4112	555	380		75	171	
chr16	67626577	67626579	CTCF_X8A	3487	409	386		662	1012	
chr16	67626578	67626580	CTCF_X8A	8108	957	784		1774	1419	
chr16	67626580	67626582	CTCF_X8A	3509	474	381		1109	1547	
chr16	67626581	67626583	CTCF_X8A	3517	228	345		908	1496	
chr16	67626582	67626584	CTCF_X8A	4558	630	522		1170	1580	
chr16	67626583	67626585	CTCF_X8A	4046	624	660		1229	1360	
chr16	67626585	67626587	CTCF_X8A	3330	472	359		653	829	
chr16	67626586	67626588	CTCF_X8A	4059	641	572		1226	1577	
chr16	67626588	67626590	CTCF_X8A	12592	1833	1299		4116	3870	
chr16	67626592	67626594	CTCF_X8A	4628	692	391		1475	1227	
chr16	67626593	67626595	CTCF_X8A	4225	623	442		1486	1478	
chr16	67626594	67626596	CTCF_X8A	4127	477	393		1090	1733	
chr16	67626595	67626597	CTCF_X8A	3621	407	387		1187	1392	
chr16	67626596	67626598	CTCF_X8A	12458	1562	1126		3809	3892	
chr16	67626599	67626601	CTCF_X8A	3842	552	446		1326	1489	
chr16	67626600	67626602	CTCF_X8A	4665	486	478		97	179	
chr16	67626601	67626603	CTCF_X8A	4817	577	538		120	125	
chr16	67626602	67626604	CTCF_X8A	4287	334	493		116	162	
chr16	67626605	67626607	CTCF_X8A	12530	1464	1274		2748	2745	
chr16	67626606	67626608	CTCF_X8A	4779	666	525		1037	1659	
chr16	67626613	67626615	CTCF_X8A	11929	1150	1237		165	673	
chr16	67626616	67626618	CTCF_X8A	12105	1147	922		168	388	
chr16	67626619	67626621	CTCF_X8A	2828	342	166		32	22	
chr16	67626620	67626622	CTCF_X8A	3932	482	349		84	58	
chr16	67626621	67626623	CTCF_X8A	7548	835	657		190	300	
chr16	67626623	67626625	CTCF_X8A	2795	352	220		35	71	
chr16	67626624	67626626	CTCF_X8A	2909	334	189		126	121	
chr16	67626625	67626627	CTCF_X8A	7513	659	481		354	267	
chr16	67626627	67626629	CTCF_X8A	7851	807	709		219	553	
chr16	67626629	67626631	CTCF_X8A	5760	549	566		148	282	
chr16	67626630	67626632	CTCF_X8A	3769	397	245		239	164	
chr16	67626631	67626633	CTCF_X8A	4404	337	331		70	77	
chr16	67626632	67626634	CTCF_X8A	4648	323	312		59	158	
chr16	67626633	67626635	CTCF_X8A	3442	442	241		87	150	
chr16	67626634	67626636	CTCF_X8A	3143	280	273		145	191	
chr16	67626635	67626637	CTCF_X8A	2550	280	182		118	118	
chr16	67626636	67626638	CTCF_X8A	2618	393	161		24	132	
chr16	67626637	67626639	CTCF_X8A	3378	286	371		59	43	
chr16	67626638	67626640	CTCF_X8A	3148	269	289		53	54	
chr16	67626639	67626641	CTCF_X8A	3911	247	235		121	92	
chr16	67626640	67626642	CTCF_X8A	3402	324	187		86	98	
chr16	67626613	67626615	CTCF_X8B	3784	617	772	1027.0	70	51	83.0
chr16	67626616	67626618	CTCF_X8B	3693	743	740	1118.0	108	182	98.0
chr16	67626619	67626621	CTCF_X8B	1537	241	312	462.0	48	60	53.0
chr16	67626620	67626622	CTCF_X8B	1154	181	226	332.0	60	23	31.0
chr16	67626621	67626623	CTCF_X8B	2764	436	398	541.0	119	121	85.0
chr16	67626623	67626625	CTCF_X8B	1290	179	184	277.0	60	74	27.0
chr16	67626624	67626626	CTCF_X8B	971	133	80	269.0	48	49	45.0
chr16	67626625	67626627	CTCF_X8B	2678	525	403	786.0	149	157	109.0
chr16	67626627	67626629	CTCF_X8B	3363	486	561	983.0	238	192	151.0
chr16	67626629	67626631	CTCF_X8B	2179	350	431	817.0	107	121	130.0
chr16	67626630	67626632	CTCF_X8B	1787	317	469	401.0	145	171	90.0
chr16	67626631	67626633	CTCF_X8B	2166	400	508	640.0	150	98	98.0
chr16	67626632	67626634	CTCF_X8B	1866	377	372	603.0	115	46	57.0
chr16	67626633	67626635	CTCF_X8B	1398	290	310	413.0	48	70	56.0
chr16	67626634	67626636	CTCF_X8B	1312	294	226	412.0	55	47	56.0
chr16	67626635	67626637	CTCF_X8B	1139	236	208	225.0	50	54	15.0
chr16	67626636	67626638	CTCF_X8B	1478	328	260	445.0	81	38	41.0
chr16	67626637	67626639	CTCF_X8B	2063	331	406	476.0	29	36	27.0
chr16	67626638	67626640	CTCF_X8B	1986	358	443	532.0	72	93	49.0
chr16	67626639	67626641	CTCF_X8B	2434	580	476	747.0	124	107	101.0
chr16	67626640	67626642	CTCF_X8B	2372	453	514	537.0	110	63	88.0
chr16	67626642	67626644	CTCF_X8B	4816	814	883	1402.0	213	171	191.0
chr16	67626645	67626647	CTCF_X8B	2197	438	471	687.0	84	81	52.0
chr16	67626646	67626648	CTCF_X8B	2139	398	418	485.0	90	153	58.0
chr16	67626647	67626649	CTCF_X8B	6639	1264	1379	1822.0	274	218	240.0
chr16	67626650	67626652	CTCF_X8B	4514	871	886	1067.0	87	111	77.0
chr16	67626653	67626655	CTCF_X8B	1735	282	494	592.0	239	205	143.0
chr16	67626654	67626656	CTCF_X8B	4132	718	866	1236.0	825	669	678.0
chr16	67626657	67626659	CTCF_X8B	1769	282	463	645.0	308	226	284.0
chr16	67626658	67626660	CTCF_X8B	1841	253	416	586.0	639	575	438.0
chr16	67626659	67626661	CTCF_X8B	1299	295	308	482.0	492	277	387.0
chr16	67626660	67626662	CTCF_X8B	1491	246	314	475.0	248	133	237.0
chr16	67626661	67626663	CTCF_X8B	1697	241	299	483.0	307	267	308.0
chr16	67626662	67626664	CTCF_X8B	1787	369	385	591.0	442	388	239.0
chr16	67626663	67626665	CTCF_X8B	3228	625	646	955.0	827	527	480.0
chr16	67626665	67626667	CTCF_X8B	5069	1160	959	1433.0	2330	1557	1769.0
chr16	67626668	67626670	CTCF_X8B	1490	385	310	445.0	619	442	456.0
chr16	67626669	67626671	CTCF_X8B	2725	498	612	777.0	1132	917	916.0
chr16	67626671	67626673	CTCF_X8B	1798	463	393	719.0	993	594	778.0
chr16	67626672	67626674	CTCF_X8B	4781	843	957	1572.0	2037	1389	1604.0
chr16	67626675	67626677	CTCF_X8B	1907	403	406	757.0	837	840	782.0
chr16	67626676	67626678	CTCF_X8B	1738	359	376	565.0	719	845	553.0
chr16	67626677	67626679	CTCF_X8B	1744	334	325	592.0	708	732	597.0
chr16	67626678	67626680	CTCF_X8B	1827	337	361	698.0	717	619	720.0
chr16	67626679	67626681	CTCF_X8B	1591	282	309	627.0	531	421	650.0
chr16	67626680	67626682	CTCF_X8B	1462	316	258	434.0	576	402	595.0
chr16	67626681	67626683	CTCF_X8B	1036	235	137	241.0	6	5	17.0
chr16	67626682	67626684	CTCF_X8B	1331	246	206	444.0	430	366	469.0
chr16	67626683	67626685	CTCF_X8B	1919	396	309	620.0	810	453	625.0
chr16	67626684	67626686	CTCF_X8B	1696	340	314	368.0	447	377	446.0
chr16	67626685	67626687	CTCF_X8B	2265	409	482	648.0	727	728	368.0
chr16	67626686	67626688	CTCF_X8B	1773	264	437	592.0	423	582	513.0
chr16	67626687	67626689	CTCF_X8B	1714	324	384	499.0	557	329	339.0
chr16	67626688	67626690	CTCF_X8B	1642	402	289	448.0	572	548	510.0
chr16	67626689	67626691	CTCF_X8B	1860	338	300	611.0	666	542	612.0
chr16	67626690	67626692	CTCF_X8B	4021	710	920	1230.0	1658	1266	1336.0
chr16	67626692	67626694	CTCF_X8B	1520	264	358	499.0	690	589	466.0
chr16	67626693	67626695	CTCF_X8B	1758	384	344	531.0	642	479	426.0
chr16	67626694	67626696	CTCF_X8B	2597	414	420	925.0	410	325	339.0
chr16	67626696	67626698	CTCF_X8B	1702	319	321	529.0	619	444	362.0
chr16	67626697	67626699	CTCF_X8B	1697	334	293	488.0	389	307	282.0
chr16	67626699	67626701	CTCF_X8B	2303	394	394	540.0	690	391	471.0
chr16	67626701	67626703	CTCF_X8B	1080	192	213	265.0	250	212	186.0
chr16	67626702	67626704	CTCF_X8B	1243	165	159	284.0	198	222	227.0
chr16	67626703	67626705	CTCF_X8B	1336	141	197	251.0	175	194	122.0
chr16	67626704	67626706	CTCF_X8B	1725	176	181	293.0	357	162	185.0
chr16	67626705	67626707	CTCF_X8B	1407	155	167	264.0	269	175	180.0
chr16	67626706	67626708	CTCF_X8B	3356	313	323	436.0	546	358	371.0
chr16	67626708	67626710	CTCF_X8B	3352	211	265	364.0	36	26	15.0
chr16	67626710	67626712	CTCF_X8B	1862	155	116	305.0	253	139	262.0
chr16	67626711	67626713	CTCF_X8B	1678	136	146	223.0	203	209	278.0
chr16	67626712	67626714	CTCF_X8B	2197	144	150	148.0	60	67	29.0
chr16	67626713	67626715	CTCF_X8B	2067	105	116	177.0	23	12	4.0
chr16	67626714	67626716	CTCF_X8B	2293	121	154	137.0	19	10	3.0
chr16	67626715	67626717	CTCF_X8B	2342	136	156	226.0	10	12	20.0
chr16	67626716	67626718	CTCF_X8B	2775	134	171	260.0	41	19	44.0
chr16	67626718	67626720	CTCF_X8B	3063	167	177	269.0	410	346	258.0
chr16	67626720	67626722	CTCF_X8B	1700	74	123	186.0	139	120	131.0
chr16	67626721	67626723	CTCF_X8B	1524	108	92	127.0	146	133	163.0
chr16	67626722	67626724	CTCF_X8B	1433	71	42	145.0	186	82	131.0
chr16	67626723	67626725	CTCF_X8B	1693	92	95	183.0	182	147	184.0
chr16	67626724	67626726	CTCF_X8B	3250	126	132	165.0	307	212	191.0
chr16	67626726	67626728	CTCF_X8B	2537	137	152	233.0	217	161	236.0
chr16	67626728	67626730	CTCF_X8B	861	33	42	46.0	76	48	60.0
chr16	67626729	67626731	CTCF_X8B	1046	40	40	94.0	144	57	50.0
chr16	67626730	67626732	CTCF_X8B	1011	46	39	61.0	103	70	50.0
chr16	67626731	67626733	CTCF_X8B	1232	42	64	72.0	78	94	57.0
chr16	67626732	67626734	CTCF_X8B	899	42	38	36.0	85	28	15.0
chr16	67628338	67628340	CTCF_X9A	2232	352	190	391.0	362	408	498.0
chr16	67628340	67628342	CTCF_X9A	1865	398	129	276.0	325	386	379.0
chr16	67628341	67628343	CTCF_X9A	2020	263	122	321.0	322	414	513.0
chr16	67628342	67628344	CTCF_X9A	2290	476	176	554.0	578	543	870.0
chr16	67628343	67628345	CTCF_X9A	3540	417	202	483.0	732	423	589.0
chr16	67628345	67628347	CTCF_X9A	4085	636	278	708.0	880	741	884.0
chr16	67628346	67628348	CTCF_X9A	3109	542	247	401.0	583	440	630.0
chr16	67628347	67628349	CTCF_X9A	4147	563	262	518.0	847	704	827.0
chr16	67628348	67628350	CTCF_X9A	1748	201	107	235.0	219	215	443.0
chr16	67628349	67628351	CTCF_X9A	2645	537	224	530.0	692	363	697.0
chr16	67628350	67628352	CTCF_X9A	3673	694	240	517.0	662	731	890.0
chr16	67628351	67628353	CTCF_X9A	3216	442	296	538.0	562	815	1037.0
chr16	67628352	67628354	CTCF_X9A	7925	1327	537	1219.0	1477	1531	1498.0
chr16	67628355	67628357	CTCF_X9A	3091	402	272	676.0	375	587	898.0
chr16	67628356	67628358	CTCF_X9A	2544	431	181	567.0	503	455	608.0
chr16	67628357	67628359	CTCF_X9A	1979	425	172	425.0	369	382	843.0
chr16	67628358	67628360	CTCF_X9A	2981	324	180	456.0	459	539	749.0
chr16	67628359	67628361	CTCF_X9A	2035	340	185	336.0	342	354	646.0
chr16	67628360	67628362	CTCF_X9A	5989	945	550	922.0	1087	1062	1476.0
chr16	67628362	67628364	CTCF_X9A	1771	422	128	316.0	343	244	557.0
chr16	67628363	67628365	CTCF_X9A	1602	320	157	356.0	340	336	508.0
chr16	67628364	67628366	CTCF_X9A	1962	376	104	278.0	290	382	370.0
chr16	67628365	67628367	CTCF_X9A	1786	331	161	358.0	608	381	524.0
chr16	67628366	67628368	CTCF_X9A	2253	312	166	340.0	305	250	392.0
chr16	67628367	67628369	CTCF_X9A	1985	284	150	399.0	214	169	409.0
chr16	67628368	67628370	CTCF_X9A	8774	1454	578	1570.0	1315	1211	1843.0
chr16	67628371	67628373	CTCF_X9A	2163	320	212	254.0	293	309	450.0
chr16	67628372	67628374	CTCF_X9A	4844	626	434	704.0	468	892	961.0
chr16	67628374	67628376	CTCF_X9A	3604	501	362	570.0	519	642	944.0
chr16	67628375	67628377	CTCF_X9A	2404	519	291	346.0	416	458	542.0
chr16	67628376	67628378	CTCF_X9A	4187	575	178	731.0	462	569	738.0
chr16	67628377	67628379	CTCF_X9A	1635	302	135	248.0	329	323	270.0
chr16	67628378	67628380	CTCF_X9A	1329	232	102	204.0	167	138	142.0
chr16	67628379	67628381	CTCF_X9A	6241	1335	681	1211.0	1086	1043	1559.0
chr16	67628382	67628384	CTCF_X9A	5907	804	547	1038.0	808	1105	1579.0
chr16	67628385	67628387	CTCF_X9A	1983	336	168	264.0	257	287	243.0
chr16	67628386	67628388	CTCF_X9A	3123	576	287	542.0	617	455	789.0
chr16	67628387	67628389	CTCF_X9A	2396	229	174	416.0	301	281	517.0
chr16	67628388	67628390	CTCF_X9A	3408	641	276	391.0	411	532	541.0
chr16	67628389	67628391	CTCF_X9A	3993	662	311	683.0	515	511	831.0
chr16	67628391	67628393	CTCF_X9A	2950	364	259	311.0	318	363	602.0
chr16	67628392	67628394	CTCF_X9A	1498	200	87	146.0	239	126	270.0
chr16	67628393	67628395	CTCF_X9A	2798	413	194	403.0	379	258	405.0
chr16	67628394	67628396	CTCF_X9A	2752	335	129	317.0	365	414	516.0
chr16	67628395	67628397	CTCF_X9A	3504	678	480	881.0	424	588	1061.0
chr16	67628396	67628398	CTCF_X9A	4766	716	389	882.0	832	721	1045.0
chr16	67628398	67628400	CTCF_X9A	2857	555	170	444.0	377	302	706.0
chr16	67628399	67628401	CTCF_X9A	3443	566	235	511.0	522	466	874.0
chr16	67628401	67628403	CTCF_X9A	2853	465	245	367.0	317	383	582.0
chr16	67628402	67628404	CTCF_X9A	2187	538	184	421.0	305	343	732.0
chr16	67628404	67628406	CTCF_X9A	2158	362	166	259.0	423	284	333.0
chr16	67628406	67628408	CTCF_X9A	6614	874	384	835.0	955	733	1437.0
chr16	67628408	67628410	CTCF_X9A	3420	572	257	498.0	741	590	708.0
chr16	67628410	67628412	CTCF_X9A	6540	1063	457	1035.0	951	989	1248.0
chr16	67628413	67628415	CTCF_X9A	2091	295	42	277.0	340	176	604.0
chr16	67628414	67628416	CTCF_X9A	1743	219	78	149.0	244	317	218.0
chr16	67628415	67628417	CTCF_X9A	1931	203	114	304.0	122	194	281.0
chr16	67628416	67628418	CTCF_X9A	2208	278	122	316.0	264	292	480.0
chr16	67628417	67628419	CTCF_X9A	2424	412	208	512.0	472	447	726.0
chr16	67628418	67628420	CTCF_X9A	2790	570	271	423.0	427	392	626.0
chr16	67628419	67628421	CTCF_X9A	2185	249	129	393.0	286	365	565.0
chr16	67628420	67628422	CTCF_X9A	6098	710	300	592.0	988	672	967.0
chr16	67628422	67628424	CTCF_X9A	2692	281	170	301.0	223	335	425.0
chr16	67628423	67628425	CTCF_X9A	3745	398	149	426.0	496	427	383.0
chr16	67628425	67628427	CTCF_X9A	4968	668	189	451.0	613	566	811.0
chr16	67628428	67628430	CTCF_X9A	3568	564	293	623.0	659	550	894.0
chr16	67628429	67628431	CTCF_X9A	2188	311	266	379.0	433	469	785.0
chr16	67628431	67628433	CTCF_X9A	1375	252	78	263.0	264	279	260.0
chr16	67628432	67628434	CTCF_X9A	4330	921	484	1037.0	933	998	1151.0
chr16	67628434	67628436	CTCF_X9A	1820	355	194	348.0	334	466	380.0
chr16	67628435	67628437	CTCF_X9A	3810	661	412	781.0	697	612	1066.0
chr16	67628439	67628441	CTCF_X9A	5582	910	520	889.0	695	663	1036.0
chr16	67628441	67628443	CTCF_X9A	1697	273	110	197.0	198	127	229.0
chr16	67628442	67628444	CTCF_X9A	1101	201	84	152.0	195	124	138.0
chr16	67628443	67628445	CTCF_X9A	2517	264	145	321.0	306	258	282.0
chr16	67628444	67628446	CTCF_X9A	2650	293	174	272.0	181	309	410.0
chr16	67628446	67628448	CTCF_X9A	2036	208	101	260.0	145	162	251.0
chr16	67628447	67628449	CTCF_X9A	6094	615	233	582.0	367	481	799.0
chr16	67628450	67628452	CTCF_X9A	963	79	54	98.0	82	77	129.0
chr16	67628451	67628453	CTCF_X9A	3335	400	230	414.0	386	303	470.0
chr16	67628452	67628454	CTCF_X9A	4688	350	152	364.0	250	212	318.0
chr16	67628455	67628457	CTCF_X9A	8941	638	356	694.0	579	671	1034.0
chr16	67628421	67628423	CTCF_X9B	2661	1208	1273	1850.0	1205	1836	1948.0
chr16	67628422	67628424	CTCF_X9B	1170	619	729	668.0	622	879	621.0
chr16	67628423	67628425	CTCF_X9B	4893	2732	2446	2472.0	2217	2785	2579.0
chr16	67628425	67628427	CTCF_X9B	5940	2352	2881	2686.0	2518	4778	3517.0
chr16	67628428	67628430	CTCF_X9B	2846	1329	1237	1527.0	1312	2231	2096.0
chr16	67628429	67628431	CTCF_X9B	4714	2601	2551	2611.0	2104	3216	3312.0
chr16	67628431	67628433	CTCF_X9B	2589	1249	1476	1485.0	894	1433	1170.0
chr16	67628432	67628434	CTCF_X9B	5325	2288	3132	2589.0	2274	3072	3205.0
chr16	67628434	67628436	CTCF_X9B	3136	1466	1717	1517.0	1175	2247	1961.0
chr16	67628435	67628437	CTCF_X9B	2993	1561	1307	1573.0	1185	1703	1721.0
chr16	67628436	67628438	CTCF_X9B	2312	1376	1671	1610.0	973	2073	1521.0
chr16	67628437	67628439	CTCF_X9B	3951	2674	2023	2927.0	1743	2891	2946.0
chr16	67628439	67628441	CTCF_X9B	4822	3213	3046	3137.0	2224	3597	2768.0
chr16	67628441	67628443	CTCF_X9B	3154	1510	1407	1802.0	1238	1417	1524.0
chr16	67628442	67628444	CTCF_X9B	3076	1402	1550	1398.0	1207	2110	1364.0
chr16	67628443	67628445	CTCF_X9B	2589	1279	1279	1837.0	1136	1328	1541.0
chr16	67628444	67628446	CTCF_X9B	3841	2219	2468	1899.0	1886	2942	2686.0
chr16	67628446	67628448	CTCF_X9B	1894	887	808	1048.0	752	1396	1009.0
chr16	67628447	67628449	CTCF_X9B	2951	1479	1446	1969.0	1536	1584	2025.0
chr16	67628450	67628452	CTCF_X9B	4789	3078	3142	3136.0	3038	4223	3960.0
chr16	67628455	67628457	CTCF_X9B	10010	4773	5131	5167.0	3748	6975	6416.0
chr16	67628459	67628461	CTCF_X9B	2829	1579	1762	1340.0	2011	2315	2245.0
chr16	67628460	67628462	CTCF_X9B	6449	4071	4118	4842.0	4201	6354	5996.0
chr16	67628463	67628465	CTCF_X9B	2363	1576	1689	1395.0	1669	2571	2095.0
chr16	67628464	67628466	CTCF_X9B	2643	1640	1545	1786.0	1336	2351	2178.0
chr16	67628465	67628467	CTCF_X9B	5458	3218	3757	3781.0	3310	5030	3800.0
chr16	67628467	67628469	CTCF_X9B	1947	1053	1492	1079.0	959	1690	1998.0
chr16	67628468	67628470	CTCF_X9B	2573	1635	2054	1960.0	1698	2495	1850.0
chr16	67628469	67628471	CTCF_X9B	2531	1451	1599	1597.0	1059	2123	1608.0
chr16	67628470	67628472	CTCF_X9B	2477	1497	1598	1723.0	1406	2181	1745.0
chr16	67628471	67628473	CTCF_X9B	1743	926	916	1283.0	727	1441	1252.0
chr16	67628472	67628474	CTCF_X9B	2684	1653	1669	1975.0	1079	1572	1469.0
chr16	67628473	67628475	CTCF_X9B	2475	1374	1395	1797.0	1207	1430	1573.0
chr16	67628474	67628476	CTCF_X9B	4273	2722	3119	3080.0	2535	3399	5225.0
chr16	67628476	67628478	CTCF_X9B	2613	1880	1585	1916.0	233	130	54.0
chr16	67628477	67628479	CTCF_X9B	2610	1747	1560	1430.0	1693	2894	2577.0
chr16	67628478	67628480	CTCF_X9B	2633	1740	2238	1799.0	2101	2329	2061.0
chr16	67628479	67628481	CTCF_X9B	3148	2126	2152	2171.0	1768	2346	3263.0
chr16	67628480	67628482	CTCF_X9B	3431	1844	2346	2269.0	1944	3024	3296.0
chr16	67628481	67628483	CTCF_X9B	3120	1931	2103	1711.0	1413	2639	2392.0
chr16	67628482	67628484	CTCF_X9B	2684	1442	1535	1903.0	1615	3007	1981.0
chr16	67628483	67628485	CTCF_X9B	2302	1753	1966	1753.0	1221	2588	2207.0
chr16	67628484	67628486	CTCF_X9B	1779	1259	1530	1004.0	934	1885	1392.0
chr16	67628485	67628487	CTCF_X9B	4276	2338	3138	3066.0	2287	4133	3924.0
chr16	67628487	67628489	CTCF_X9B	2375	1391	1751	1540.0	1655	2622	1653.0
chr16	67628488	67628490	CTCF_X9B	8122	5281	5155	5875.0	5260	6958	6580.0
chr16	67628491	67628493	CTCF_X9B	2781	1441	1644	1750.0	1602	2274	2401.0
chr16	67628492	67628494	CTCF_X9B	4437	2426	2475	2225.0	2509	3718	3291.0
chr16	67628494	67628496	CTCF_X9B	2900	1401	1937	2287.0	1721	2727	2805.0
chr16	67628495	67628497	CTCF_X9B	4936	2642	2593	3063.0	1963	4197	3962.0
chr16	67628497	67628499	CTCF_X9B	2049	887	882	1089.0	896	1670	1265.0
chr16	67628498	67628500	CTCF_X9B	3186	1481	1433	1673.0	1341	2257	2118.0
chr16	67628500	67628502	CTCF_X9B	5793	2781	3353	3669.0	2172	4170	3657.0
chr16	67628503	67628505	CTCF_X9B	1444	768	936	743.0	820	1429	1196.0
chr16	67628504	67628506	CTCF_X9B	3095	1749	1693	1814.0	1453	2404	2556.0
chr16	67628505	67628507	CTCF_X9B	2550	1113	1293	1708.0	1634	1569	2102.0
chr16	67628506	67628508	CTCF_X9B	4904	2595	2560	2551.0	2222	3622	3415.0
chr16	67628508	67628510	CTCF_X9B	7847	3496	4101	4876.0	3813	6288	6938.0
chr16	67628512	67628514	CTCF_X9B	2228	772	1182	972.0	877	1724	1507.0
chr16	67628513	67628515	CTCF_X9B	3687	1759	1747	1985.0	1443	2456	2362.0
chr16	67628515	67628517	CTCF_X9B	3893	1574	1331	1712.0	1179	2037	1462.0
chr16	67628517	67628519	CTCF_X9B	1721	686	707	587.0	565	1084	1016.0
chr16	67628518	67628520	CTCF_X9B	2225	704	854	992.0	557	821	992.0
chr16	67628519	67628521	CTCF_X9B	1957	754	479	779.0	721	835	820.0
chr16	67628520	67628522	CTCF_X9B	3180	1271	1069	1215.0	884	1600	1030.0
chr16	67628522	67628524	CTCF_X9B	3305	1271	998	733.0	61	134	193.0
chr16	67628524	67628526	CTCF_X9B	1695	423	505	504.0	23	25	74.0
chr16	67628525	67628527	CTCF_X9B	1627	513	479	651.0	321	875	670.0
chr16	67628526	67628528	CTCF_X9B	2186	439	410	733.0	637	911	1160.0
chr16	67628527	67628529	CTCF_X9B	2319	560	766	724.0	521	565	646.0
chr16	67628528	67628530	CTCF_X9B	1845	612	530	641.0	558	682	708.0
chr16	67628529	67628531	CTCF_X9B	2241	705	414	981.0	343	623	680.0
chr16	67628530	67628532	CTCF_X9B	4194	1344	943	1499.0	725	929	1367.0
chr16	67628532	67628534	CTCF_X9B	2284	642	791	586.0	621	793	588.0
chr16	67628533	67628535	CTCF_X9B	2317	498	802	528.0	477	748	384.0
chr16	67628534	67628536	CTCF_X9B	2403	843	926	562.0	597	696	587.0
chr16	67628535	67628537	CTCF_X9B	5147	1472	1027	1489.0	1142	1762	1856.0
chr16	67628537	67628539	CTCF_X9B	4314	1309	1399	1185.0	769	1459	1517.0
chr16	67628539	67628541	CTCF_X9B	2290	722	600	566.0	472	915	636.0
chr16	67628540	67628542	CTCF_X9B	2434	882	621	911.0	433	804	1216.0
chr16	67628541	67628543	CTCF_X9B	2318	470	426	724.0	393	645	464.0
chr16	67628475	67628477	CTCF_X9C	7774	378	409	889.0	714	530	637.0
chr16	67628476	67628478	CTCF_X9C	6686	200	343	556.0	29	122	43.0
chr16	67628477	67628479	CTCF_X9C	7338	461	694	613.0	578	797	719.0
chr16	67628478	67628480	CTCF_X9C	7520	486	627	773.0	427	809	526.0
chr16	67628479	67628481	CTCF_X9C	7882	550	320	830.0	427	468	881.0
chr16	67628480	67628482	CTCF_X9C	12833	886	1117	1046.0	927	1132	1086.0
chr16	67628481	67628483	CTCF_X9C	11315	1086	757	888.0	1438	944	1398.0
chr16	67628482	67628484	CTCF_X9C	8720	364	607	708.0	509	952	753.0
chr16	67628483	67628485	CTCF_X9C	9101	670	417	940.0	496	704	1106.0
chr16	67628484	67628486	CTCF_X9C	7050	431	365	501.0	283	508	547.0
chr16	67628485	67628487	CTCF_X9C	17368	1213	1341	1705.0	1151	1743	1818.0
chr16	67628487	67628489	CTCF_X9C	7960	469	437	948.0	730	908	1001.0
chr16	67628488	67628490	CTCF_X9C	30467	2313	2588	2877.0	2159	2562	3698.0
chr16	67628491	67628493	CTCF_X9C	9605	646	783	885.0	803	976	1066.0
chr16	67628492	67628494	CTCF_X9C	25645	1622	1824	2953.0	1711	2839	3277.0
chr16	67628494	67628496	CTCF_X9C	10332	1072	731	772.0	1076	1026	1392.0
chr16	67628495	67628497	CTCF_X9C	20428	2129	1902	2526.0	1981	2921	3566.0
chr16	67628497	67628499	CTCF_X9C	11579	855	1026	1123.0	747	1799	1595.0
chr16	67628498	67628500	CTCF_X9C	18597	2157	2412	2700.0	1916	2699	3366.0
chr16	67628500	67628502	CTCF_X9C	16613	1654	2178	2597.0	1600	3053	2378.0
chr16	67628503	67628505	CTCF_X9C	11159	1387	1530	1966.0	1386	2082	2350.0
chr16	67628504	67628506	CTCF_X9C	11599	1870	1652	1905.0	1489	2102	3100.0
chr16	67628506	67628508	CTCF_X9C	21642	3702	2898	4585.0	3767	3873	5344.0
chr16	67628508	67628510	CTCF_X9C	35421	5282	6414	7335.0	5459	8809	8062.0
chr16	67628511	67628513	CTCF_X9C	12271	1556	1882	3084.0	1719	2750	3206.0
chr16	67628512	67628514	CTCF_X9C	11101	1354	1604	2207.0	1349	1737	2607.0
chr16	67628513	67628515	CTCF_X9C	19840	3462	3298	4077.0	2649	3936	4346.0
chr16	67628515	67628517	CTCF_X9C	19947	2724	3837	3879.0	2415	4562	4234.0
chr16	67628517	67628519	CTCF_X9C	7277	987	1211	1629.0	1194	1561	1215.0
chr16	67628518	67628520	CTCF_X9C	8951	1649	1278	1988.0	1383	1396	1529.0
chr16	67628519	67628521	CTCF_X9C	11469	1697	1673	2217.0	1419	2255	2406.0
chr16	67628520	67628522	CTCF_X9C	19629	2847	2966	3408.0	2649	2757	3551.0
chr16	67628522	67628524	CTCF_X9C	18624	2215	2229	3188.0	370	308	346.0
chr16	67628524	67628526	CTCF_X9C	9911	948	1226	1743.0	196	136	181.0
chr16	67628525	67628527	CTCF_X9C	11103	1323	1510	2161.0	1360	1914	3025.0
chr16	67628526	67628528	CTCF_X9C	11280	1999	1544	2146.0	2101	1826	1842.0
chr16	67628527	67628529	CTCF_X9C	9792	1425	1610	1757.0	1480	1554	2046.0
chr16	67628528	67628530	CTCF_X9C	12073	1306	1556	1833.0	845	1495	1760.0
chr16	67628529	67628531	CTCF_X9C	8679	1102	1034	1506.0	703	1239	1145.0
chr16	67628530	67628532	CTCF_X9C	20670	3212	2411	4190.0	2562	2791	3706.0
chr16	67628532	67628534	CTCF_X9C	10778	1840	1819	1764.0	1139	1739	1385.0
chr16	67628533	67628535	CTCF_X9C	10483	1623	1862	1846.0	914	2428	1708.0
chr16	67628534	67628536	CTCF_X9C	11004	1771	1574	2249.0	1808	1762	2023.0
chr16	67628537	67628539	CTCF_X9C	18727	2660	2922	3252.0	2325	4159	4103.0
chr16	67628539	67628541	CTCF_X9C	8252	890	1481	1855.0	718	1448	1742.0
chr16	67628540	67628542	CTCF_X9C	10422	1045	2014	1900.0	1434	2143	1961.0
chr16	67628541	67628543	CTCF_X9C	9143	1161	1377	1495.0	753	1394	1617.0
chr16	67628542	67628544	CTCF_X9C	9944	1636	1315	1652.0	1337	1084	1319.0
chr16	67628543	67628545	CTCF_X9C	10460	1322	1585	2043.0	1234	2073	2512.0
chr16	67628544	67628546	CTCF_X9C	12745	2393	1864	2502.0	2343	2560	2104.0
chr16	67628545	67628547	CTCF_X9C	11686	1959	1952	2313.0	1822	2183	2289.0
chr16	67628546	67628548	CTCF_X9C	10898	1638	1930	2022.0	1540	2515	2335.0
chr16	67628547	67628549	CTCF_X9C	30275	4900	5186	6196.0	4281	5627	7706.0
chr16	67628550	67628552	CTCF_X9C	11675	1594	1621	2004.0	1720	1698	2429.0
chr16	67628551	67628553	CTCF_X9C	11708	1694	1815	2840.0	1811	2839	2640.0
chr16	67628552	67628554	CTCF_X9C	11781	1392	1688	1974.0	1212	1531	1358.0
chr16	67628553	67628555	CTCF_X9C	10906	1292	1400	2098.0	315	529	585.0
chr16	67628554	67628556	CTCF_X9C	9714	1003	1060	1704.0	226	398	310.0
chr16	67628555	67628557	CTCF_X9C	9212	829	1303	1327.0	93	296	95.0
chr16	67628556	67628558	CTCF_X9C	13863	1928	2068	2017.0	1933	2433	2583.0
chr16	67628557	67628559	CTCF_X9C	11874	1435	1653	2200.0	1533	2899	1899.0
chr16	67628558	67628560	CTCF_X9C	10774	1534	1491	1733.0	1256	2029	1926.0
chr16	67628559	67628561	CTCF_X9C	10154	1314	1604	1944.0	1039	2167	2443.0
chr16	67628560	67628562	CTCF_X9C	11022	1738	2030	2597.0	1461	2389	2783.0
chr16	67628561	67628563	CTCF_X9C	10614	1420	1867	1781.0	1647	2061	1946.0
chr16	67628562	67628564	CTCF_X9C	14679	2460	2218	3571.0	1991	3196	3764.0
chr16	67628564	67628566	CTCF_X9C	8824	1220	1507	1718.0	657	2078	1618.0
chr16	67628565	67628567	CTCF_X9C	12012	1518	1861	2323.0	1579	2320	2163.0
chr16	67628566	67628568	CTCF_X9C	22600	3411	3297	4548.0	3102	3814	4557.0
chr16	67628568	67628570	CTCF_X9C	9299	1546	1168	1631.0	1505	1633	2119.0
chr16	67628569	67628571	CTCF_X9C	6794	887	1026	1296.0	946	919	1554.0
chr16	67628570	67628572	CTCF_X9C	8598	964	1444	1460.0	1410	1539	1844.0
chr16	67628571	67628573	CTCF_X9C	7456	1178	1193	1479.0	917	1602	1617.0
chr16	67628572	67628574	CTCF_X9C	6724	1376	1162	1345.0	1437	1198	1313.0
chr16	67628573	67628575	CTCF_X9C	7900	1288	1186	1262.0	1176	1656	1401.0
chr16	67628574	67628576	CTCF_X9C	9046	1291	1261	1473.0	1621	1153	1691.0
chr16	67628575	67628577	CTCF_X9C	8755	992	1303	1818.0	1068	1328	2360.0
chr16	67628576	67628578	CTCF_X9C	8431	835	914	1579.0	708	1037	1791.0
chr16	67628577	67628579	CTCF_X9C	9302	1466	1554	1985.0	1490	2015	2325.0
chr16	67628578	67628580	CTCF_X9C	12442	1698	1863	2211.0	1740	2247	2427.0
chr16	67628580	67628582	CTCF_X9C	14502	2388	2572	3281.0	2967	3419	3025.0
chr16	67628582	67628584	CTCF_X9C	24910	4011	3522	4531.0	3587	4225	4811.0
chr16	67628585	67628587	CTCF_X9C	9236	1274	1312	1579.0	1542	2153	1619.0
chr16	67628586	67628588	CTCF_X9C	16782	2488	2677	2532.0	1983	3425	2887.0
chr16	67628588	67628590	CTCF_X9C	7551	1120	1101	1549.0	847	1431	1484.0
chr16	67628589	67628591	CTCF_X9C	8171	1258	1124	1237.0	1044	1124	1597.0
chr16	67628590	67628592	CTCF_X9C	7365	1131	1291	1233.0	980	1513	1200.0
chr16	67628591	67628593	CTCF_X9C	15156	2234	2197	2495.0	1779	2853	3088.0
chr16	67628593	67628595	CTCF_X9C	6347	981	763	1035.0	672	831	1225.0
chr16	67629362	67629364	CTCF_X10A	3118	1709	1959	2904.0	2781	1420	2175.0
chr16	67629364	67629366	CTCF_X10A	1396	561	1209	1195.0	1092	710	957.0
chr16	67629368	67629370	CTCF_X10A	1969	977	1117	1588.0	1494	731	1153.0
chr16	67629369	67629371	CTCF_X10A	1391	843	724	1298.0	1202	522	831.0
chr16	67629370	67629372	CTCF_X10A	1871	1192	1078	1664.0	1574	929	949.0
chr16	67629371	67629373	CTCF_X10A	1514	873	1120	1536.0	1335	685	1095.0
chr16	67629372	67629374	CTCF_X10A	1043	539	660	908.0	738	651	632.0
chr16	67629373	67629375	CTCF_X10A	2447	1371	1638	3089.0	1997	1151	2267.0
chr16	67629375	67629377	CTCF_X10A	3943	2333	2422	3607.0	3489	1742	2629.0
chr16	67629378	67629380	CTCF_X10A	922	427	497	1112.0	632	375	758.0
chr16	67629379	67629381	CTCF_X10A	1462	1017	871	1342.0	1101	622	758.0
chr16	67629380	67629382	CTCF_X10A	2204	1202	1404	2048.0	1720	844	1612.0
chr16	67629382	67629384	CTCF_X10A	3643	1924	2384	3431.0	3156	1469	2315.0
chr16	67629385	67629387	CTCF_X10A	4641	2459	3099	4376.0	3649	1962	3391.0
chr16	67629388	67629390	CTCF_X10A	4252	2466	2917	3629.0	3146	1823	2584.0
chr16	67629391	67629393	CTCF_X10A	5481	2885	3553	5498.0	4032	2598	3730.0
chr16	67629394	67629396	CTCF_X10A	2106	857	993	1311.0	218	139	138.0
chr16	67629395	67629397	CTCF_X10A	1919	755	861	1506.0	245	108	158.0
chr16	67629396	67629398	CTCF_X10A	4104	1888	1721	2990.0	528	187	546.0
chr16	67629398	67629400	CTCF_X10A	3082	1971	1931	3272.0	2812	1348	2448.0
chr16	67629400	67629402	CTCF_X10A	1386	755	891	1416.0	1214	503	848.0
chr16	67629401	67629403	CTCF_X10A	4293	2508	2402	4213.0	3066	1687	2810.0
chr16	67629403	67629405	CTCF_X10A	2184	1199	1541	2227.0	1778	898	1467.0
chr16	67629404	67629406	CTCF_X10A	2556	1284	1682	1810.0	1674	859	1400.0
chr16	67629405	67629407	CTCF_X10A	1577	770	916	1430.0	1197	579	925.0
chr16	67629406	67629408	CTCF_X10A	2411	1193	1612	2300.0	1950	806	1173.0
chr16	67629407	67629409	CTCF_X10A	2643	1585	1605	2513.0	1933	1067	1513.0
chr16	67629408	67629410	CTCF_X10A	1554	896	1001	1660.0	970	627	929.0
chr16	67629409	67629411	CTCF_X10A	4244	1849	2557	4147.0	2769	1540	2639.0
chr16	67629411	67629413	CTCF_X10A	2369	915	1443	1872.0	1156	670	886.0
chr16	67629412	67629414	CTCF_X10A	2284	1135	1123	1668.0	1116	595	758.0
chr16	67629413	67629415	CTCF_X10A	1948	1040	1051	1676.0	752	504	762.0
chr16	67629414	67629416	CTCF_X10A	1597	711	706	1231.0	756	378	519.0
chr16	67629415	67629417	CTCF_X10A	5130	2290	2556	3896.0	3473	1780	2364.0
chr16	67629418	67629420	CTCF_X10A	3725	1803	1957	2906.0	2276	1189	1714.0
chr16	67629420	67629422	CTCF_X10A	3580	1607	1443	2650.0	2424	905	1514.0
chr16	67629423	67629425	CTCF_X10A	1731	656	1008	1440.0	691	496	953.0
chr16	67629424	67629426	CTCF_X10A	3166	1395	1616	2332.0	1652	905	1098.0
chr16	67629426	67629428	CTCF_X10A	2490	945	936	1773.0	935	512	830.0
chr16	67629427	67629429	CTCF_X10A	2593	1197	1102	1782.0	1853	820	1084.0
chr16	67629430	67629432	CTCF_X10A	2019	679	752	1280.0	1062	570	1176.0
chr16	67629431	67629433	CTCF_X10A	2031	205	300	230.0	294	191	277.0
chr16	67629432	67629434	CTCF_X10A	1555	784	810	1423.0	1396	728	972.0
chr16	67629433	67629435	CTCF_X10A	1481	810	800	1191.0	1291	493	844.0
chr16	67629435	67629437	CTCF_X10A	1796	814	854	1232.0	1679	590	1094.0
chr16	67629436	67629438	CTCF_X10A	1347	596	832	1500.0	1222	724	835.0
chr16	67629437	67629439	CTCF_X10A	3452	2054	2077	2969.0	2918	1600	2056.0
chr16	67629439	67629441	CTCF_X10A	1966	843	930	1874.0	1295	611	1241.0
chr16	67629440	67629442	CTCF_X10A	4417	2169	2228	3566.0	2663	1643	2553.0
chr16	67629442	67629444	CTCF_X10A	1814	784	695	1061.0	1003	678	672.0
chr16	67629443	67629445	CTCF_X10A	3322	1011	1183	2086.0	2008	1051	1356.0
chr16	67629445	67629447	CTCF_X10A	2542	890	903	1633.0	1148	889	1092.0
chr16	67629446	67629448	CTCF_X10A	2891	1038	874	1791.0	1423	576	1130.0
chr16	67629448	67629450	CTCF_X10A	5517	1733	1792	2016.0	2357	1071	1707.0
chr16	67629451	67629453	CTCF_X10A	2085	581	638	1085.0	932	429	755.0
chr16	67629452	67629454	CTCF_X10A	1755	575	466	710.0	786	306	438.0
chr16	67629453	67629455	CTCF_X10A	3314	769	780	1265.0	1212	630	936.0
chr16	67629455	67629457	CTCF_X10A	1669	464	494	795.0	689	366	424.0
chr16	67629456	67629458	CTCF_X10A	1619	399	426	778.0	547	337	412.0
chr16	67629457	67629459	CTCF_X10A	1866	416	506	663.0	495	280	414.0
chr16	67629458	67629460	CTCF_X10A	7677	1619	1731	2916.0	2048	1288	1688.0
chr16	67629463	67629465	CTCF_X10A	3571	585	516	906.0	793	363	570.0
chr16	67629465	67629467	CTCF_X10A	1907	370	290	483.0	601	248	330.0
chr16	67629466	67629468	CTCF_X10A	2214	311	279	773.0	272	262	464.0
chr16	67629467	67629469	CTCF_X10A	2500	327	420	651.0	526	337	573.0
chr16	67629469	67629471	CTCF_X10A	9436	1534	1424	2766.0	2480	1064	1806.0
chr16	67629475	67629477	CTCF_X10A	1485	312	385	374.0	308	190	220.0
chr16	67629476	67629478	CTCF_X10A	2743	432	389	629.0	690	248	354.0
chr16	67629441	67629443	CTCF_X10B	962	252	316	297.0	236	200	313.0
chr16	67629442	67629444	CTCF_X10B	1386	247	389	138.0	249	188	364.0
chr16	67629443	67629445	CTCF_X10B	1913	552	465	436.0	432	387	727.0
chr16	67629445	67629447	CTCF_X10B	1046	367	238	195.0	113	222	307.0
chr16	67629446	67629448	CTCF_X10B	3012	926	772	473.0	981	869	748.0
chr16	67629448	67629450	CTCF_X10B	5898	1644	1454	1908.0	1504	1534	1761.0
chr16	67629451	67629453	CTCF_X10B	2281	785	798	649.0	710	656	732.0
chr16	67629452	67629454	CTCF_X10B	1968	654	597	521.0	451	808	575.0
chr16	67629453	67629455	CTCF_X10B	2997	743	756	759.0	695	708	703.0
chr16	67629455	67629457	CTCF_X10B	1829	429	614	444.0	400	622	573.0
chr16	67629456	67629458	CTCF_X10B	2259	619	702	637.0	605	392	678.0
chr16	67629457	67629459	CTCF_X10B	2319	798	545	608.0	536	700	701.0
chr16	67629458	67629460	CTCF_X10B	9917	2905	3213	2959.0	2351	3126	3195.0
chr16	67629463	67629465	CTCF_X10B	5378	1728	1364	1520.0	1677	1837	1717.0
chr16	67629465	67629467	CTCF_X10B	1923	518	602	587.0	383	458	675.0
chr16	67629466	67629468	CTCF_X10B	2541	850	992	801.0	800	1185	848.0
chr16	67629467	67629469	CTCF_X10B	3015	1228	950	683.0	1090	703	950.0
chr16	67629469	67629471	CTCF_X10B	7271	4116	3681	3521.0	3623	4185	4420.0
chr16	67629475	67629477	CTCF_X10B	2453	1775	1387	800.0	1278	1723	1603.0
chr16	67629478	67629480	CTCF_X10B	1991	1419	1181	1403.0	1155	1432	1305.0
chr16	67629480	67629482	CTCF_X10B	1704	935	879	823.0	842	1384	1002.0
chr16	67629481	67629483	CTCF_X10B	1830	1104	1236	976.0	958	1323	1357.0
chr16	67629482	67629484	CTCF_X10B	2735	1290	1649	1460.0	1562	1443	2141.0
chr16	67629483	67629485	CTCF_X10B	4635	2705	3121	1976.0	2385	3262	2831.0
chr16	67629485	67629487	CTCF_X10B	1890	1040	1056	1068.0	1055	1294	1456.0
chr16	67629486	67629488	CTCF_X10B	8169	4843	4307	3981.0	4547	5274	5025.0
chr16	67629490	67629492	CTCF_X10B	6238	3671	3415	3355.0	3232	3327	3984.0
chr16	67629493	67629495	CTCF_X10B	5639	3574	3245	3214.0	3046	3830	3699.0
chr16	67629496	67629498	CTCF_X10B	2300	1185	1941	1443.0	1303	1796	1382.0
chr16	67629497	67629499	CTCF_X10B	4248	2195	1785	1925.0	2144	2095	2945.0
chr16	67629499	67629501	CTCF_X10B	2822	1703	1252	962.0	1429	1527	1551.0
chr16	67629501	67629503	CTCF_X10B	2678	1885	1303	1437.0	1700	1543	1792.0
chr16	67629502	67629504	CTCF_X10B	2804	1337	1639	1443.0	1507	1460	1858.0
chr16	67629503	67629505	CTCF_X10B	2258	1061	1105	953.0	1237	1058	1496.0
chr16	67629504	67629506	CTCF_X10B	3040	2024	1807	1576.0	1776	1923	2381.0
chr16	67629505	67629507	CTCF_X10B	2209	1340	1610	1138.0	1433	1544	1516.0
chr16	67629506	67629508	CTCF_X10B	1797	1486	1295	1118.0	1650	1543	1476.0
chr16	67629507	67629509	CTCF_X10B	2119	944	588	717.0	104	86	64.0
chr16	67629508	67629510	CTCF_X10B	1559	1327	734	501.0	959	864	857.0
chr16	67629509	67629511	CTCF_X10B	6851	3828	3905	2814.0	3762	4038	3247.0
chr16	67629512	67629514	CTCF_X10B	2267	1534	1084	1124.0	1227	1238	1246.0
chr16	67629513	67629515	CTCF_X10B	10941	7066	5666	5629.0	5802	5624	6953.0
chr16	67629518	67629520	CTCF_X10B	1505	853	715	557.0	727	700	791.0
chr16	67629519	67629521	CTCF_X10B	1774	716	733	689.0	852	1034	1082.0
chr16	67629520	67629522	CTCF_X10B	2507	1428	1416	1121.0	1331	1339	1624.0
chr16	67629521	67629523	CTCF_X10B	5273	2907	2583	2537.0	3228	2642	3094.0
chr16	67629524	67629526	CTCF_X10B	2694	1311	1042	1003.0	1263	1485	1509.0
chr16	67629525	67629527	CTCF_X10B	2251	1194	1160	1004.0	1192	1375	1020.0
chr16	67629526	67629528	CTCF_X10B	2258	901	1053	692.0	816	1072	1034.0
chr16	67629527	67629529	CTCF_X10B	1674	817	865	711.0	691	949	832.0
chr16	67629528	67629530	CTCF_X10B	2260	1287	1007	959.0	1318	951	962.0
chr16	67629529	67629531	CTCF_X10B	2137	1105	1346	1188.0	1210	1332	1240.0
chr16	67629530	67629532	CTCF_X10B	2560	1268	1515	1005.0	1360	1273	1386.0
chr16	67629531	67629533	CTCF_X10B	9161	4776	4230	4306.0	4556	4519	5428.0
chr16	67629534	67629536	CTCF_X10B	2802	1494	1230	1487.0	1574	1446	1567.0
chr16	67629535	67629537	CTCF_X10B	2293	801	1252	878.0	899	1147	1310.0
chr16	67629536	67629538	CTCF_X10B	2119	1117	686	769.0	275	250	224.0
chr16	67629537	67629539	CTCF_X10B	2160	896	968	621.0	831	1017	1003.0
chr16	67629538	67629540	CTCF_X10B	2842	1616	1400	1159.0	1262	1530	1593.0
chr16	67629539	67629541	CTCF_X10B	2873	1315	1778	965.0	1386	1692	1440.0
chr16	67629540	67629542	CTCF_X10B	2416	1156	1347	1226.0	1079	1596	1446.0
chr16	67629541	67629543	CTCF_X10B	1784	1111	830	742.0	866	892	961.0
chr16	67629542	67629544	CTCF_X10B	1753	792	565	365.0	817	1026	919.0
chr16	67629543	67629545	CTCF_X10B	6614	2640	3344	2885.0	3321	3815	3679.0
chr16	67629546	67629548	CTCF_X10B	1736	880	880	661.0	1002	1283	886.0
chr16	67629547	67629549	CTCF_X10B	2590	1173	1458	1197.0	1252	1404	1164.0
chr16	67629549	67629551	CTCF_X10B	1466	532	816	552.0	832	958	589.0
chr16	67629550	67629552	CTCF_X10B	1112	485	435	734.0	423	739	521.0
chr16	67629551	67629553	CTCF_X10B	3381	1353	1376	1219.0	1849	1919	1444.0
chr16	67629553	67629555	CTCF_X10B	1170	504	270	339.0	574	456	428.0
chr16	67629554	67629556	CTCF_X10B	1771	688	463	423.0	621	595	860.0
chr16	67629555	67629557	CTCF_X10B	835	446	508	326.0	551	437	524.0
chr16	67629556	67629558	CTCF_X10B	1634	646	546	744.0	756	597	830.0
chr16	67637655	67637657	CTCF_X12A	2019	881	867	1093.0	694	794	733.0
chr16	67637659	67637661	CTCF_X12A	2347	885	1377	1224.0	1045	838	742.0
chr16	67637660	67637662	CTCF_X12A	3839	1509	2153	1848.0	1512	1488	1216.0
chr16	67637663	67637665	CTCF_X12A	2852	1086	1695	1632.0	1074	1099	1078.0
chr16	67637665	67637667	CTCF_X12A	1303	509	689	751.0	484	671	494.0
chr16	67637666	67637668	CTCF_X12A	1826	784	951	933.0	829	666	539.0
chr16	67637667	67637669	CTCF_X12A	1625	552	793	971.0	611	785	662.0
chr16	67637668	67637670	CTCF_X12A	1682	429	784	697.0	729	639	604.0
chr16	67637669	67637671	CTCF_X12A	1205	481	676	752.0	442	481	499.0
chr16	67637670	67637672	CTCF_X12A	1574	618	1066	920.0	734	872	690.0
chr16	67637671	67637673	CTCF_X12A	1459	397	745	806.0	560	561	571.0
chr16	67637672	67637674	CTCF_X12A	3227	1024	1783	1692.0	1344	1277	1153.0
chr16	67637674	67637676	CTCF_X12A	1390	511	675	827.0	466	814	455.0
chr16	67637675	67637677	CTCF_X12A	7948	2955	4641	4766.0	3499	3707	3156.0
chr16	67637680	67637682	CTCF_X12A	1871	801	908	1094.0	707	867	612.0
chr16	67637681	67637683	CTCF_X12A	1138	462	426	638.0	610	455	415.0
chr16	67637682	67637684	CTCF_X12A	1458	421	770	827.0	449	606	509.0
chr16	67637683	67637685	CTCF_X12A	2286	678	1185	998.0	983	918	814.0
chr16	67637684	67637686	CTCF_X12A	1427	450	679	884.0	532	610	355.0
chr16	67637685	67637687	CTCF_X12A	5447	1705	2742	2658.0	1899	2199	1814.0
chr16	67637688	67637690	CTCF_X12A	3860	1266	1635	2184.0	1702	1456	1383.0
chr16	67637691	67637693	CTCF_X12A	4115	1259	2045	1862.0	1308	1396	1141.0
chr16	67637693	67637695	CTCF_X12A	1521	419	656	747.0	592	597	370.0
chr16	67637701	67637703	CTCF_X12A	2079	639	1072	877.0	607	476	679.0
chr16	67637703	67637705	CTCF_X12A	1588	386	760	511.0	439	636	400.0
chr16	67637704	67637706	CTCF_X12A	1555	666	847	661.0	537	589	453.0
chr16	67637705	67637707	CTCF_X12A	2579	865	1336	1293.0	846	1063	803.0
chr16	67637707	67637709	CTCF_X12A	1432	519	627	760.0	605	622	481.0
chr16	67637708	67637710	CTCF_X12A	5158	1700	2649	2614.0	1990	2194	1553.0
chr16	67637711	67637713	CTCF_X12A	2056	720	994	1053.0	678	885	688.0
chr16	67637712	67637714	CTCF_X12A	3620	793	1690	1609.0	1295	1410	1261.0
chr16	67637714	67637716	CTCF_X12A	1671	548	654	931.0	548	790	385.0
chr16	67637715	67637717	CTCF_X12A	3630	1250	1731	2131.0	1352	1475	1014.0
chr16	67637719	67637721	CTCF_X12A	1995	650	893	978.0	806	709	582.0
chr16	67637721	67637723	CTCF_X12A	2184	863	1001	946.0	925	839	667.0
chr16	67637722	67637724	CTCF_X12A	1894	458	732	717.0	710	618	391.0
chr16	67637723	67637725	CTCF_X12A	3909	1231	1978	1466.0	1370	1237	1027.0
chr16	67637725	67637727	CTCF_X12A	1937	428	482	772.0	476	606	416.0
chr16	67637726	67637728	CTCF_X12A	1627	436	603	585.0	267	374	332.0
chr16	67637727	67637729	CTCF_X12A	1707	255	662	537.0	373	407	297.0
chr16	67637728	67637730	CTCF_X12A	2004	289	546	443.0	411	388	266.0
chr16	67637729	67637731	CTCF_X12A	1662	237	465	454.0	394	323	297.0
chr16	67637730	67637732	CTCF_X12A	1531	254	327	438.0	341	351	283.0
chr16	67637731	67637733	CTCF_X12A	1926	407	572	464.0	276	348	315.0
chr16	67637732	67637734	CTCF_X12A	1839	391	588	493.0	264	303	315.0
chr16	67637733	67637735	CTCF_X12A	3952	653	931	1058.0	709	820	593.0
chr16	67637735	67637737	CTCF_X12A	3335	488	896	942.0	594	787	511.0
chr16	67637737	67637739	CTCF_X12A	851	256	247	194.0	145	176	167.0
chr16	67637738	67637740	CTCF_X12A	4181	687	1104	865.0	723	819	629.0
chr16	67637741	67637743	CTCF_X12A	1211	147	282	303.0	234	182	178.0
chr16	67637742	67637744	CTCF_X12A	3530	503	833	803.0	564	621	499.0
chr16	67637744	67637746	CTCF_X12A	3221	462	722	758.0	440	514	474.0
chr16	67637746	67637748	CTCF_X12A	2030	341	348	384.0	314	313	275.0
chr16	67637747	67637749	CTCF_X12A	4347	525	844	900.0	829	669	608.0
chr16	67637749	67637751	CTCF_X12A	3700	488	902	736.0	482	550	419.0
chr16	67637751	67637753	CTCF_X12A	1642	159	227	423.0	273	337	187.0
chr16	67637752	67637754	CTCF_X12A	9029	1251	2007	2027.0	1393	1591	1184.0
chr16	67637757	67637759	CTCF_X12A	4216	670	952	858.0	635	633	578.0
chr16	67637759	67637761	CTCF_X12A	1557	325	288	383.0	287	270	267.0
chr16	67637760	67637762	CTCF_X12A	1791	101	201	250.0	182	258	158.0
chr16	67637761	67637763	CTCF_X12A	2230	331	592	380.0	283	319	319.0
chr16	67637762	67637764	CTCF_X12A	1642	205	366	250.0	178	320	201.0
chr16	67637763	67637765	CTCF_X12A	1770	346	280	344.0	214	298	217.0
chr16	67637764	67637766	CTCF_X12A	1370	213	253	420.0	159	321	157.0
chr16	67637765	67637767	CTCF_X12A	3990	509	829	694.0	675	476	368.0
chr16	67637767	67637769	CTCF_X12A	4552	486	767	707.0	586	559	428.0
chr16	67637770	67637772	CTCF_X12A	1461	182	347	233.0	138	114	199.0
chr16	67637771	67637773	CTCF_X12A	646	71	35	151.0	93	118	54.0
chr16	67637772	67637774	CTCF_X12A	1832	236	345	397.0	162	277	226.0
chr16	67637773	67637775	CTCF_X12A	1827	193	195	263.0	193	275	116.0
chr16	67637736	67637738	CTCF_X12B	837	508	896	475.0	344	287	236.0
chr16	67637738	67637740	CTCF_X12B	4165	2289	5627	1883.0	1549	1596	1029.0
chr16	67637741	67637743	CTCF_X12B	1557	909	1229	588.0	413	511	424.0
chr16	67637742	67637744	CTCF_X12B	2778	1205	4070	930.0	664	1239	618.0
chr16	67637744	67637746	CTCF_X12B	3105	2407	3833	1880.0	1551	1390	819.0
chr16	67637746	67637748	CTCF_X12B	1544	511	1802	824.0	606	329	595.0
chr16	67637747	67637749	CTCF_X12B	3874	1850	3675	2000.0	1471	1166	859.0
chr16	67637749	67637751	CTCF_X12B	3208	1882	4233	1692.0	1306	1176	775.0
chr16	67637751	67637753	CTCF_X12B	1943	1419	2419	1011.0	691	840	597.0
chr16	67637752	67637754	CTCF_X12B	6913	5675	8622	3360.0	3966	2907	2269.0
chr16	67637757	67637759	CTCF_X12B	3749	2249	5195	1942.0	1474	2421	1138.0
chr16	67637759	67637761	CTCF_X12B	2229	1715	3673	1080.0	1135	1201	512.0
chr16	67637760	67637762	CTCF_X12B	1636	1361	1939	619.0	781	943	342.0
chr16	67637761	67637763	CTCF_X12B	2647	1879	4092	1299.0	1274	992	541.0
chr16	67637762	67637764	CTCF_X12B	1782	671	2634	834.0	779	928	267.0
chr16	67637763	67637765	CTCF_X12B	1435	829	1419	867.0	403	628	565.0
chr16	67637764	67637766	CTCF_X12B	1593	1128	2120	968.0	564	829	527.0
chr16	67637765	67637767	CTCF_X12B	3683	2233	5532	2099.0	1536	1851	1232.0
chr16	67637767	67637769	CTCF_X12B	5565	3024	9239	3478.0	1948	2402	1976.0
chr16	67637770	67637772	CTCF_X12B	2096	1187	2736	1122.0	607	986	582.0
chr16	67637771	67637773	CTCF_X12B	2262	1007	2986	1268.0	748	1296	615.0
chr16	67637772	67637774	CTCF_X12B	1633	915	4848	1033.0	592	1506	787.0
chr16	67637773	67637775	CTCF_X12B	2772	1707	2340	1595.0	1256	676	910.0
chr16	67637774	67637776	CTCF_X12B	2600	1488	3620	1282.0	973	1471	689.0
chr16	67637775	67637777	CTCF_X12B	3351	2157	5646	1418.0	1033	1664	726.0
chr16	67637779	67637781	CTCF_X12B	5261	3470	7428	1783.0	2471	2722	1567.0
chr16	67637783	67637785	CTCF_X12B	2713	1964	3422	1042.0	1467	754	710.0
chr16	67637785	67637787	CTCF_X12B	1693	1181	2167	968.0	792	722	603.0
chr16	67637786	67637788	CTCF_X12B	5068	3337	5071	2922.0	1994	1916	1652.0
chr16	67637789	67637791	CTCF_X12B	4871	2835	5475	2056.0	1982	1772	1025.0
chr16	67637792	67637794	CTCF_X12B	9485	6902	14533	4486.0	3898	4079	2898.0
chr16	67637797	67637799	CTCF_X12B	2198	1630	2070	975.0	834	951	653.0
chr16	67637798	67637800	CTCF_X12B	2233	1502	3778	1216.0	949	1028	691.0
chr16	67637799	67637801	CTCF_X12B	2981	1532	2343	1914.0	816	800	1136.0
chr16	67637800	67637802	CTCF_X12B	2587	2187	2941	1410.0	1082	1392	939.0
chr16	67637801	67637803	CTCF_X12B	4293	3507	5057	2175.0	2194	1688	1600.0
chr16	67637803	67637805	CTCF_X12B	3180	1687	5138	1900.0	1439	1783	1178.0
chr16	67637804	67637806	CTCF_X12B	2504	1794	3760	1044.0	1302	1237	366.0
chr16	67637805	67637807	CTCF_X12B	4814	3277	7320	2530.0	1849	2275	1457.0
chr16	67637807	67637809	CTCF_X12B	6152	4159	8956	3287.0	2295	2290	1968.0
chr16	67637810	67637812	CTCF_X12B	2564	1469	4270	1363.0	996	1519	774.0
chr16	67637811	67637813	CTCF_X12B	3408	2342	4803	1143.0	1701	1400	872.0
chr16	67637813	67637815	CTCF_X12B	2131	1063	3041	975.0	872	1059	723.0
chr16	67637814	67637816	CTCF_X12B	1897	1598	1603	702.0	886	710	603.0
chr16	67637815	67637817	CTCF_X12B	1739	1204	3538	710.0	833	912	402.0
chr16	67637816	67637818	CTCF_X12B	3797	2366	4827	1860.0	1985	1382	1251.0
chr16	67637819	67637821	CTCF_X12B	3686	2574	5188	2496.0	1876	1262	1680.0
chr16	67637820	67637822	CTCF_X12B	4628	3443	6303	3137.0	2087	2013	1788.0
chr16	67637823	67637825	CTCF_X12B	1709	1418	2534	1091.0	654	689	729.0
chr16	67637824	67637826	CTCF_X12B	1665	682	2528	543.0	473	762	349.0
chr16	67637826	67637828	CTCF_X12B	1971	868	2164	579.0	563	633	464.0
chr16	67637827	67637829	CTCF_X12B	1958	872	2565	868.0	680	484	735.0
chr16	67637828	67637830	CTCF_X12B	4146	2395	5129	1622.0	1694	1793	1152.0
chr16	67637830	67637832	CTCF_X12B	1636	696	2566	910.0	507	689	393.0
chr16	67637831	67637833	CTCF_X12B	1751	1495	1856	617.0	1023	474	564.0
chr16	67637832	67637834	CTCF_X12B	1899	1091	3482	1053.0	942	943	768.0
chr16	67637833	67637835	CTCF_X12B	3121	1798	2795	966.0	1242	825	676.0
chr16	67637835	67637837	CTCF_X12B	1649	1254	2564	785.0	744	584	385.0
chr16	67637836	67637838	CTCF_X12B	1594	724	2290	798.0	552	475	475.0
chr16	67637837	67637839	CTCF_X12B	1851	743	1025	675.0	562	451	632.0
chr16	67637838	67637840	CTCF_X12B	3241	1625	4125	1130.0	973	1311	718.0
chr16	67637840	67637842	CTCF_X12B	2392	1388	1672	593.0	646	685	543.0
chr16	67637841	67637843	CTCF_X12B	1794	1482	3332	898.0	641	607	491.0
chr16	67637842	67637844	CTCF_X12B	2355	1608	2961	970.0	927	783	625.0
chr16	67637843	67637845	CTCF_X12B	1567	809	1318	659.0	482	535	316.0
chr16	67637844	67637846	CTCF_X12B	1369	1160	1618	1126.0	596	495	491.0
chr16	67637845	67637847	CTCF_X12B	5194	2980	6401	2187.0	2035	2377	1434.0
chr16	67637849	67637851	CTCF_X12B	1268	444	1240	454.0	323	233	210.0
chr16	67637850	67637852	CTCF_X12B	3615	1673	3883	1260.0	1239	1025	802.0
