chrom	start	end	target	snvlib_count	D05_R1	D05_R2	D05_R3	D13_R1	D13_R2	D13_R3	D12_R1	D12_R2	D12_R3
chr16	23641125	23641127	PALB2_X1A	16830	969	1521	1280.0	976.0	1103.0	883.0			
chr16	23641126	23641128	PALB2_X1A	27136	1754	1994	1533.0	1500.0	1271.0	1290.0			
chr16	23641128	23641130	PALB2_X1A	20854	1370	1805	1869.0	1312.0	1450.0	1234.0			
chr16	23641130	23641132	PALB2_X1A	15288	1012	1226	1446.0	1292.0	1109.0	1404.0			
chr16	23641131	23641133	PALB2_X1A	17855	1191	1496	1354.0	1522.0	1046.0	1311.0			
chr16	23641133	23641135	PALB2_X1A	23004	2231	2793	3005.0	3210.0	2781.0	2858.0			
chr16	23641135	23641137	PALB2_X1A	10032	831	1050	1112.0	1473.0	956.0	924.0			
chr16	23641136	23641138	PALB2_X1A	11064	603	1083	1077.0	832.0	916.0	944.0			
chr16	23641137	23641139	PALB2_X1A	17041	2005	2247	1605.0	1452.0	1622.0	1359.0			
chr16	23641139	23641141	PALB2_X1A	13417	2281	3191	2869.0	2459.0	2464.0	2435.0			
chr16	23641140	23641142	PALB2_X1A	11259	2289	3070	2337.0	2983.0	2538.0	1948.0			
chr16	23641141	23641143	PALB2_X1A	11920	2502	2927	2660.0	3825.0	3100.0	2456.0			
chr16	23641142	23641144	PALB2_X1A	11708	2044	3122	2773.0	2673.0	3167.0	2856.0			
chr16	23641143	23641145	PALB2_X1A	9989	1654	2174	2358.0	1957.0	1890.0	2234.0			
chr16	23641144	23641146	PALB2_X1A	30247	5424	6719	6073.0	6965.0	5739.0	4910.0			
chr16	23641147	23641149	PALB2_X1A	12983	2633	2639	2363.0	3394.0	2564.0	2155.0			
chr16	23641148	23641150	PALB2_X1A	8761	1279	2369	1550.0	1696.0	2315.0	1606.0			
chr16	23641149	23641151	PALB2_X1A	12958	2251	2914	2748.0	2793.0	3389.0	2966.0			
chr16	23641154	23641156	PALB2_X1A	13078	916	1326	1328.0	893.0	1044.0	957.0			
chr16	23641155	23641157	PALB2_X1A	35135	2441	3589	2526.0	1911.0	2448.0	2224.0			
chr16	23641157	23641159	PALB2_X1A	18636	1284	1576	1385.0	1349.0	1521.0	1039.0			
chr16	23641158	23641160	PALB2_X1A	19243	3254	4285	4200.0	4079.0	4162.0	3604.0			
chr16	23641159	23641161	PALB2_X1A	14959	3104	4266	3527.0	3253.0	4256.0	3639.0			
chr16	23641160	23641162	PALB2_X1A	11505	2130	2792	2141.0	2363.0	2409.0	1795.0			
chr16	23641161	23641163	PALB2_X1A	32176	6247	8319	7228.0	8060.0	8554.0	6960.0			
chr16	23641163	23641165	PALB2_X1A	7879	1674	2101	1747.0	2307.0	2363.0	2026.0			
chr16	23641164	23641166	PALB2_X1A	26202	4414	5219	4978.0	6567.0	5323.0	4822.0			
chr16	23641166	23641168	PALB2_X1A	33980	5005	6605	5776.0	6717.0	6127.0	6314.0			
chr16	23641168	23641170	PALB2_X1A	17124	2447	3013	2953.0	3352.0	3443.0	3110.0			
chr16	23641169	23641171	PALB2_X1A	19784	2887	3758	3007.0	2965.0	3391.0	2461.0			
chr16	23641170	23641172	PALB2_X1A	18846	2729	3748	2632.0	3371.0	3506.0	2337.0			
chr16	23641172	23641174	PALB2_X1A	16609	1886	3202	3125.0	2566.0	2785.0	3035.0			
chr16	23641173	23641175	PALB2_X1A	31396	4027	5236	4754.0	5487.0	4977.0	3940.0			
chr16	23641175	23641177	PALB2_X1A	9756	1267	1852	1664.0	1497.0	1505.0	1557.0			
chr16	23641176	23641178	PALB2_X1A	32285	4073	6271	5042.0	4880.0	5651.0	5008.0			
chr16	23641178	23641180	PALB2_X1A	24527	3224	4315	4230.0	4040.0	3659.0	3613.0			
chr16	23641180	23641182	PALB2_X1A	8474	1557	1386	1157.0	1641.0	1537.0	933.0			
chr16	23641181	23641183	PALB2_X1A	57984	8600	10272	8739.0	9858.0	9533.0	8326.0			
chr16	23641185	23641187	PALB2_X1A	31813	4173	5984	6092.0	4876.0	5606.0	4710.0			
chr16	23641187	23641189	PALB2_X1A	57385	8986	12149	11357.0	11560.0	11371.0	9531.0			
chr16	23641190	23641192	PALB2_X1A	55902	8474	9725	9422.0	9533.0	9204.0	8864.0			
chr16	23641193	23641195	PALB2_X1A	33319	4989	6018	4340.0	6641.0	5496.0	4403.0			
chr16	23641195	23641197	PALB2_X1A	15004	2130	2188	2252.0	2316.0	2028.0	2160.0			
chr16	23641196	23641198	PALB2_X1A	34264	4369	6973	5845.0	6232.0	6102.0	5613.0			
chr16	23641198	23641200	PALB2_X1A	11965	1943	2063	1529.0	2273.0	1911.0	1707.0			
chr16	23641199	23641201	PALB2_X1A	18164	2240	2671	2690.0	2932.0	2208.0	2287.0			
chr16	23641200	23641202	PALB2_X1A	15653	2202	2291	2226.0	3566.0	2302.0	1811.0			
chr16	23641201	23641203	PALB2_X1A	10933	1378	1773	1142.0	1303.0	2218.0	1135.0			
chr16	23641202	23641204	PALB2_X1A	26164	3292	5084	4650.0	4235.0	5129.0	3911.0			
chr16	23641203	23641205	PALB2_X1A	20472	3588	3722	3316.0	3903.0	2970.0	2665.0			
chr16	23641204	23641206	PALB2_X1A	57163	6918	9274	7818.0	8212.0	8548.0	7160.0			
chr16	23641206	23641208	PALB2_X1A	28766	3512	3731	4219.0	3883.0	3822.0	3668.0			
chr16	23641208	23641210	PALB2_X1A	27338	3150	3534	3704.0	3559.0	3457.0	3340.0			
chr16	23641210	23641212	PALB2_X1A	15379	1617	2521	2365.0	1919.0	2757.0	1762.0			
chr16	23641211	23641213	PALB2_X1A	25375	3372	5198	4287.0	4041.0	4224.0	3571.0			
chr16	23641213	23641215	PALB2_X1A	11526	1794	1986	1865.0	2176.0	1693.0	1438.0			
chr16	23641214	23641216	PALB2_X1A	7888	2462	3207	2581.0	2654.0	2692.0	2188.0			
chr16	23641215	23641217	PALB2_X1A	12232	1537	2306	1876.0	1693.0	2543.0	1445.0			
chr16	23641216	23641218	PALB2_X1A	11611	2154	2866	1957.0	2744.0	2422.0	1963.0			
chr16	23641217	23641219	PALB2_X1A	16657	3058	4027	3729.0	4052.0	3436.0	3049.0			
chr16	23641218	23641220	PALB2_X1A	16543	2368	3032	2847.0	3489.0	2860.0	2512.0			
chr16	23641219	23641221	PALB2_X1A	12061	1747	2110	1948.0	2033.0	1959.0	1658.0			
chr16	23641220	23641222	PALB2_X1A	21810	3010	3472	2943.0	3318.0	3089.0	3155.0			
chr16	23641221	23641223	PALB2_X1A	15563	1941	2193	1942.0	2677.0	1766.0	1689.0			
chr16	23641222	23641224	PALB2_X1A	15076	1410	2302	1823.0	1385.0	2064.0	1819.0			
chr16	23641223	23641225	PALB2_X1A	31879	4040	5653	4945.0	4456.0	6411.0	4005.0			
chr16	23641225	23641227	PALB2_X1A	13900	2239	2574	2214.0	2446.0	2538.0	2133.0			
chr16	23641226	23641228	PALB2_X1A	16655	2909	4057	3270.0	3331.0	3459.0	3310.0			
chr16	23641227	23641229	PALB2_X1A	14978	1851	2714	2337.0	2664.0	2517.0	2239.0			
chr16	23641228	23641230	PALB2_X1A	12848	2366	3385	2240.0	2529.0	3532.0	2063.0			
chr16	23641229	23641231	PALB2_X1A	8180	1604	2118	1557.0	1898.0	1904.0	1502.0			
chr16	23641230	23641232	PALB2_X1A	12822	2276	3177	2437.0	2734.0	3532.0	2295.0			
chr16	23641231	23641233	PALB2_X1A	20725	2404	3324	2902.0	3813.0	3105.0	3124.0			
chr16	23641232	23641234	PALB2_X1A	19547	2437	2780	2073.0	3093.0	2712.0	2054.0			
chr16	23641233	23641235	PALB2_X1A	21299	2745	3545	2628.0	3258.0	3576.0	2630.0			
chr16	23641234	23641236	PALB2_X1A	30981	7499	8252	7926.0	8734.0	7434.0	6884.0			
chr16	23641236	23641238	PALB2_X1A	12672	2110	2754	2618.0	2636.0	2465.0	2336.0			
chr16	23641237	23641239	PALB2_X1A	21854	2602	3751	2382.0	3800.0	3886.0	1870.0			
chr16	23641239	23641241	PALB2_X1A	47913	6077	8041	6804.0	6616.0	7505.0	6059.0			
chr16	23641244	23641246	PALB2_X1A	53615	6723	7815	6578.0	6860.0	7653.0	6355.0			
chr16	23641076	23641078	PALB2_X1B	3828	7594	6343	7569.0	6664.0	5939.0	6139.0			
chr16	23641077	23641079	PALB2_X1B	825	2857	2074	2822.0	1923.0	2162.0	1999.0			
chr16	23641078	23641080	PALB2_X1B	2695	7252	5030	4889.0	5402.0	4723.0	4774.0			
chr16	23641080	23641082	PALB2_X1B	1578	5728	4533	5059.0	5033.0	3831.0	4233.0			
chr16	23641082	23641084	PALB2_X1B	1150	3395	2439	3520.0	2570.0	2934.0	2288.0			
chr16	23641083	23641085	PALB2_X1B	2485	5414	4256	4474.0	4286.0	3445.0	3465.0			
chr16	23641085	23641087	PALB2_X1B	728	2957	2357	2582.0	2039.0	1737.0	2067.0			
chr16	23641086	23641088	PALB2_X1B	3359	8622	6141	7967.0	6353.0	5482.0	5685.0			
chr16	23641089	23641091	PALB2_X1B	857	1992	1851	2079.0	1362.0	1389.0	1458.0			
chr16	23641090	23641092	PALB2_X1B	904	2640	1815	2050.0	1495.0	1353.0	1493.0			
chr16	23641091	23641093	PALB2_X1B	1028	4044	2712	3497.0	2790.0	2440.0	2770.0			
chr16	23641093	23641095	PALB2_X1B	1025	2990	2120	2061.0	1963.0	1927.0	1731.0			
chr16	23641094	23641096	PALB2_X1B	1213	2404	1755	1776.0	1508.0	1817.0	1591.0			
chr16	23641095	23641097	PALB2_X1B	2202	5890	5056	4878.0	5060.0	4035.0	4184.0			
chr16	23641097	23641099	PALB2_X1B	580	3070	1690	2382.0	2321.0	1494.0	1894.0			
chr16	23641098	23641100	PALB2_X1B	2060	7252	5119	6018.0	5404.0	4456.0	4659.0			
chr16	23641100	23641102	PALB2_X1B	5003	10532	7938	9109.0	6699.0	6224.0	6671.0			
chr16	23641103	23641105	PALB2_X1B	1680	4109	3193	3374.0	2955.0	2800.0	2554.0			
chr16	23641104	23641106	PALB2_X1B	2903	9284	6576	6590.0	6229.0	4630.0	5525.0			
chr16	23641106	23641108	PALB2_X1B	861	666	527	1006.0	323.0	329.0	400.0			
chr16	23641107	23641109	PALB2_X1B	2646	1906	2102	1750.0	1453.0	1727.0	1448.0			
chr16	23641109	23641111	PALB2_X1B	1433	1817	727	864.0	1132.0	655.0	871.0			
chr16	23641110	23641112	PALB2_X1B	1026	909	863	892.0	733.0	721.0	687.0			
chr16	23641111	23641113	PALB2_X1B	1373	1964	1371	1499.0	985.0	1135.0	1097.0			
chr16	23641113	23641115	PALB2_X1B	744	1845	1250	2042.0	524.0	783.0	638.0			
chr16	23641114	23641116	PALB2_X1B	1472	3628	3170	2948.0	2078.0	1705.0	1725.0			
chr16	23641116	23641118	PALB2_X1B	2659	4847	3445	4058.0	2112.0	2106.0	2168.0			
chr16	23641119	23641121	PALB2_X1B	4143	12702	9954	10382.0	9873.0	8963.0	8815.0			
chr16	23641123	23641125	PALB2_X1B	979	3246	3003	3287.0	2255.0	2385.0	2409.0			
chr16	23641124	23641126	PALB2_X1B	695	812	473	337.0	537.0	384.0	430.0			
chr16	23641125	23641127	PALB2_X1B	984	2351	2166	2702.0	2021.0	1673.0	1828.0			
chr16	23641126	23641128	PALB2_X1B	1960	6060	4309	4382.0	4307.0	3685.0	3846.0			
chr16	23641128	23641130	PALB2_X1B	2071	5721	5168	4196.0	4144.0	3825.0	3674.0			
chr16	23641130	23641132	PALB2_X1B	732	3005	2654	2334.0	2371.0	2533.0	2147.0			
chr16	23641131	23641133	PALB2_X1B	1534	6371	4709	5780.0	5423.0	4072.0	4549.0			
chr16	23641133	23641135	PALB2_X1B	2248	7859	5437	6442.0	5965.0	4954.0	5671.0			
chr16	23641135	23641137	PALB2_X1B	1435	5469	3348	4027.0	4399.0	3182.0	3506.0			
chr16	23641136	23641138	PALB2_X1B	666	2222	2129	1746.0	2122.0	1689.0	1738.0			
chr16	23641137	23641139	PALB2_X1B	2759	8218	5663	6063.0	5732.0	4312.0	4906.0			
chr16	23641139	23641141	PALB2_X1B	2263	6076	4419	5435.0	4322.0	4290.0	4248.0			
chr16	23641140	23641142	PALB2_X1B	2160	7502	5283	7045.0	5587.0	4921.0	5024.0			
chr16	23641141	23641143	PALB2_X1B	1397	4226	3463	4076.0	3540.0	3513.0	3256.0			
chr16	23641142	23641144	PALB2_X1B	1159	4810	3797	4755.0	4129.0	3623.0	3815.0			
chr16	23641143	23641145	PALB2_X1B	1550	5449	4060	5194.0	4596.0	4354.0	4324.0			
chr16	23641144	23641146	PALB2_X1B	4197	23240	18458	19085.0	19408.0	17262.0	17519.0			
chr16	23641147	23641149	PALB2_X1B	1591	6482	5697	6133.0	5828.0	5132.0	5434.0			
chr16	23641148	23641150	PALB2_X1B	1216	5673	3854	5686.0	5663.0	3215.0	4497.0			
chr16	23641149	23641151	PALB2_X1B	1328	7034	5258	5313.0	5903.0	6306.0	5994.0			
chr16	23641154	23641156	PALB2_X1B	1996	3029	2031	2274.0	2077.0	1518.0	1776.0			
chr16	23641155	23641157	PALB2_X1B	2113	2547	2050	1707.0	1552.0	1457.0	1688.0			
chr16	23638049	23638051	PALB2_X2	8666	1559	1586	2496.0	2195.0	1599.0	1234.0			
chr16	23638052	23638054	PALB2_X2	7931	1559	1289	1770.0	2147.0	1388.0	829.0			
chr16	23638054	23638056	PALB2_X2	5237	896	1158	1164.0	1301.0	1031.0	595.0			
chr16	23638057	23638059	PALB2_X2	8530	1454	1961	2144.0	2036.0	1552.0	1018.0			
chr16	23638061	23638063	PALB2_X2	7030	1539	1494	1751.0	2058.0	1275.0	828.0			
chr16	23638064	23638066	PALB2_X2	7231	1215	1112	1642.0	1136.0	890.0	538.0			
chr16	23638067	23638069	PALB2_X2	7596	793	891	1317.0	532.0	380.0	190.0			
chr16	23638070	23638072	PALB2_X2	6060	1017	894	1365.0	618.0	373.0	251.0			
chr16	23638072	23638074	PALB2_X2	5486	509	749	1028.0	340.0	108.0	155.0			
chr16	23638075	23638077	PALB2_X2	4749	539	592	904.0	229.0	211.0	104.0			
chr16	23638079	23638081	PALB2_X2	7778	1099	1075	1554.0	580.0	269.0	198.0			
chr16	23638082	23638084	PALB2_X2	6995	749	895	1194.0	531.0	277.0	175.0			
chr16	23638085	23638087	PALB2_X2	8657	1075	1428	1875.0	458.0	405.0	176.0			
chr16	23638087	23638089	PALB2_X2	6640	997	1111	1369.0	481.0	278.0	172.0			
chr16	23638090	23638092	PALB2_X2	3343	564	653	716.0	206.0	158.0	139.0			
chr16	23638094	23638096	PALB2_X2	4377	799	848	864.0	390.0	175.0	146.0			
chr16	23638097	23638099	PALB2_X2	4989	840	904	1014.0	358.0	379.0	155.0			
chr16	23638100	23638102	PALB2_X2	4633	772	820	1147.0	408.0	313.0	149.0			
chr16	23638106	23638108	PALB2_X2	5378	938	1072	1283.0	548.0	372.0	200.0			
chr16	23638107	23638109	PALB2_X2	8471	1663	1335	2040.0	811.0	388.0	230.0			
chr16	23638112	23638114	PALB2_X2	7950	1603	1584	1890.0	766.0	363.0	421.0			
chr16	23638115	23638117	PALB2_X2	5749	1104	972	1210.0	606.0	240.0	245.0			
chr16	23638118	23638120	PALB2_X2	8430	1675	1613	2217.0	919.0	491.0	297.0			
chr16	23638119	23638121	PALB2_X2	25	23	10	11.0	0.0	23.0	0.0			
chr16	23638121	23638123	PALB2_X2	9252	2172	2296	3301.0	1198.0	562.0	453.0			
chr16	23638124	23638126	PALB2_X2	4605	958	993	1425.0	512.0	239.0	163.0			
chr16	23638127	23638129	PALB2_X2	9576	2001	2460	2903.0	1059.0	532.0	424.0			
chr16	23638130	23638132	PALB2_X2	6435	1025	1088	1501.0	581.0	441.0	298.0			
chr16	23638133	23638135	PALB2_X2	20712	6943	7227	9471.0	9874.0	6913.0	5085.0			
chr16	23638140	23638142	PALB2_X2	9386	3043	3253	4053.0	4383.0	3318.0	2145.0			
chr16	23638143	23638145	PALB2_X2	24	33	15	44.0	29.0	12.0	5.0			
chr16	23638145	23638147	PALB2_X2	8225	2744	2957	3615.0	3700.0	2687.0	1974.0			
chr16	23638148	23638150	PALB2_X2	9635	2682	2667	4520.0	3733.0	3041.0	2320.0			
chr16	23637841	23637843	PALB2_X3	6664	1472	1500	3069.0	1783.0	1546.0	1260.0			
chr16	23637842	23637844	PALB2_X3	6066	1552	1588	3372.0	1802.0	1348.0	1628.0			
chr16	23637843	23637845	PALB2_X3	5483	1300	1617	2230.0	2318.0	1310.0	1342.0			
chr16	23637845	23637847	PALB2_X3	13249	1895	2210	3391.0	2200.0	1311.0	1789.0			
chr16	23637846	23637848	PALB2_X3	7645	445	798	1354.0	103.0	127.0	106.0			
chr16	23637847	23637849	PALB2_X3	6748	802	623	1312.0	200.0	353.0	125.0			
chr16	23637848	23637850	PALB2_X3	6546	523	695	1344.0	211.0	68.0	375.0			
chr16	23637849	23637851	PALB2_X3	7192	575	740	959.0	281.0	212.0	135.0			
chr16	23637850	23637852	PALB2_X3	6695	777	657	1161.0	236.0	146.0	96.0			
chr16	23637851	23637853	PALB2_X3	7309	1712	2083	4363.0	2521.0	1813.0	2377.0			
chr16	23637852	23637854	PALB2_X3	6252	2522	1431	3631.0	1936.0	2342.0	1551.0			
chr16	23637853	23637855	PALB2_X3	6349	2274	2137	3882.0	2290.0	2205.0	2156.0			
chr16	23637854	23637856	PALB2_X3	6875	2351	2087	3745.0	2570.0	2660.0	2122.0			
chr16	23637855	23637857	PALB2_X3	14121	4187	4092	7696.0	5342.0	4226.0	3744.0			
chr16	23637857	23637859	PALB2_X3	14161	4747	4088	6815.0	4928.0	5382.0	3846.0			
chr16	23637859	23637861	PALB2_X3	6161	1996	1673	3443.0	2260.0	1718.0	1984.0			
chr16	23637860	23637862	PALB2_X3	6382	2042	2112	3360.0	2939.0	2338.0	1787.0			
chr16	23637861	23637863	PALB2_X3	5596	1452	1448	3360.0	1604.0	1518.0	1778.0			
chr16	23637862	23637864	PALB2_X3	19914	5756	5530	9821.0	6877.0	6267.0	4858.0			
chr16	23637865	23637867	PALB2_X3	13714	3957	3413	6590.0	3810.0	4298.0	3800.0			
chr16	23637867	23637869	PALB2_X3	12721	4127	3620	6319.0	4737.0	3862.0	3238.0			
chr16	23637869	23637871	PALB2_X3	6774	2177	2022	4621.0	2869.0	2870.0	2732.0			
chr16	23637870	23637872	PALB2_X3	6320	1721	1723	3997.0	1974.0	2387.0	2132.0			
chr16	23637871	23637873	PALB2_X3	6047	2153	1756	3683.0	2319.0	2041.0	2392.0			
chr16	23637872	23637874	PALB2_X3	6089	2697	2264	4226.0	2427.0	2711.0	2635.0			
chr16	23637873	23637875	PALB2_X3	6729	2236	2720	4119.0	2810.0	2629.0	2659.0			
chr16	23637874	23637876	PALB2_X3	6390	2437	2277	5295.0	3078.0	2819.0	2965.0			
chr16	23637875	23637877	PALB2_X3	6537	2467	2678	5111.0	3749.0	2375.0	2689.0			
chr16	23637876	23637878	PALB2_X3	13586	6502	6200	10716.0	7643.0	6265.0	6818.0			
chr16	23637878	23637880	PALB2_X3	7687	3449	3449	6535.0	4470.0	3498.0	3661.0			
chr16	23637883	23637885	PALB2_X3	5960	808	773	1455.0	177.0	335.0	224.0			
chr16	23637884	23637886	PALB2_X3	5380	2393	2662	4993.0	2980.0	2443.0	3102.0			
chr16	23637886	23637888	PALB2_X3	11541	5645	5965	9539.0	7756.0	5759.0	5598.0			
chr16	23637888	23637890	PALB2_X3	6046	3291	3006	4770.0	4206.0	3507.0	2710.0			
chr16	23637889	23637891	PALB2_X3	18560	9092	8236	15360.0	11341.0	9778.0	8727.0			
chr16	23637892	23637894	PALB2_X3	5807	3215	2332	5621.0	3054.0	3156.0	3645.0			
chr16	23637893	23637895	PALB2_X3	6011	3346	3000	6104.0	4267.0	3817.0	3200.0			
chr16	23637894	23637896	PALB2_X3	11941	6311	6365	11763.0	8540.0	7298.0	6642.0			
chr16	23637896	23637898	PALB2_X3	19542	11310	10404	19638.0	14741.0	12152.0	11920.0			
chr16	23637899	23637901	PALB2_X3	34057	18966	19036	36182.0	24244.0	20076.0	22080.0			
chr16	23637904	23637906	PALB2_X3	18079	11016	9814	19635.0	13439.0	12223.0	11906.0			
chr16	23637907	23637909	PALB2_X3	6049	3927	3474	5529.0	4330.0	3906.0	2831.0			
chr16	23637908	23637910	PALB2_X3	12496	6969	5810	11311.0	8268.0	8273.0	6273.0			
chr16	23637910	23637912	PALB2_X3	13240	7817	6955	13020.0	8520.0	8636.0	7198.0			
chr16	23637912	23637914	PALB2_X3	20003	11657	10512	18909.0	13791.0	11882.0	10525.0			
chr16	23637915	23637917	PALB2_X3	6043	3656	3301	5621.0	4334.0	4315.0	3261.0			
chr16	23637916	23637918	PALB2_X3	18768	11894	10140	19529.0	14228.0	12626.0	11733.0			
chr16	23637919	23637921	PALB2_X3	6662	3538	3339	6406.0	4605.0	4256.0	3463.0			
chr16	23637920	23637922	PALB2_X3	13234	7152	6625	13349.0	9129.0	8475.0	6886.0			
chr16	23637922	23637924	PALB2_X3	5596	3045	2115	5229.0	2916.0	3109.0	3081.0			
chr16	23637923	23637925	PALB2_X3	6753	3806	3346	6375.0	4861.0	4097.0	3389.0			
chr16	23637924	23637926	PALB2_X3	12671	6276	5656	12287.0	7309.0	6099.0	6858.0			
chr16	23637926	23637928	PALB2_X3	5846	3151	2920	5517.0	4073.0	3409.0	3342.0			
chr16	23637927	23637929	PALB2_X3	5325	3250	2686	4805.0	2703.0	3232.0	2548.0			
chr16	23637928	23637930	PALB2_X3	11163	6417	6540	12457.0	8477.0	6916.0	7362.0			
chr16	23637930	23637932	PALB2_X3	5661	2796	2763	4694.0	3396.0	3034.0	3013.0			
chr16	23637931	23637933	PALB2_X3	12048	5968	5046	12080.0	6810.0	5998.0	6536.0			
chr16	23637933	23637935	PALB2_X3	11348	6437	6403	10735.0	8016.0	6530.0	5583.0			
chr16	23637935	23637937	PALB2_X3	5844	3121	2813	5870.0	4147.0	3639.0	3478.0			
chr16	23637936	23637938	PALB2_X3	5687	3009	3284	6377.0	4134.0	3436.0	3955.0			
chr16	23637937	23637939	PALB2_X3	10901	5289	5790	8513.0	6364.0	5246.0	4579.0			
chr16	23637939	23637941	PALB2_X3	5868	2344	2359	4263.0	2294.0	2131.0	1901.0			
chr16	23637940	23637942	PALB2_X3	6210	2876	2857	6134.0	3049.0	2864.0	2963.0			
chr16	23637941	23637943	PALB2_X3	11164	6245	5938	9585.0	6985.0	5993.0	4631.0			
chr16	23637943	23637945	PALB2_X3	6170	2632	2229	5534.0	2785.0	2511.0	2977.0			
chr16	23637944	23637946	PALB2_X3	6000	3136	3302	6128.0	3423.0	2928.0	3154.0			
chr16	23637945	23637947	PALB2_X3	6384	3993	3436	6556.0	3764.0	3398.0	3318.0			
chr16	23637946	23637948	PALB2_X3	6177	2704	1633	4157.0	699.0	1023.0	1012.0			
chr16	23637947	23637949	PALB2_X3	6206	3131	3260	5566.0	2975.0	2242.0	1722.0			
chr16	23637948	23637950	PALB2_X3	5928	2563	3058	4688.0	2532.0	1672.0	1979.0			
chr16	23637949	23637951	PALB2_X3	3171	977	547	2037.0	256.0	435.0	254.0			
chr16	23637950	23637952	PALB2_X3	5573	2313	2520	3887.0	1142.0	996.0	763.0			
chr16	23637951	23637953	PALB2_X3	5613	721	688	1320.0	149.0	257.0	170.0			
chr16	23637952	23637954	PALB2_X3	4993	667	679	781.0	256.0	181.0	28.0			
chr16	23637953	23637955	PALB2_X3	5446	804	460	1070.0	206.0	112.0	127.0			
chr16	23637954	23637956	PALB2_X3	5745	795	475	1170.0	232.0	428.0	132.0			
chr16	23637955	23637957	PALB2_X3	5281	1650	2378	3439.0	2393.0	1384.0	1249.0			
chr16	23636213	23636215	PALB2_X4A	4407	631	1012	1212.0	403.0	908.0	1306.0			
chr16	23636214	23636216	PALB2_X4A	4313	1175	768	1227.0	1418.0	926.0	1031.0			
chr16	23636215	23636217	PALB2_X4A	9542	1340	1897	2366.0	1830.0	2716.0	2119.0			
chr16	23636217	23636219	PALB2_X4A	5182	820	851	1788.0	654.0	1252.0	1606.0			
chr16	23636218	23636220	PALB2_X4A	5972	891	1214	612.0	1142.0	1230.0	1199.0			
chr16	23636219	23636221	PALB2_X4A	7401	1220	968	2216.0	1676.0	1234.0	1957.0			
chr16	23636220	23636222	PALB2_X4A	5349	958	1457	1478.0	700.0	1462.0	1375.0			
chr16	23636221	23636223	PALB2_X4A	6750	964	1822	1710.0	1010.0	2012.0	1358.0			
chr16	23636222	23636224	PALB2_X4A	5781	964	804	958.0	1065.0	1098.0	1142.0			
chr16	23636223	23636225	PALB2_X4A	7826	1186	1185	2171.0	1439.0	1229.0	1951.0			
chr16	23636224	23636226	PALB2_X4A	7961	1731	1964	2459.0	1500.0	1398.0	2516.0			
chr16	23636225	23636227	PALB2_X4A	5270	1313	1562	1499.0	1039.0	1856.0	1671.0			
chr16	23636226	23636228	PALB2_X4A	7905	1262	2132	1848.0	1492.0	1980.0	2008.0			
chr16	23636227	23636229	PALB2_X4A	11625	2003	2683	3293.0	2100.0	2533.0	3509.0			
chr16	23636229	23636231	PALB2_X4A	5551	928	1314	1688.0	847.0	1359.0	1615.0			
chr16	23636230	23636232	PALB2_X4A	5541	1194	1019	1391.0	1029.0	1181.0	1733.0			
chr16	23636231	23636233	PALB2_X4A	5348	1429	1150	1581.0	1829.0	1278.0	1829.0			
chr16	23636232	23636234	PALB2_X4A	5107	1050	1331	2062.0	1097.0	1644.0	2235.0			
chr16	23636233	23636235	PALB2_X4A	6911	1253	1493	1515.0	1511.0	1647.0	1125.0			
chr16	23636234	23636236	PALB2_X4A	4660	1276	2112	1426.0	1392.0	1812.0	1684.0			
chr16	23636235	23636237	PALB2_X4A	6833	1904	2336	2370.0	1866.0	2323.0	2724.0			
chr16	23636236	23636238	PALB2_X4A	6097	2266	2963	2107.0	1917.0	2767.0	1930.0			
chr16	23636237	23636239	PALB2_X4A	6272	1607	2314	3416.0	1465.0	2547.0	3549.0			
chr16	23636239	23636241	PALB2_X4A	14719	3940	6090	6225.0	4226.0	5737.0	5217.0			
chr16	23636242	23636244	PALB2_X4A	15852	3967	5705	5765.0	4915.0	4955.0	4889.0			
chr16	23636245	23636247	PALB2_X4A	5503	1110	2209	1479.0	848.0	2043.0	1700.0			
chr16	23636246	23636248	PALB2_X4A	5000	1458	1666	1457.0	1333.0	1510.0	1245.0			
chr16	23636247	23636249	PALB2_X4A	5337	1109	2172	1637.0	1251.0	2184.0	1723.0			
chr16	23636248	23636250	PALB2_X4A	4678	1002	1888	2108.0	1227.0	1849.0	1930.0			
chr16	23636249	23636251	PALB2_X4A	5270	1461	1339	2113.0	1457.0	1327.0	1953.0			
chr16	23636250	23636252	PALB2_X4A	5346	1646	1237	2467.0	1694.0	1544.0	2294.0			
chr16	23636251	23636253	PALB2_X4A	9172	2205	3251	2808.0	2337.0	3882.0	2980.0			
chr16	23636253	23636255	PALB2_X4A	5684	1327	1914	2144.0	1726.0	1804.0	2076.0			
chr16	23636254	23636256	PALB2_X4A	5993	1152	1703	1902.0	1147.0	1585.0	1843.0			
chr16	23636255	23636257	PALB2_X4A	5300	1681	1423	1511.0	1192.0	1743.0	1491.0			
chr16	23636256	23636258	PALB2_X4A	11442	2995	2449	3498.0	3115.0	2679.0	2817.0			
chr16	23636258	23636260	PALB2_X4A	5222	1520	1872	1500.0	1315.0	2407.0	2157.0			
chr16	23636259	23636261	PALB2_X4A	4842	953	1587	1429.0	1685.0	1544.0	1614.0			
chr16	23636260	23636262	PALB2_X4A	9986	2183	3242	3285.0	2999.0	3239.0	2871.0			
chr16	23636262	23636264	PALB2_X4A	10371	2505	3499	4054.0	2395.0	2973.0	2733.0			
chr16	23636264	23636266	PALB2_X4A	11618	3051	5717	3680.0	2537.0	5585.0	4041.0			
chr16	23636266	23636268	PALB2_X4A	9388	2533	3488	3713.0	2709.0	3802.0	3108.0			
chr16	23636268	23636270	PALB2_X4A	4777	752	1630	1965.0	1044.0	1653.0	2070.0			
chr16	23636269	23636271	PALB2_X4A	4460	1251	1529	1182.0	1091.0	1516.0	1331.0			
chr16	23636270	23636272	PALB2_X4A	4934	1200	1065	1762.0	1402.0	903.0	1537.0			
chr16	23636271	23636273	PALB2_X4A	5476	1165	2093	1382.0	1166.0	2028.0	1206.0			
chr16	23636272	23636274	PALB2_X4A	6295	1451	2127	1637.0	1746.0	2489.0	1363.0			
chr16	23636273	23636275	PALB2_X4A	23375	5610	6434	6917.0	6410.0	7546.0	7113.0			
chr16	23636277	23636279	PALB2_X4A	21008	5329	7157	7690.0	6574.0	7061.0	8324.0			
chr16	23636281	23636283	PALB2_X4A	4926	806	1429	986.0	690.0	1785.0	1016.0			
chr16	23636282	23636284	PALB2_X4A	10352	1823	1719	2531.0	2016.0	2385.0	2944.0			
chr16	23636284	23636286	PALB2_X4A	11375	2357	3196	2939.0	3070.0	3016.0	2943.0			
chr16	23636286	23636288	PALB2_X4A	5391	1005	1624	1646.0	1211.0	1342.0	1823.0			
chr16	23636287	23636289	PALB2_X4A	5186	860	1924	1541.0	992.0	1317.0	1986.0			
chr16	23636288	23636290	PALB2_X4A	5520	1223	1953	1977.0	1078.0	2143.0	1559.0			
chr16	23636290	23636292	PALB2_X4A	11008	2448	2942	3535.0	2495.0	2932.0	2979.0			
chr16	23636292	23636294	PALB2_X4A	5827	945	1353	1293.0	917.0	1296.0	1265.0			
chr16	23636293	23636295	PALB2_X4A	14761	3471	4886	4496.0	3897.0	4872.0	4542.0			
chr16	23636296	23636298	PALB2_X4A	5874	995	1243	1318.0	1343.0	1748.0	1241.0			
chr16	23636297	23636299	PALB2_X4A	5226	1287	2040	1411.0	1295.0	2475.0	1398.0			
chr16	23636298	23636300	PALB2_X4A	5369	1085	1978	2023.0	916.0	1959.0	1806.0			
chr16	23636299	23636301	PALB2_X4A	5114	1576	1560	1561.0	1579.0	1293.0	1697.0			
chr16	23636300	23636302	PALB2_X4A	5035	1269	943	1248.0	1206.0	1278.0	1272.0			
chr16	23636301	23636303	PALB2_X4A	4420	1335	1190	1652.0	1208.0	1457.0	1449.0			
chr16	23636302	23636304	PALB2_X4A	5108	964	1469	1449.0	1114.0	1342.0	1283.0			
chr16	23636303	23636305	PALB2_X4A	4721	833	1277	1395.0	674.0	1307.0	1329.0			
chr16	23636304	23636306	PALB2_X4A	10069	2745	2665	3578.0	2190.0	2865.0	2491.0			
chr16	23636306	23636308	PALB2_X4A	5143	1000	1654	1178.0	898.0	1412.0	905.0			
chr16	23636307	23636309	PALB2_X4A	10874	2323	3121	2780.0	1691.0	2940.0	2371.0			
chr16	23636309	23636311	PALB2_X4A	10468	2291	1844	4024.0	2270.0	2285.0	3560.0			
chr16	23636311	23636313	PALB2_X4A	4813	869	814	1426.0	850.0	1333.0	1732.0			
chr16	23636312	23636314	PALB2_X4A	9595	1946	2732	2278.0	2310.0	2881.0	2771.0			
chr16	23636314	23636316	PALB2_X4A	4689	661	861	1542.0	652.0	672.0	1002.0			
chr16	23636315	23636317	PALB2_X4A	3859	922	1087	1541.0	821.0	1127.0	1040.0			
chr16	23636316	23636318	PALB2_X4A	4581	846	942	1223.0	503.0	1148.0	914.0			
chr16	23636317	23636319	PALB2_X4A	4891	1235	1408	1963.0	1194.0	1511.0	1682.0			
chr16	23636318	23636320	PALB2_X4A	10668	2223	2509	3828.0	2404.0	2934.0	3177.0			
chr16	23636320	23636322	PALB2_X4A	11017	2058	2485	3828.0	2440.0	2903.0	3253.0			
chr16	23636322	23636324	PALB2_X4A	17110	4136	4313	5483.0	4606.0	4830.0	5156.0			
chr16	23636325	23636327	PALB2_X4A	17063	3968	5368	5580.0	4027.0	5344.0	5182.0			
chr16	23636328	23636330	PALB2_X4A	5571	1234	1456	1583.0	810.0	2253.0	1541.0			
chr16	23636329	23636331	PALB2_X4A	6388	1504	1768	1566.0	1625.0	1814.0	1466.0			
chr16	23636330	23636332	PALB2_X4A	5585	1405	1749	1442.0	1293.0	1678.0	1575.0			
chr16	23636331	23636333	PALB2_X4A	4822	1152	1460	1652.0	1241.0	1513.0	1288.0			
chr16	23636332	23636334	PALB2_X4A	5861	786	1506	1176.0	1431.0	2137.0	1500.0			
chr16	23636333	23636335	PALB2_X4A	11762	878	1617	1829.0	216.0	306.0	558.0			
chr16	23635985	23635987	PALB2_X4C	2996	2533	2263	2524.0	1996.0	2395.0	3010.0			
chr16	23635987	23635989	PALB2_X4C	1543	1095	1041	1578.0	811.0	930.0	1522.0			
chr16	23635988	23635990	PALB2_X4C	1523	1064	951	1163.0	845.0	809.0	1200.0			
chr16	23635989	23635991	PALB2_X4C	5477	5505	5327	5403.0	4243.0	4469.0	5299.0			
chr16	23635992	23635994	PALB2_X4C	1797	2813	1687	1581.0	2785.0	1818.0	1813.0			
chr16	23635993	23635995	PALB2_X4C	3399	3255	2923	3124.0	2779.0	3374.0	3234.0			
chr16	23635995	23635997	PALB2_X4C	5117	6279	5530	5269.0	4889.0	4137.0	5279.0			
chr16	23635998	23636000	PALB2_X4C	1831	2194	2197	2286.0	1861.0	1437.0	2821.0			
chr16	23635999	23636001	PALB2_X4C	3297	3423	2898	3193.0	2319.0	2298.0	3895.0			
chr16	23636001	23636003	PALB2_X4C	1808	2053	1878	2362.0	1168.0	1525.0	1833.0			
chr16	23636002	23636004	PALB2_X4C	1878	2006	1478	1564.0	1520.0	1687.0	1611.0			
chr16	23636003	23636005	PALB2_X4C	7338	9277	7933	8848.0	7324.0	6327.0	9278.0			
chr16	23636007	23636009	PALB2_X4C	3314	4342	3800	4445.0	3205.0	4449.0	4566.0			
chr16	23636009	23636011	PALB2_X4C	1431	2323	1577	1713.0	1651.0	1922.0	1843.0			
chr16	23636010	23636012	PALB2_X4C	3725	4549	4596	3904.0	3346.0	4089.0	4168.0			
chr16	23636012	23636014	PALB2_X4C	1704	1698	1585	1906.0	1054.0	1751.0	1319.0			
chr16	23636013	23636015	PALB2_X4C	3324	4115	4219	4041.0	3300.0	3717.0	4365.0			
chr16	23636015	23636017	PALB2_X4C	1803	2397	2217	2320.0	1358.0	1559.0	2386.0			
chr16	23636016	23636018	PALB2_X4C	2083	3136	2313	2415.0	2725.0	2074.0	2860.0			
chr16	23636017	23636019	PALB2_X4C	1621	2993	2192	2007.0	2764.0	2335.0	2155.0			
chr16	23636018	23636020	PALB2_X4C	3228	5257	4387	5487.0	4419.0	4628.0	5906.0			
chr16	23636020	23636022	PALB2_X4C	1626	3111	3092	3574.0	1944.0	2840.0	3223.0			
chr16	23636021	23636023	PALB2_X4C	3781	6685	5775	6631.0	4722.0	5509.0	6326.0			
chr16	23636023	23636025	PALB2_X4C	3944	7315	6632	7027.0	5356.0	7007.0	7499.0			
chr16	23636025	23636027	PALB2_X4C	2127	2275	2696	2703.0	1496.0	2161.0	2331.0			
chr16	23636026	23636028	PALB2_X4C	1765	4205	3412	3540.0	3385.0	3541.0	3594.0			
chr16	23636027	23636029	PALB2_X4C	1756	3911	4117	4237.0	2818.0	3622.0	4768.0			
chr16	23636029	23636031	PALB2_X4C	1666	3736	3867	3586.0	3306.0	3516.0	4728.0			
chr16	23636030	23636032	PALB2_X4C	1568	4125	2955	3430.0	3540.0	2550.0	2919.0			
chr16	23636031	23636033	PALB2_X4C	1434	3884	3893	3768.0	3443.0	3792.0	4150.0			
chr16	23636032	23636034	PALB2_X4C	2982	6966	5936	6667.0	6307.0	5219.0	7457.0			
chr16	23636034	23636036	PALB2_X4C	1802	3818	3456	3777.0	2269.0	3054.0	3535.0			
chr16	23636035	23636037	PALB2_X4C	1603	4697	3186	3954.0	3862.0	2856.0	3941.0			
chr16	23636036	23636038	PALB2_X4C	1675	4569	3406	3697.0	2704.0	2997.0	3515.0			
chr16	23636037	23636039	PALB2_X4C	1522	3048	3174	3200.0	2135.0	3320.0	3160.0			
chr16	23636038	23636040	PALB2_X4C	1650	3815	3411	3741.0	3435.0	3316.0	3458.0			
chr16	23636039	23636041	PALB2_X4C	1574	2253	2284	2894.0	1387.0	2504.0	2362.0			
chr16	23636040	23636042	PALB2_X4C	1589	3714	3739	2829.0	2553.0	2943.0	2777.0			
chr16	23636041	23636043	PALB2_X4C	1547	3221	2823	3562.0	2846.0	2631.0	3869.0			
chr16	23636042	23636044	PALB2_X4C	1637	3499	2681	3576.0	2551.0	2400.0	3957.0			
chr16	23636043	23636045	PALB2_X4C	1712	3347	2899	2835.0	3620.0	2681.0	2762.0			
chr16	23636044	23636046	PALB2_X4C	1587	3127	3605	3615.0	1828.0	3483.0	3368.0			
chr16	23636045	23636047	PALB2_X4C	3105	6820	6251	6722.0	5656.0	5425.0	5313.0			
chr16	23636047	23636049	PALB2_X4C	1823	3602	3126	4273.0	3310.0	2455.0	4406.0			
chr16	23636048	23636050	PALB2_X4C	1509	2593	2243	2614.0	1919.0	2001.0	3152.0			
chr16	23636049	23636051	PALB2_X4C	1738	3451	3150	3671.0	3380.0	2862.0	3481.0			
chr16	23636050	23636052	PALB2_X4C	1895	3696	3377	3542.0	3294.0	2808.0	3823.0			
chr16	23636051	23636053	PALB2_X4C	1718	5019	3390	2793.0	4193.0	3391.0	2886.0			
chr16	23636052	23636054	PALB2_X4C	1773	3230	2585	3976.0	2131.0	2657.0	4897.0			
chr16	23636053	23636055	PALB2_X4C	1601	3037	3368	3456.0	2388.0	3052.0	3754.0			
chr16	23636054	23636056	PALB2_X4C	1693	3782	2572	2600.0	3478.0	1941.0	3322.0			
chr16	23636055	23636057	PALB2_X4C	3490	7380	6562	7396.0	4730.0	6187.0	7349.0			
chr16	23636059	23636061	PALB2_X4C	1737	3985	3237	3750.0	2833.0	2554.0	3476.0			
chr16	23636060	23636062	PALB2_X4C	3114	6434	5889	6826.0	4418.0	5303.0	5920.0			
chr16	23636063	23636065	PALB2_X4C	1622	2991	2348	2590.0	2708.0	2145.0	2589.0			
chr16	23636064	23636066	PALB2_X4C	1921	4364	3240	2706.0	2761.0	2462.0	2888.0			
chr16	23636065	23636067	PALB2_X4C	1589	3304	2832	2918.0	2157.0	2897.0	2834.0			
chr16	23636066	23636068	PALB2_X4C	1807	4140	2788	3828.0	3377.0	2549.0	3508.0			
chr16	23636067	23636069	PALB2_X4C	1712	3281	2840	2976.0	1759.0	2485.0	3334.0			
chr16	23636068	23636070	PALB2_X4C	1954	3392	3989	3617.0	2962.0	3262.0	3368.0			
chr16	23636069	23636071	PALB2_X4C	5312	10879	9646	10961.0	8806.0	8499.0	9546.0			
chr16	23636072	23636074	PALB2_X4C	1538	2422	2513	3074.0	2124.0	2144.0	3139.0			
chr16	23636073	23636075	PALB2_X4C	1540	2838	2755	3176.0	2460.0	2903.0	2911.0			
chr16	23636074	23636076	PALB2_X4C	1687	1141	982	1554.0	474.0	821.0	951.0			
chr16	23636075	23636077	PALB2_X4C	1789	3678	2899	3195.0	2544.0	2937.0	4172.0			
chr16	23636076	23636078	PALB2_X4C	1742	2678	3435	3011.0	2207.0	2554.0	3378.0			
chr16	23636077	23636079	PALB2_X4C	1850	3486	3241	3675.0	2613.0	2172.0	4343.0			
chr16	23636078	23636080	PALB2_X4C	4920	8366	8470	11035.0	6147.0	6440.0	10673.0			
chr16	23636081	23636083	PALB2_X4C	1548	3197	2992	2716.0	2750.0	2546.0	3394.0			
chr16	23636082	23636084	PALB2_X4C	1693	3242	3082	3160.0	2946.0	2190.0	2956.0			
chr16	23636083	23636085	PALB2_X4C	1544	3465	3184	2389.0	2425.0	2868.0	2738.0			
chr16	23636084	23636086	PALB2_X4C	1481	2959	2361	3014.0	1834.0	1915.0	4209.0			
chr16	23636085	23636087	PALB2_X4C	1825	3502	3053	3091.0	3700.0	2967.0	2773.0			
chr16	23636086	23636088	PALB2_X4C	5245	11018	8208	8947.0	8406.0	7382.0	9599.0			
chr16	23636089	23636091	PALB2_X4C	5281	9771	10036	8958.0	7753.0	10463.0	8198.0			
chr16	23636093	23636095	PALB2_X4C	10333	18789	16723	18059.0	14138.0	14879.0	16836.0			
chr16	23636099	23636101	PALB2_X4C	6630	11025	11779	12819.0	7731.0	9686.0	13296.0			
chr16	23636103	23636105	PALB2_X4C	1837	2791	2086	3366.0	3003.0	1639.0	2812.0			
chr16	23636104	23636106	PALB2_X4C	7560	14429	11377	11677.0	13608.0	11439.0	10970.0			
chr16	23635860	23635862	PALB2_X4D	1226	693	1088	838.0	1081.0	1250.0	1222.0			
chr16	23635861	23635863	PALB2_X4D	2662	1763	2052	2118.0	2689.0	1887.0	3232.0			
chr16	23635863	23635865	PALB2_X4D	1521	989	1316	1428.0	1419.0	1232.0	2115.0			
chr16	23635864	23635866	PALB2_X4D	1335	851	922	1099.0	1100.0	1095.0	1068.0			
chr16	23635865	23635867	PALB2_X4D	1478	1033	1184	1187.0	1426.0	1156.0	1470.0			
chr16	23635866	23635868	PALB2_X4D	2881	1873	2159	2438.0	2536.0	1894.0	2626.0			
chr16	23635868	23635870	PALB2_X4D	1367	1139	1173	1161.0	1831.0	1153.0	1469.0			
chr16	23635869	23635871	PALB2_X4D	3030	1779	2531	2247.0	2483.0	2779.0	3248.0			
chr16	23635871	23635873	PALB2_X4D	5539	3840	4584	5363.0	4875.0	4427.0	7023.0			
chr16	23635875	23635877	PALB2_X4D	1564	1208	1174	1655.0	1340.0	1027.0	1541.0			
chr16	23635876	23635878	PALB2_X4D	1538	1057	1305	1158.0	1415.0	1195.0	1876.0			
chr16	23635877	23635879	PALB2_X4D	1611	832	1509	1505.0	1194.0	1503.0	1547.0			
chr16	23635878	23635880	PALB2_X4D	3364	2549	2813	3080.0	3018.0	2419.0	3582.0			
chr16	23635880	23635882	PALB2_X4D	5350	3977	4852	5125.0	5541.0	4695.0	7264.0			
chr16	23635883	23635885	PALB2_X4D	1508	1228	1546	1684.0	1701.0	1345.0	1890.0			
chr16	23635884	23635886	PALB2_X4D	1567	1352	1332	1568.0	1509.0	1140.0	1919.0			
chr16	23635885	23635887	PALB2_X4D	1725	1252	1516	1553.0	1323.0	1394.0	2047.0			
chr16	23635886	23635888	PALB2_X4D	1470	1164	1066	1458.0	1250.0	1498.0	1855.0			
chr16	23635887	23635889	PALB2_X4D	1609	1239	1527	1663.0	1755.0	1384.0	1650.0			
chr16	23635888	23635890	PALB2_X4D	1706	956	1692	1913.0	1415.0	1677.0	2211.0			
chr16	23635889	23635891	PALB2_X4D	1923	1465	1567	1828.0	1517.0	1508.0	2492.0			
chr16	23635890	23635892	PALB2_X4D	4933	4016	4160	4463.0	4790.0	4354.0	5598.0			
chr16	23635893	23635895	PALB2_X4D	2930	2480	2835	3246.0	3130.0	2609.0	3531.0			
chr16	23635895	23635897	PALB2_X4D	3637	3049	3275	3721.0	4446.0	3462.0	4552.0			
chr16	23635897	23635899	PALB2_X4D	3339	2580	3468	3197.0	3705.0	3311.0	3964.0			
chr16	23635899	23635901	PALB2_X4D	1713	1296	1545	1931.0	1705.0	1724.0	2588.0			
chr16	23635900	23635902	PALB2_X4D	1854	1297	1631	1808.0	1786.0	1492.0	1920.0			
chr16	23635901	23635903	PALB2_X4D	1799	1584	1551	2053.0	1892.0	1897.0	2021.0			
chr16	23635903	23635905	PALB2_X4D	1648	1537	1549	1490.0	1683.0	1224.0	1761.0			
chr16	23635904	23635906	PALB2_X4D	3542	2614	3115	3779.0	3457.0	3368.0	4305.0			
chr16	23635906	23635908	PALB2_X4D	1615	1315	1661	1636.0	1468.0	1522.0	1939.0			
chr16	23635907	23635909	PALB2_X4D	1612	1397	1540	1569.0	1921.0	1530.0	1734.0			
chr16	23635909	23635911	PALB2_X4D	1539	1115	1450	1479.0	1571.0	1373.0	1601.0			
chr16	23635910	23635912	PALB2_X4D	3446	2807	3598	3648.0	3781.0	3388.0	4749.0			
chr16	23635912	23635914	PALB2_X4D	1601	1166	1627	1656.0	1463.0	1311.0	2068.0			
chr16	23635913	23635915	PALB2_X4D	3585	2830	3748	3883.0	3245.0	3091.0	4535.0			
chr16	23635915	23635917	PALB2_X4D	1422	872	1566	1685.0	1529.0	1700.0	2297.0			
chr16	23635916	23635918	PALB2_X4D	1718	1515	1515	1906.0	2206.0	1549.0	2088.0			
chr16	23635917	23635919	PALB2_X4D	3255	3295	3177	3946.0	3922.0	2979.0	5472.0			
chr16	23635919	23635921	PALB2_X4D	3074	3098	3187	3387.0	3653.0	3182.0	3998.0			
chr16	23635921	23635923	PALB2_X4D	1811	1502	1473	1722.0	1801.0	1589.0	1893.0			
chr16	23635922	23635924	PALB2_X4D	1597	1548	1696	1898.0	1903.0	1335.0	2354.0			
chr16	23635923	23635925	PALB2_X4D	1694	1436	1764	1913.0	1828.0	1426.0	2108.0			
chr16	23635924	23635926	PALB2_X4D	1505	1537	1644	1676.0	1678.0	1486.0	2263.0			
chr16	23635925	23635927	PALB2_X4D	1819	1391	1772	1908.0	2018.0	1821.0	2066.0			
chr16	23635926	23635928	PALB2_X4D	1541	1328	1760	1380.0	1535.0	1951.0	1650.0			
chr16	23635927	23635929	PALB2_X4D	3104	2660	2973	4169.0	2977.0	3045.0	5099.0			
chr16	23635929	23635931	PALB2_X4D	1787	1317	1627	1907.0	1823.0	1770.0	2452.0			
chr16	23635930	23635932	PALB2_X4D	1768	1547	1398	2021.0	1926.0	1696.0	2580.0			
chr16	23635931	23635933	PALB2_X4D	1693	1486	1787	1835.0	2133.0	1885.0	2379.0			
chr16	23635932	23635934	PALB2_X4D	1732	1533	1712	1489.0	1539.0	1622.0	1823.0			
chr16	23635933	23635935	PALB2_X4D	1767	868	907	1094.0	580.0	520.0	546.0			
chr16	23635934	23635936	PALB2_X4D	1437	1428	1474	1395.0	1442.0	1445.0	1757.0			
chr16	23635935	23635937	PALB2_X4D	1680	1398	1512	1444.0	2017.0	1494.0	1649.0			
chr16	23635936	23635938	PALB2_X4D	1649	1775	1719	1797.0	2001.0	1692.0	2198.0			
chr16	23635937	23635939	PALB2_X4D	1783	1498	1567	1869.0	1886.0	1628.0	2030.0			
chr16	23635938	23635940	PALB2_X4D	1700	1717	1640	2012.0	2206.0	1524.0	2756.0			
chr16	23635939	23635941	PALB2_X4D	1824	1893	1800	1730.0	2317.0	1738.0	1989.0			
chr16	23635940	23635942	PALB2_X4D	2977	2966	3259	3360.0	3411.0	3077.0	4655.0			
chr16	23635942	23635944	PALB2_X4D	1562	1142	1628	1743.0	1450.0	1553.0	2027.0			
chr16	23635943	23635945	PALB2_X4D	1535	1376	1439	1986.0	1721.0	1403.0	2154.0			
chr16	23635944	23635946	PALB2_X4D	1400	1300	1561	1492.0	1772.0	1211.0	2104.0			
chr16	23635945	23635947	PALB2_X4D	1890	1727	1760	2231.0	2355.0	1570.0	2666.0			
chr16	23635946	23635948	PALB2_X4D	1644	1304	1691	1836.0	1885.0	1522.0	2343.0			
chr16	23635947	23635949	PALB2_X4D	3251	3295	3242	3815.0	4081.0	3252.0	4786.0			
chr16	23635949	23635951	PALB2_X4D	1787	1466	1596	1552.0	2103.0	1626.0	2168.0			
chr16	23635950	23635952	PALB2_X4D	1697	1414	1728	2071.0	1756.0	1478.0	2266.0			
chr16	23635951	23635953	PALB2_X4D	3333	3680	3218	3788.0	4256.0	3829.0	4850.0			
chr16	23635953	23635955	PALB2_X4D	1773	1646	1760	1987.0	1955.0	1938.0	2566.0			
chr16	23635954	23635956	PALB2_X4D	1563	1316	1522	1738.0	1533.0	1436.0	1895.0			
chr16	23635955	23635957	PALB2_X4D	1683	1281	1671	1980.0	1911.0	1674.0	2571.0			
chr16	23635956	23635958	PALB2_X4D	1558	1393	1138	1530.0	1818.0	1297.0	1598.0			
chr16	23635957	23635959	PALB2_X4D	5378	4283	5310	5752.0	6388.0	5478.0	7758.0			
chr16	23635960	23635962	PALB2_X4D	5019	4043	5124	5045.0	5006.0	4656.0	6315.0			
chr16	23635963	23635965	PALB2_X4D	1706	1498	1469	1973.0	2083.0	1633.0	2322.0			
chr16	23635964	23635966	PALB2_X4D	1520	1520	1314	1851.0	1988.0	1882.0	2108.0			
chr16	23635965	23635967	PALB2_X4D	1624	1446	1477	1729.0	1858.0	1504.0	2271.0			
chr16	23635966	23635968	PALB2_X4D	1471	1435	1448	1821.0	1952.0	1587.0	3180.0			
chr16	23635967	23635969	PALB2_X4D	3363	2733	2908	3389.0	3423.0	2848.0	5010.0			
chr16	23635969	23635971	PALB2_X4D	1545	1333	1509	2033.0	2043.0	1543.0	2680.0			
chr16	23635970	23635972	PALB2_X4D	1432	1274	1474	1566.0	1625.0	1488.0	1560.0			
chr16	23635972	23635974	PALB2_X4D	1725	1492	1365	1671.0	1771.0	1604.0	1945.0			
chr16	23635973	23635975	PALB2_X4D	5053	3422	4354	5242.0	4604.0	4351.0	6092.0			
chr16	23635976	23635978	PALB2_X4D	3128	2347	2544	3110.0	2869.0	2437.0	4319.0			
chr16	23635978	23635980	PALB2_X4D	1624	1039	1090	1363.0	1300.0	1343.0	1435.0			
chr16	23635979	23635981	PALB2_X4D	1580	886	1043	939.0	942.0	892.0	943.0			
chr16	23635980	23635982	PALB2_X4D	1485	755	794	1075.0	1243.0	968.0	926.0			
chr16	23635981	23635983	PALB2_X4D	1537	810	1030	1067.0	861.0	811.0	1246.0			
chr16	23635754	23635756	PALB2_X4E	961	663	618	538.0	522.0	744.0	766.0			
chr16	23635755	23635757	PALB2_X4E	3236	2247	2865	1796.0	2894.0	2037.0	3062.0			
chr16	23635757	23635759	PALB2_X4E	935	803	763	565.0	827.0	505.0	1311.0			
chr16	23635758	23635760	PALB2_X4E	1123	807	864	799.0	1205.0	669.0	1401.0			
chr16	23635759	23635761	PALB2_X4E	1369	1146	1226	798.0	1541.0	1090.0	1625.0			
chr16	23635760	23635762	PALB2_X4E	1417	1322	987	820.0	1345.0	813.0	1209.0			
chr16	23635761	23635763	PALB2_X4E	990	864	866	556.0	1231.0	670.0	970.0			
chr16	23635762	23635764	PALB2_X4E	2571	2234	1928	2090.0	2813.0	1661.0	2836.0			
chr16	23635764	23635766	PALB2_X4E	4400	3877	3380	3124.0	4152.0	3171.0	4879.0			
chr16	23635767	23635769	PALB2_X4E	1491	1232	897	981.0	1316.0	820.0	1333.0			
chr16	23635768	23635770	PALB2_X4E	879	803	1011	495.0	818.0	940.0	1050.0			
chr16	23635769	23635771	PALB2_X4E	9802	8283	8074	5813.0	9508.0	6669.0	8981.0			
chr16	23635775	23635777	PALB2_X4E	1082	817	809	578.0	1147.0	918.0	665.0			
chr16	23635776	23635778	PALB2_X4E	2327	1926	1657	1625.0	2740.0	1745.0	2707.0			
chr16	23635778	23635780	PALB2_X4E	1496	1042	777	1047.0	1378.0	855.0	1529.0			
chr16	23635779	23635781	PALB2_X4E	1693	1364	1248	989.0	1417.0	1216.0	1481.0			
chr16	23635780	23635782	PALB2_X4E	1489	1322	1312	1083.0	1881.0	1049.0	1840.0			
chr16	23635781	23635783	PALB2_X4E	865	745	740	582.0	716.0	472.0	927.0			
chr16	23635782	23635784	PALB2_X4E	1193	716	810	742.0	773.0	760.0	1429.0			
chr16	23635783	23635785	PALB2_X4E	1297	944	1028	666.0	972.0	638.0	1274.0			
chr16	23635784	23635786	PALB2_X4E	2943	2431	1958	1709.0	2905.0	1671.0	2568.0			
chr16	23635786	23635788	PALB2_X4E	1281	926	752	1063.0	1320.0	656.0	1567.0			
chr16	23635787	23635789	PALB2_X4E	1283	1380	1045	952.0	1393.0	982.0	1513.0			
chr16	23635788	23635790	PALB2_X4E	2170	1900	1933	1423.0	2019.0	1828.0	2122.0			
chr16	23635789	23635791	PALB2_X4E	1144	934	1096	835.0	1070.0	851.0	1999.0			
chr16	23635790	23635792	PALB2_X4E	1119	1307	1009	686.0	1511.0	1085.0	1383.0			
chr16	23635791	23635793	PALB2_X4E	1097	799	930	689.0	1109.0	943.0	732.0			
chr16	23635792	23635794	PALB2_X4E	1274	1047	926	782.0	1028.0	791.0	1350.0			
chr16	23635793	23635795	PALB2_X4E	1270	1221	1197	850.0	1114.0	1135.0	1360.0			
chr16	23635794	23635796	PALB2_X4E	1726	1402	1516	1192.0	1960.0	1047.0	1916.0			
chr16	23635795	23635797	PALB2_X4E	1284	538	470	530.0	387.0	561.0	282.0			
chr16	23635796	23635798	PALB2_X4E	1469	1220	1293	924.0	1300.0	1184.0	1738.0			
chr16	23635797	23635799	PALB2_X4E	1731	1394	1268	1152.0	1884.0	1245.0	2181.0			
chr16	23635798	23635800	PALB2_X4E	1426	1386	1152	1063.0	2087.0	1094.0	1705.0			
chr16	23635799	23635801	PALB2_X4E	2267	1849	1785	1839.0	1853.0	1597.0	3369.0			
chr16	23635801	23635803	PALB2_X4E	1535	1243	1165	945.0	1605.0	1128.0	1661.0			
chr16	23635802	23635804	PALB2_X4E	1426	1128	864	1002.0	1314.0	885.0	1619.0			
chr16	23635803	23635805	PALB2_X4E	1369	1532	1024	1335.0	1766.0	1115.0	1845.0			
chr16	23635804	23635806	PALB2_X4E	1048	901	913	906.0	1127.0	804.0	997.0			
chr16	23635805	23635807	PALB2_X4E	1167	983	707	786.0	1151.0	781.0	1232.0			
chr16	23635806	23635808	PALB2_X4E	4376	3672	3881	3183.0	4956.0	3033.0	4982.0			
chr16	23635809	23635811	PALB2_X4E	3253	2785	2991	2878.0	3520.0	3034.0	4585.0			
chr16	23635811	23635813	PALB2_X4E	3348	2908	2681	2761.0	3289.0	3014.0	4171.0			
chr16	23635813	23635815	PALB2_X4E	1511	970	1332	1016.0	1206.0	1037.0	2118.0			
chr16	23635815	23635817	PALB2_X4E	4747	4054	3674	3204.0	5822.0	3252.0	4951.0			
chr16	23635816	23635818	PALB2_X4E	2523	2557	2344	1678.0	3035.0	2222.0	2807.0			
chr16	23635819	23635821	PALB2_X4E	1496	1173	1511	1220.0	1483.0	1400.0	1884.0			
chr16	23635820	23635822	PALB2_X4E	855	661	858	855.0	657.0	781.0	1342.0			
chr16	23635821	23635823	PALB2_X4E	1283	1285	913	967.0	1823.0	1028.0	1555.0			
chr16	23635822	23635824	PALB2_X4E	1031	999	689	746.0	1202.0	909.0	1129.0			
chr16	23635823	23635825	PALB2_X4E	2621	2582	2556	2146.0	3912.0	2117.0	3202.0			
chr16	23635825	23635827	PALB2_X4E	1418	1436	1068	1145.0	1690.0	841.0	1990.0			
chr16	23635826	23635828	PALB2_X4E	930	670	867	513.0	892.0	640.0	981.0			
chr16	23635827	23635829	PALB2_X4E	1129	1004	1208	760.0	1161.0	910.0	1547.0			
chr16	23635828	23635830	PALB2_X4E	830	671	821	718.0	868.0	505.0	1316.0			
chr16	23635829	23635831	PALB2_X4E	8698	8203	8529	6931.0	9491.0	7718.0	11087.0			
chr16	23635834	23635836	PALB2_X4E	949	808	715	581.0	810.0	850.0	1342.0			
chr16	23635835	23635837	PALB2_X4E	2158	2050	2185	1813.0	3041.0	1571.0	2860.0			
chr16	23635836	23635838	PALB2_X4E	2643	2519	2820	2053.0	3147.0	2773.0	3279.0			
chr16	23635838	23635840	PALB2_X4E	826	735	954	779.0	704.0	798.0	1281.0			
chr16	23635839	23635841	PALB2_X4E	1560	1609	1613	1140.0	2029.0	1064.0	1739.0			
chr16	23635840	23635842	PALB2_X4E	1329	1226	1188	1117.0	1643.0	977.0	1782.0			
chr16	23635841	23635843	PALB2_X4E	1931	1865	1522	1776.0	2645.0	1858.0	2859.0			
chr16	23635842	23635844	PALB2_X4E	1357	1305	1274	1027.0	1499.0	1013.0	1695.0			
chr16	23635843	23635845	PALB2_X4E	1667	1688	1247	1102.0	1823.0	1579.0	2058.0			
chr16	23635844	23635846	PALB2_X4E	3171	3160	3636	2514.0	3836.0	2436.0	4004.0			
chr16	23635846	23635848	PALB2_X4E	5915	5381	5848	4748.0	7403.0	5476.0	7547.0			
chr16	23635849	23635851	PALB2_X4E	3088	2528	3120	2923.0	3112.0	2496.0	4649.0			
chr16	23635851	23635853	PALB2_X4E	1576	1554	1465	1328.0	2075.0	1521.0	2031.0			
chr16	23635852	23635854	PALB2_X4E	1567	1409	1712	1319.0	1826.0	1304.0	2382.0			
chr16	23635853	23635855	PALB2_X4E	4449	4053	4000	3470.0	5311.0	3377.0	5541.0			
chr16	23635856	23635858	PALB2_X4E	3135	3016	2405	2221.0	3753.0	2612.0	3721.0			
chr16	23635858	23635860	PALB2_X4E	1582	1394	1390	1181.0	1885.0	1365.0	1939.0			
chr16	23635859	23635861	PALB2_X4E	2472	2259	2134	1978.0	2963.0	2117.0	3204.0			
chr16	23635861	23635863	PALB2_X4E	2414	2622	2038	1906.0	3761.0	2221.0	2903.0			
chr16	23635863	23635865	PALB2_X4E	1220	1008	1233	1155.0	1482.0	1185.0	1968.0			
chr16	23635864	23635866	PALB2_X4E	1447	1274	1090	1131.0	1802.0	1022.0	1670.0			
chr16	23635865	23635867	PALB2_X4E	1576	587	740	605.0	539.0	351.0	1105.0			
chr16	23635868	23635870	PALB2_X4E	1744	1187	977	1045.0	1006.0	1104.0	2187.0			
chr16	23635869	23635871	PALB2_X4E	3159	2074	2299	2080.0	2361.0	1828.0	2681.0			
chr16	23635871	23635873	PALB2_X4E	2806	1455	1536	1451.0	2380.0	1271.0	2256.0			
chr16	23635639	23635641	PALB2_X4F	969	503	293	357.0	524.0	564.0	315.0			
chr16	23635640	23635642	PALB2_X4F	1193	498	590	405.0	1240.0	1132.0	584.0			
chr16	23635641	23635643	PALB2_X4F	2649	1632	996	1370.0	3448.0	2457.0	1596.0			
chr16	23635643	23635645	PALB2_X4F	1051	631	476	533.0	1073.0	1148.0	540.0			
chr16	23635644	23635646	PALB2_X4F	1460	729	493	980.0	1932.0	1231.0	1928.0			
chr16	23635645	23635647	PALB2_X4F	877	558	442	747.0	1090.0	1534.0	1175.0			
chr16	23635646	23635648	PALB2_X4F	1071	652	322	441.0	1346.0	586.0	747.0			
chr16	23635647	23635649	PALB2_X4F	2009	1279	702	1008.0	2700.0	1329.0	1453.0			
chr16	23635649	23635651	PALB2_X4F	1203	564	475	910.0	1396.0	1793.0	1353.0			
chr16	23635650	23635652	PALB2_X4F	974	525	370	646.0	719.0	826.0	899.0			
chr16	23635651	23635653	PALB2_X4F	1721	862	384	1033.0	1512.0	819.0	1764.0			
chr16	23635652	23635654	PALB2_X4F	1025	478	440	601.0	1589.0	989.0	1446.0			
chr16	23635653	23635655	PALB2_X4F	1073	1028	588	770.0	1657.0	2049.0	712.0			
chr16	23635654	23635656	PALB2_X4F	1625	1085	666	1274.0	1936.0	1972.0	1967.0			
chr16	23635655	23635657	PALB2_X4F	1424	808	554	1103.0	1722.0	1113.0	2225.0			
chr16	23635656	23635658	PALB2_X4F	1400	989	797	983.0	2423.0	1641.0	1266.0			
chr16	23635657	23635659	PALB2_X4F	3639	3115	2064	3257.0	6238.0	6342.0	5144.0			
chr16	23635659	23635661	PALB2_X4F	1693	1283	1049	1176.0	2314.0	1738.0	1853.0			
chr16	23635660	23635662	PALB2_X4F	6110	5679	3700	5256.0	9271.0	10088.0	7904.0			
chr16	23635665	23635667	PALB2_X4F	1243	1862	775	1442.0	4340.0	1278.0	3546.0			
chr16	23635666	23635668	PALB2_X4F	1319	1417	1004	1238.0	3342.0	2970.0	1465.0			
chr16	23635667	23635669	PALB2_X4F	850	876	673	858.0	1595.0	1555.0	1608.0			
chr16	23635668	23635670	PALB2_X4F	1393	1555	1168	1509.0	3043.0	3030.0	2651.0			
chr16	23635669	23635671	PALB2_X4F	1594	1773	1432	1702.0	4126.0	3890.0	3128.0			
chr16	23635670	23635672	PALB2_X4F	1686	2538	1540	2545.0	4315.0	4064.0	3853.0			
chr16	23635672	23635674	PALB2_X4F	1596	2441	1627	2035.0	3425.0	4754.0	3872.0			
chr16	23635678	23635680	PALB2_X4F	1232	729	501	980.0	643.0	879.0	1151.0			
chr16	23635679	23635681	PALB2_X4F	1478	1917	1446	1867.0	3170.0	4793.0	3536.0			
chr16	23635680	23635682	PALB2_X4F	1476	2475	1182	2150.0	5744.0	2428.0	2683.0			
chr16	23635681	23635683	PALB2_X4F	834	1152	840	1320.0	2153.0	2477.0	2452.0			
chr16	23635682	23635684	PALB2_X4F	1071	1631	731	1387.0	4093.0	1772.0	2244.0			
chr16	23635683	23635685	PALB2_X4F	1837	2094	1512	1945.0	4325.0	3570.0	2931.0			
chr16	23635684	23635686	PALB2_X4F	1736	2528	1371	2166.0	5926.0	4470.0	3257.0			
chr16	23635685	23635687	PALB2_X4F	1404	1923	1186	1745.0	3930.0	3481.0	3318.0			
chr16	23635686	23635688	PALB2_X4F	1609	1543	1164	2252.0	2883.0	2904.0	2914.0			
chr16	23635687	23635689	PALB2_X4F	1208	1516	1028	1648.0	2841.0	2445.0	2674.0			
chr16	23635688	23635690	PALB2_X4F	1070	1513	1087	1426.0	4043.0	2430.0	2019.0			
chr16	23635689	23635691	PALB2_X4F	3281	4316	2552	4107.0	9839.0	5880.0	7250.0			
chr16	23635691	23635693	PALB2_X4F	858	1070	951	1154.0	1997.0	2070.0	2327.0			
chr16	23635692	23635694	PALB2_X4F	2569	3790	2478	3452.0	8897.0	5560.0	5759.0			
chr16	23635694	23635696	PALB2_X4F	3083	4815	2777	4068.0	11823.0	6613.0	7297.0			
chr16	23635696	23635698	PALB2_X4F	1183	1328	1328	1312.0	2165.0	3167.0	1717.0			
chr16	23635697	23635699	PALB2_X4F	950	1532	994	1251.0	2281.0	1603.0	2249.0			
chr16	23635698	23635700	PALB2_X4F	1522	2437	1232	2073.0	4771.0	3240.0	2791.0			
chr16	23635699	23635701	PALB2_X4F	1317	2084	1029	1789.0	5423.0	2383.0	3121.0			
chr16	23635700	23635702	PALB2_X4F	1545	1925	1367	2346.0	4713.0	3476.0	4088.0			
chr16	23635701	23635703	PALB2_X4F	1101	1286	860	1355.0	2930.0	1795.0	1763.0			
chr16	23635702	23635704	PALB2_X4F	2291	3224	2440	3169.0	7280.0	5938.0	5448.0			
chr16	23635704	23635706	PALB2_X4F	742	980	687	679.0	1956.0	1378.0	1173.0			
chr16	23635705	23635707	PALB2_X4F	1837	2574	1217	2410.0	5545.0	2841.0	3863.0			
chr16	23635707	23635709	PALB2_X4F	6034	8793	5397	8876.0	17652.0	14216.0	12607.0			
chr16	23635711	23635713	PALB2_X4F	1604	2168	1562	1900.0	4332.0	3355.0	3790.0			
chr16	23635712	23635714	PALB2_X4F	1683	2173	1963	2225.0	5026.0	4586.0	2780.0			
chr16	23635713	23635715	PALB2_X4F	1133	1936	1055	1401.0	3794.0	2098.0	2166.0			
chr16	23635714	23635716	PALB2_X4F	1447	2047	1560	2082.0	4694.0	3423.0	3462.0			
chr16	23635715	23635717	PALB2_X4F	4617	6920	4108	6453.0	13431.0	10460.0	10111.0			
chr16	23635718	23635720	PALB2_X4F	843	945	851	1396.0	1977.0	2301.0	2100.0			
chr16	23635719	23635721	PALB2_X4F	1378	1959	1264	1922.0	3438.0	3646.0	3009.0			
chr16	23635720	23635722	PALB2_X4F	1472	1832	1380	1654.0	3041.0	3293.0	2597.0			
chr16	23635721	23635723	PALB2_X4F	6285	9081	5668	7750.0	16803.0	14884.0	11435.0			
chr16	23635726	23635728	PALB2_X4F	1112	1646	1181	1408.0	2708.0	2594.0	1839.0			
chr16	23635727	23635729	PALB2_X4F	1322	1971	1462	1558.0	3444.0	3996.0	2427.0			
chr16	23635728	23635730	PALB2_X4F	1333	1725	1118	1486.0	3460.0	2552.0	1917.0			
chr16	23635729	23635731	PALB2_X4F	1316	1983	1405	1763.0	4435.0	3324.0	4194.0			
chr16	23635730	23635732	PALB2_X4F	1101	1523	877	1402.0	2958.0	2253.0	1937.0			
chr16	23635731	23635733	PALB2_X4F	1359	1628	1265	1715.0	4140.0	2261.0	2664.0			
chr16	23635732	23635734	PALB2_X4F	1828	2572	1669	2244.0	4960.0	5119.0	3379.0			
chr16	23635733	23635735	PALB2_X4F	1798	3011	1580	2098.0	5940.0	4819.0	3693.0			
chr16	23635734	23635736	PALB2_X4F	3532	5086	3355	4499.0	10112.0	8716.0	7281.0			
chr16	23635737	23635739	PALB2_X4F	2799	3679	2845	3732.0	8218.0	8230.0	5922.0			
chr16	23635739	23635741	PALB2_X4F	958	869	969	1404.0	2055.0	2492.0	2501.0			
chr16	23635740	23635742	PALB2_X4F	1347	2576	1625	2125.0	4591.0	3858.0	4037.0			
chr16	23635741	23635743	PALB2_X4F	1246	1754	1140	1888.0	4239.0	2182.0	2900.0			
chr16	23635742	23635744	PALB2_X4F	1881	2124	1591	2576.0	5076.0	3346.0	4310.0			
chr16	23635743	23635745	PALB2_X4F	1346	1375	1106	2035.0	2335.0	3102.0	3878.0			
chr16	23635744	23635746	PALB2_X4F	1443	2161	1212	2237.0	4671.0	3576.0	3388.0			
chr16	23635745	23635747	PALB2_X4F	6753	8900	5915	9278.0	20118.0	14685.0	15084.0			
chr16	23635750	23635752	PALB2_X4F	1681	2086	1420	2517.0	3630.0	4148.0	3846.0			
chr16	23635751	23635753	PALB2_X4F	1181	1484	825	1199.0	2562.0	1993.0	1787.0			
chr16	23635752	23635754	PALB2_X4F	979	1355	644	1323.0	2219.0	1789.0	2927.0			
chr16	23635753	23635755	PALB2_X4F	963	1357	1071	1521.0	2889.0	3445.0	2270.0			
chr16	23635754	23635756	PALB2_X4F	861	1086	779	989.0	2161.0	2021.0	1226.0			
chr16	23635755	23635757	PALB2_X4F	2357	2592	2492	3211.0	4634.0	5461.0	4897.0			
chr16	23635757	23635759	PALB2_X4F	894	1323	709	1306.0	1806.0	1631.0	1496.0			
chr16	23635521	23635523	PALB2_X4G	4930	3593	3394	4187.0	3995.0	3487.0	4966.0			
chr16	23635523	23635525	PALB2_X4G	1644	1425	1190	1278.0	1404.0	1085.0	1845.0			
chr16	23635524	23635526	PALB2_X4G	4214	3313	2598	3222.0	3711.0	2819.0	4515.0			
chr16	23635526	23635528	PALB2_X4G	2352	2214	1735	2417.0	2550.0	2144.0	2433.0			
chr16	23635527	23635529	PALB2_X4G	3554	3200	2298	3581.0	3419.0	3080.0	4189.0			
chr16	23635528	23635530	PALB2_X4G	2006	1584	1296	2233.0	1608.0	1505.0	2647.0			
chr16	23635529	23635531	PALB2_X4G	5627	4317	3475	4910.0	4501.0	4284.0	6239.0			
chr16	23635532	23635534	PALB2_X4G	4377	4097	3338	4017.0	4118.0	3604.0	5341.0			
chr16	23635534	23635536	PALB2_X4G	2214	1958	1649	2196.0	1764.0	1960.0	2901.0			
chr16	23635535	23635537	PALB2_X4G	2102	1638	1373	1943.0	1556.0	1791.0	2831.0			
chr16	23635536	23635538	PALB2_X4G	2012	1751	1358	1682.0	1824.0	1271.0	2427.0			
chr16	23635537	23635539	PALB2_X4G	1681	1338	1407	1911.0	1513.0	1652.0	2131.0			
chr16	23635538	23635540	PALB2_X4G	1791	1407	1114	1840.0	1517.0	1363.0	1591.0			
chr16	23635539	23635541	PALB2_X4G	5143	4165	3570	5545.0	4462.0	4547.0	5821.0			
chr16	23635542	23635544	PALB2_X4G	3347	2949	2546	3795.0	3176.0	2665.0	3537.0			
chr16	23635544	23635546	PALB2_X4G	1358	1223	716	1279.0	1183.0	728.0	1479.0			
chr16	23635546	23635548	PALB2_X4G	1438	1028	1157	1293.0	1675.0	1311.0	1762.0			
chr16	23635547	23635549	PALB2_X4G	1050	767	920	1267.0	785.0	1139.0	1347.0			
chr16	23635549	23635551	PALB2_X4G	2836	2318	1935	2847.0	2215.0	1997.0	3451.0			
chr16	23635550	23635552	PALB2_X4G	2489	2141	1609	2385.0	2515.0	1551.0	2813.0			
chr16	23635551	23635553	PALB2_X4G	2140	1678	1481	2024.0	1518.0	1778.0	2237.0			
chr16	23635552	23635554	PALB2_X4G	2642	2652	1849	2573.0	2402.0	2550.0	3099.0			
chr16	23635553	23635555	PALB2_X4G	2994	2523	2061	3101.0	2770.0	2288.0	3740.0			
chr16	23635554	23635556	PALB2_X4G	3995	3292	2880	4229.0	3327.0	3490.0	5132.0			
chr16	23635556	23635558	PALB2_X4G	2452	2473	1979	2751.0	3094.0	2202.0	3592.0			
chr16	23635557	23635559	PALB2_X4G	2769	2478	2161	3318.0	2525.0	2907.0	3596.0			
chr16	23635558	23635560	PALB2_X4G	2015	1846	1335	1906.0	1731.0	1766.0	2522.0			
chr16	23635559	23635561	PALB2_X4G	1945	1679	1062	1783.0	1618.0	1569.0	2035.0			
chr16	23635560	23635562	PALB2_X4G	1337	1223	961	1122.0	1140.0	940.0	1857.0			
chr16	23635561	23635563	PALB2_X4G	2508	2295	1686	2235.0	2725.0	2214.0	2899.0			
chr16	23635562	23635564	PALB2_X4G	3107	2655	2227	4343.0	3335.0	2907.0	5054.0			
chr16	23635564	23635566	PALB2_X4G	3168	2612	2097	3278.0	3321.0	2635.0	4133.0			
chr16	23635566	23635568	PALB2_X4G	2392	2025	1905	2537.0	2248.0	1819.0	3485.0			
chr16	23635567	23635569	PALB2_X4G	2877	2626	1967	2848.0	2840.0	2137.0	3684.0			
chr16	23635569	23635571	PALB2_X4G	1937	1626	1302	2052.0	2103.0	1485.0	3040.0			
chr16	23635570	23635572	PALB2_X4G	1573	1434	1203	1409.0	1506.0	978.0	1830.0			
chr16	23635571	23635573	PALB2_X4G	4234	3627	3426	4088.0	4171.0	3875.0	5908.0			
chr16	23635573	23635575	PALB2_X4G	3830	3333	2891	4012.0	3501.0	3381.0	4907.0			
chr16	23635575	23635577	PALB2_X4G	1142	936	1014	1415.0	1076.0	1192.0	1600.0			
chr16	23635576	23635578	PALB2_X4G	1788	1668	1045	1989.0	2114.0	1505.0	2411.0			
chr16	23635577	23635579	PALB2_X4G	1935	1815	1794	2033.0	2288.0	2129.0	2418.0			
chr16	23635578	23635580	PALB2_X4G	1342	1272	658	1626.0	1588.0	644.0	1585.0			
chr16	23635579	23635581	PALB2_X4G	4610	3694	2997	4430.0	4162.0	3275.0	6272.0			
chr16	23635581	23635583	PALB2_X4G	1460	1272	960	1625.0	1223.0	1241.0	1744.0			
chr16	23635582	23635584	PALB2_X4G	2056	921	630	1041.0	747.0	446.0	503.0			
chr16	23635583	23635585	PALB2_X4G	1072	832	659	1095.0	1019.0	868.0	1214.0			
chr16	23635584	23635586	PALB2_X4G	2571	1764	1659	2402.0	2041.0	1931.0	2781.0			
chr16	23635585	23635587	PALB2_X4G	1964	1625	1682	2603.0	2159.0	1857.0	2981.0			
chr16	23635586	23635588	PALB2_X4G	3522	2977	2589	3581.0	3083.0	3037.0	4313.0			
chr16	23635588	23635590	PALB2_X4G	1230	1043	914	1551.0	754.0	935.0	1852.0			
chr16	23635589	23635591	PALB2_X4G	4674	3552	2901	4628.0	3856.0	3546.0	5763.0			
chr16	23635591	23635593	PALB2_X4G	1402	1013	894	1442.0	1286.0	1001.0	1525.0			
chr16	23635592	23635594	PALB2_X4G	1350	980	895	1519.0	1445.0	828.0	1855.0			
chr16	23635593	23635595	PALB2_X4G	1745	1518	1413	1843.0	1457.0	1490.0	1985.0			
chr16	23635594	23635596	PALB2_X4G	4520	3884	3503	4715.0	4175.0	3984.0	5525.0			
chr16	23635596	23635598	PALB2_X4G	6519	5369	3997	6428.0	5893.0	4951.0	8086.0			
chr16	23635598	23635600	PALB2_X4G	2975	2201	2011	2699.0	2953.0	2360.0	3651.0			
chr16	23635599	23635601	PALB2_X4G	2180	1982	1434	2183.0	2095.0	1594.0	2385.0			
chr16	23635600	23635602	PALB2_X4G	5025	5642	4449	6611.0	6220.0	4767.0	7545.0			
chr16	23635602	23635604	PALB2_X4G	2547	2912	2151	3967.0	3312.0	2571.0	4624.0			
chr16	23635603	23635605	PALB2_X4G	5835	6751	5589	8544.0	7904.0	6288.0	10252.0			
chr16	23635605	23635607	PALB2_X4G	2514	2856	2430	3377.0	3162.0	2718.0	4189.0			
chr16	23635606	23635608	PALB2_X4G	2594	3136	2596	3391.0	3446.0	3417.0	4307.0			
chr16	23635607	23635609	PALB2_X4G	3269	3278	2323	3738.0	3519.0	2493.0	4701.0			
chr16	23635610	23635612	PALB2_X4G	1262	1072	694	1245.0	1423.0	975.0	1576.0			
chr16	23635611	23635613	PALB2_X4G	1702	1297	861	1672.0	1706.0	896.0	1943.0			
chr16	23635612	23635614	PALB2_X4G	2601	1556	1648	2691.0	1739.0	1509.0	2794.0			
chr16	23635614	23635616	PALB2_X4G	2031	1454	1234	1752.0	1453.0	1402.0	2380.0			
chr16	23635615	23635617	PALB2_X4G	2765	2269	1681	2509.0	1780.0	2224.0	3300.0			
chr16	23635617	23635619	PALB2_X4G	819	545	762	814.0	578.0	599.0	808.0			
chr16	23635618	23635620	PALB2_X4G	3553	2291	2046	2639.0	2534.0	2647.0	3550.0			
chr16	23635620	23635622	PALB2_X4G	2452	1659	1370	1924.0	1935.0	1825.0	2367.0			
chr16	23635621	23635623	PALB2_X4G	1226	846	892	966.0	993.0	772.0	1078.0			
chr16	23635622	23635624	PALB2_X4G	2089	1209	886	1641.0	1365.0	919.0	2151.0			
chr16	23635623	23635625	PALB2_X4G	1963	961	1085	1670.0	1128.0	849.0	1676.0			
chr16	23635624	23635626	PALB2_X4G	870	425	406	931.0	422.0	594.0	1124.0			
chr16	23635625	23635627	PALB2_X4G	2284	1191	1237	1468.0	1345.0	1377.0	1296.0			
chr16	23635626	23635628	PALB2_X4G	7449	3995	3387	5657.0	4092.0	4005.0	6523.0			
chr16	23635629	23635631	PALB2_X4G	1440	1019	698	982.0	1108.0	900.0	1430.0			
chr16	23635630	23635632	PALB2_X4G	2118	1286	949	1200.0	1149.0	1325.0	1272.0			
chr16	23635631	23635633	PALB2_X4G	1823	945	852	1664.0	1199.0	880.0	1391.0			
chr16	23635632	23635634	PALB2_X4G	2693	1750	1262	1946.0	1941.0	1355.0	2006.0			
chr16	23635634	23635636	PALB2_X4G	1483	634	468	908.0	709.0	776.0	1432.0			
chr16	23635635	23635637	PALB2_X4G	7976	4552	3626	4882.0	4828.0	3816.0	6329.0			
chr16	23635404	23635406	PALB2_X4H	1895	895	547	796.0	644.0	380.0	669.0			
chr16	23635405	23635407	PALB2_X4H	1088	549	228	499.0	403.0	281.0	410.0			
chr16	23635406	23635408	PALB2_X4H	1334	989	308	567.0	519.0	319.0	351.0			
chr16	23635407	23635409	PALB2_X4H	1459	1113	299	675.0	619.0	312.0	778.0			
chr16	23635408	23635410	PALB2_X4H	2698	1869	944	956.0	1132.0	1000.0	758.0			
chr16	23635410	23635412	PALB2_X4H	1548	1067	464	737.0	741.0	359.0	706.0			
chr16	23635411	23635413	PALB2_X4H	1708	986	536	605.0	967.0	539.0	582.0			
chr16	23635412	23635414	PALB2_X4H	1249	626	307	544.0	237.0	303.0	283.0			
chr16	23635413	23635415	PALB2_X4H	1615	1052	461	758.0	607.0	447.0	708.0			
chr16	23635414	23635416	PALB2_X4H	3675	2890	1080	2032.0	1797.0	1142.0	1416.0			
chr16	23635416	23635418	PALB2_X4H	1167	821	270	449.0	483.0	219.0	415.0			
chr16	23635417	23635419	PALB2_X4H	1461	874	505	620.0	546.0	403.0	494.0			
chr16	23635418	23635420	PALB2_X4H	1357	800	349	512.0	394.0	535.0	562.0			
chr16	23635419	23635421	PALB2_X4H	1111	873	272	406.0	623.0	257.0	400.0			
chr16	23635420	23635422	PALB2_X4H	1388	892	401	449.0	501.0	578.0	472.0			
chr16	23635421	23635423	PALB2_X4H	1080	578	404	474.0	279.0	321.0	465.0			
chr16	23635422	23635424	PALB2_X4H	2396	1468	729	1198.0	1164.0	978.0	949.0			
chr16	23635424	23635426	PALB2_X4H	1505	1058	385	871.0	624.0	386.0	966.0			
chr16	23635425	23635427	PALB2_X4H	1306	999	450	632.0	514.0	448.0	638.0			
chr16	23635426	23635428	PALB2_X4H	2703	1557	884	1123.0	942.0	858.0	1115.0			
chr16	23635427	23635429	PALB2_X4H	880	835	206	511.0	613.0	218.0	498.0			
chr16	23635428	23635430	PALB2_X4H	565	333	139	246.0	226.0	107.0	290.0			
chr16	23635429	23635431	PALB2_X4H	1040	778	401	671.0	608.0	346.0	494.0			
chr16	23635430	23635432	PALB2_X4H	1013	730	326	684.0	421.0	306.0	415.0			
chr16	23635431	23635433	PALB2_X4H	1297	864	405	768.0	700.0	316.0	593.0			
chr16	23635432	23635434	PALB2_X4H	649	458	143	255.0	514.0	143.0	334.0			
chr16	23635433	23635435	PALB2_X4H	1120	514	357	385.0	419.0	395.0	506.0			
chr16	23635434	23635436	PALB2_X4H	2666	1965	737	1459.0	1213.0	816.0	1285.0			
chr16	23635436	23635438	PALB2_X4H	1317	860	422	677.0	518.0	313.0	580.0			
chr16	23635437	23635439	PALB2_X4H	1609	1257	597	992.0	1043.0	689.0	865.0			
chr16	23635438	23635440	PALB2_X4H	2702	2346	938	1637.0	1425.0	1006.0	1508.0			
chr16	23635441	23635443	PALB2_X4H	830	621	395	667.0	317.0	365.0	454.0			
chr16	23635442	23635444	PALB2_X4H	1422	1218	452	941.0	839.0	479.0	840.0			
chr16	23635443	23635445	PALB2_X4H	2114	2125	884	1380.0	1244.0	956.0	1231.0			
chr16	23635445	23635447	PALB2_X4H	646	766	381	638.0	482.0	341.0	272.0			
chr16	23635446	23635448	PALB2_X4H	1436	1435	649	999.0	882.0	664.0	939.0			
chr16	23635448	23635450	PALB2_X4H	842	1229	324	486.0	584.0	325.0	471.0			
chr16	23635449	23635451	PALB2_X4H	841	798	456	733.0	538.0	576.0	701.0			
chr16	23635452	23635454	PALB2_X4H	5104	7305	3391	6025.0	4929.0	3746.0	5624.0			
chr16	23635456	23635458	PALB2_X4H	3300	5335	2557	4363.0	3995.0	2424.0	4204.0			
chr16	23635459	23635461	PALB2_X4H	1774	2541	1395	2082.0	2060.0	1538.0	2247.0			
chr16	23635460	23635462	PALB2_X4H	1821	2833	1161	2386.0	2059.0	1451.0	2083.0			
chr16	23635462	23635464	PALB2_X4H	1082	1657	778	1007.0	1438.0	529.0	1172.0			
chr16	23635463	23635465	PALB2_X4H	1630	2064	1091	1327.0	1499.0	905.0	1616.0			
chr16	23635464	23635466	PALB2_X4H	1154	1918	939	1359.0	1647.0	798.0	1290.0			
chr16	23635465	23635467	PALB2_X4H	964	1313	762	1317.0	1058.0	714.0	1145.0			
chr16	23635466	23635468	PALB2_X4H	2287	3771	1536	2717.0	2960.0	1574.0	2448.0			
chr16	23635467	23635469	PALB2_X4H	1961	2792	1303	2367.0	2207.0	1487.0	2467.0			
chr16	23635468	23635470	PALB2_X4H	1545	2309	1003	1668.0	1433.0	896.0	1843.0			
chr16	23635469	23635471	PALB2_X4H	2518	4356	1668	3108.0	2880.0	1953.0	2826.0			
chr16	23635470	23635472	PALB2_X4H	1561	2310	1062	1503.0	1728.0	1214.0	1293.0			
chr16	23635471	23635473	PALB2_X4H	1595	2769	1234	2167.0	2093.0	1469.0	2149.0			
chr16	23635472	23635474	PALB2_X4H	1572	2239	1136	1675.0	1811.0	1086.0	1849.0			
chr16	23635473	23635475	PALB2_X4H	2289	3698	1636	2262.0	3012.0	1584.0	2201.0			
chr16	23635475	23635477	PALB2_X4H	1067	1893	683	1213.0	1262.0	843.0	1480.0			
chr16	23635476	23635478	PALB2_X4H	814	1428	791	1074.0	1060.0	793.0	1252.0			
chr16	23635477	23635479	PALB2_X4H	1324	2281	975	1864.0	1625.0	1122.0	1793.0			
chr16	23635478	23635480	PALB2_X4H	3033	4888	2361	3711.0	3789.0	2535.0	3590.0			
chr16	23635480	23635482	PALB2_X4H	909	793	391	680.0	641.0	213.0	378.0			
chr16	23635481	23635483	PALB2_X4H	1147	1764	1088	1850.0	1362.0	1149.0	1323.0			
chr16	23635482	23635484	PALB2_X4H	1132	1752	881	1389.0	1399.0	677.0	1154.0			
chr16	23635483	23635485	PALB2_X4H	2137	4412	1813	2981.0	2434.0	1556.0	2772.0			
chr16	23635485	23635487	PALB2_X4H	939	1429	817	1244.0	1129.0	715.0	1058.0			
chr16	23635486	23635488	PALB2_X4H	2351	3927	1846	3525.0	2791.0	1734.0	2901.0			
chr16	23635487	23635489	PALB2_X4H	1138	1551	970	1478.0	958.0	816.0	1170.0			
chr16	23635488	23635490	PALB2_X4H	1799	2954	1460	1858.0	1965.0	1302.0	1798.0			
chr16	23635490	23635492	PALB2_X4H	891	1691	1087	1263.0	1091.0	910.0	910.0			
chr16	23635491	23635493	PALB2_X4H	1047	1576	821	1430.0	1296.0	779.0	1440.0			
chr16	23635492	23635494	PALB2_X4H	1403	2050	1135	1420.0	1495.0	969.0	1573.0			
chr16	23635493	23635495	PALB2_X4H	2465	3851	1776	2623.0	2474.0	2287.0	2941.0			
chr16	23635495	23635497	PALB2_X4H	1601	2519	1133	2044.0	1652.0	1199.0	1664.0			
chr16	23635496	23635498	PALB2_X4H	1198	1767	780	1261.0	1364.0	997.0	1172.0			
chr16	23635497	23635499	PALB2_X4H	2479	3909	1960	3096.0	2937.0	1926.0	2552.0			
chr16	23635499	23635501	PALB2_X4H	1163	1795	1074	1220.0	1288.0	1075.0	1255.0			
chr16	23635500	23635502	PALB2_X4H	2211	3674	1500	2739.0	2824.0	1397.0	2706.0			
chr16	23635502	23635504	PALB2_X4H	3993	6791	3051	5307.0	4631.0	3243.0	5042.0			
chr16	23635505	23635507	PALB2_X4H	3553	5745	2261	3662.0	4136.0	2189.0	3257.0			
chr16	23635508	23635510	PALB2_X4H	3600	6083	2580	4490.0	4332.0	2633.0	3958.0			
chr16	23635510	23635512	PALB2_X4H	1411	849	349	649.0	407.0	305.0	259.0			
chr16	23635511	23635513	PALB2_X4H	1687	2585	1293	1861.0	1850.0	1331.0	1698.0			
chr16	23635512	23635514	PALB2_X4H	869	878	802	925.0	819.0	847.0	857.0			
chr16	23635513	23635515	PALB2_X4H	1272	1966	771	1259.0	1505.0	946.0	1447.0			
chr16	23635514	23635516	PALB2_X4H	1137	1361	866	1416.0	850.0	910.0	1317.0			
chr16	23635515	23635517	PALB2_X4H	2898	4958	2069	3281.0	3442.0	2219.0	3054.0			
chr16	23635517	23635519	PALB2_X4H	823	1295	608	829.0	840.0	633.0	786.0			
chr16	23635518	23635520	PALB2_X4H	2378	3503	1835	2933.0	2192.0	1777.0	3108.0			
chr16	23635520	23635522	PALB2_X4H	1261	2002	798	1243.0	1276.0	914.0	1251.0			
chr16	23635521	23635523	PALB2_X4H	2666	3626	1960	3068.0	2480.0	1937.0	3087.0			
chr16	23635288	23635290	PALB2_X4I	1676	913	615		415.0	426.0				
chr16	23635289	23635291	PALB2_X4I	1279	1618	1353		785.0	1637.0				
chr16	23635290	23635292	PALB2_X4I	1033	1298	983		699.0	987.0				
chr16	23635291	23635293	PALB2_X4I	1183	988	786		575.0	953.0				
chr16	23635292	23635294	PALB2_X4I	1148	1532	1091		439.0	1014.0				
chr16	23635293	23635295	PALB2_X4I	1343	1842	1133		835.0	1412.0				
chr16	23635294	23635296	PALB2_X4I	1357	1527	1211		531.0	1106.0				
chr16	23635295	23635297	PALB2_X4I	1151	1698	970		610.0	972.0				
chr16	23635296	23635298	PALB2_X4I	1074	1578	804		458.0	590.0				
chr16	23635297	23635299	PALB2_X4I	1146	1441	889		677.0	914.0				
chr16	23635298	23635300	PALB2_X4I	1678	2115	1645		804.0	1499.0				
chr16	23635299	23635301	PALB2_X4I	2087	2491	1853		680.0	1813.0				
chr16	23635300	23635302	PALB2_X4I	2885	3401	2389		1331.0	1496.0				
chr16	23635302	23635304	PALB2_X4I	2869	3374	1994		1163.0	1983.0				
chr16	23635304	23635306	PALB2_X4I	3389	4626	2801		1769.0	2256.0				
chr16	23635306	23635308	PALB2_X4I	984	850	976		310.0	845.0				
chr16	23635307	23635309	PALB2_X4I	7353	9204	5509		3819.0	4568.0				
chr16	23635312	23635314	PALB2_X4I	3863	4431	3327		2279.0	3154.0				
chr16	23635314	23635316	PALB2_X4I	1231	1320	779		711.0	662.0				
chr16	23635315	23635317	PALB2_X4I	1687	2757	1747		1319.0	1473.0				
chr16	23635316	23635318	PALB2_X4I	2765	4382	2583		1846.0	2103.0				
chr16	23635318	23635320	PALB2_X4I	986	1447	664		540.0	626.0				
chr16	23635319	23635321	PALB2_X4I	6009	7652	5664		3349.0	4577.0				
chr16	23635323	23635325	PALB2_X4I	2782	3490	2674		1446.0	1880.0				
chr16	23635325	23635327	PALB2_X4I	3358	5218	3033		2169.0	2529.0				
chr16	23635327	23635329	PALB2_X4I	2994	4094	2971		1395.0	1989.0				
chr16	23635329	23635331	PALB2_X4I	2399	3168	2282		985.0	1617.0				
chr16	23635331	23635333	PALB2_X4I	1791	2412	1432		818.0	1200.0				
chr16	23635333	23635335	PALB2_X4I	885	1194	710		421.0	548.0				
chr16	23635334	23635336	PALB2_X4I	1454	1670	1074		581.0	1086.0				
chr16	23635335	23635337	PALB2_X4I	3138	4250	2055		1885.0	1757.0				
chr16	23635337	23635339	PALB2_X4I	1328	1652	1156		706.0	864.0				
chr16	23635338	23635340	PALB2_X4I	3875	6175	4315		2556.0	4003.0				
chr16	23635341	23635343	PALB2_X4I	1520	2214	1577		758.0	1365.0				
chr16	23635342	23635344	PALB2_X4I	1540	1853	1488		760.0	1382.0				
chr16	23635343	23635345	PALB2_X4I	1555	2598	2134		960.0	2343.0				
chr16	23635345	23635347	PALB2_X4I	2351	2950	2513		1244.0	2429.0				
chr16	23635347	23635349	PALB2_X4I	827	1413	792		416.0	793.0				
chr16	23635348	23635350	PALB2_X4I	1107	1274	1283		456.0	1461.0				
chr16	23635349	23635351	PALB2_X4I	1425	2420	1337		1007.0	1396.0				
chr16	23635350	23635352	PALB2_X4I	1485	2851	1872		1083.0	1852.0				
chr16	23635351	23635353	PALB2_X4I	1220	2320	1422		862.0	811.0				
chr16	23635352	23635354	PALB2_X4I	791	908	664		310.0	462.0				
chr16	23635353	23635355	PALB2_X4I	2128	2643	1921		1404.0	1765.0				
chr16	23635354	23635356	PALB2_X4I	1460	1668	2018		1022.0	2071.0				
chr16	23635355	23635357	PALB2_X4I	1556	2092	1842		1014.0	1333.0				
chr16	23635356	23635358	PALB2_X4I	1046	554	298		111.0	223.0				
chr16	23635357	23635359	PALB2_X4I	1558	2295	1239		905.0	1566.0				
chr16	23635358	23635360	PALB2_X4I	978	1372	664		425.0	462.0				
chr16	23635359	23635361	PALB2_X4I	1662	2439	1270		839.0	1187.0				
chr16	23635360	23635362	PALB2_X4I	3842	6362	5154		2829.0	4203.0				
chr16	23635363	23635365	PALB2_X4I	1818	2643	2449		931.0	1828.0				
chr16	23635364	23635366	PALB2_X4I	1667	3349	1768		1464.0	2008.0				
chr16	23635365	23635367	PALB2_X4I	2470	3780	2239		1187.0	2377.0				
chr16	23635367	23635369	PALB2_X4I	3333	5170	3895		2427.0	3742.0				
chr16	23635370	23635372	PALB2_X4I	2348	3383	2333		1302.0	2416.0				
chr16	23635372	23635374	PALB2_X4I	2537	3665	2831		1474.0	2237.0				
chr16	23635374	23635376	PALB2_X4I	2764	3960	3245		1731.0	2452.0				
chr16	23635376	23635378	PALB2_X4I	2299	4119	2637		1497.0	2552.0				
chr16	23635378	23635380	PALB2_X4I	1830	2726	2103		931.0	2144.0				
chr16	23635379	23635381	PALB2_X4I	2236	3594	2816		1867.0	2448.0				
chr16	23635381	23635383	PALB2_X4I	5662	9389	7967		4208.0	7076.0				
chr16	23635385	23635387	PALB2_X4I	2010	3613	2890		1685.0	2092.0				
chr16	23635386	23635388	PALB2_X4I	3890	6816	4519		2521.0	4173.0				
chr16	23635388	23635390	PALB2_X4I	1323	1604	1181		591.0	585.0				
chr16	23635391	23635393	PALB2_X4I	3224	4747	3642		2044.0	2823.0				
chr16	23635393	23635395	PALB2_X4I	2411	2924	1814		1229.0	1440.0				
chr16	23635395	23635397	PALB2_X4I	1646	1485	1878		593.0	1463.0				
chr16	23635396	23635398	PALB2_X4I	1935	2274	1529		1103.0	1135.0				
chr16	23635397	23635399	PALB2_X4I	839	655	564		300.0	499.0				
chr16	23635398	23635400	PALB2_X4I	1497	1604	1205		726.0	1431.0				
chr16	23635399	23635401	PALB2_X4I	1108	971	681		285.0	485.0				
chr16	23635400	23635402	PALB2_X4I	1088	860	881		370.0	357.0				
chr16	23635401	23635403	PALB2_X4I	1075	1172	749		613.0	630.0				
chr16	23635402	23635404	PALB2_X4I	1155	888	1172		333.0	1116.0				
chr16	23635403	23635405	PALB2_X4I	3458	3297	2326		1632.0	1725.0				
chr16	23635405	23635407	PALB2_X4I	1029	1175	887		443.0	828.0				
chr16	23635406	23635408	PALB2_X4I	1133	1411	630		550.0	450.0				
chr16	23635407	23635409	PALB2_X4I	905	421	417		189.0	287.0				
chr16	23635408	23635410	PALB2_X4I	1878	1671	1271		909.0	1304.0				
chr16	23635173	23635175	PALB2_X4J	1587	1209	903	1957.0	768.0	825.0	1917.0			
chr16	23635174	23635176	PALB2_X4J	1898	1195	879	2484.0	1717.0	633.0	2032.0			
chr16	23635175	23635177	PALB2_X4J	1948	1975	1102	1553.0	2419.0	915.0	1287.0			
chr16	23635176	23635178	PALB2_X4J	5449	5856	3672	6502.0	7259.0	2902.0	6677.0			
chr16	23635179	23635181	PALB2_X4J	2939	3263	2185	2633.0	3202.0	1387.0	2434.0			
chr16	23635181	23635183	PALB2_X4J	1996	1566	987	1671.0	1118.0	585.0	1940.0			
chr16	23635182	23635184	PALB2_X4J	1219	1280	836	1378.0	1424.0	313.0	1896.0			
chr16	23635183	23635185	PALB2_X4J	1129	843	678	766.0	2131.0	333.0	516.0			
chr16	23635184	23635186	PALB2_X4J	1321	1273	886	1105.0	1210.0	428.0	946.0			
chr16	23635185	23635187	PALB2_X4J	930	839	761	1167.0	772.0	436.0	1441.0			
chr16	23635186	23635188	PALB2_X4J	1216	1106	925	1156.0	1178.0	558.0	1321.0			
chr16	23635187	23635189	PALB2_X4J	777	1107	433	843.0	1220.0	342.0	1370.0			
chr16	23635188	23635190	PALB2_X4J	1328	1250	549	902.0	1698.0	318.0	928.0			
chr16	23635189	23635191	PALB2_X4J	1683	1844	1106	1953.0	2119.0	1065.0	1704.0			
chr16	23635190	23635192	PALB2_X4J	1646	1424	944	1805.0	1516.0	587.0	2174.0			
chr16	23635191	23635193	PALB2_X4J	1134	1331	748	1309.0	1179.0	487.0	1874.0			
chr16	23635192	23635194	PALB2_X4J	1139	1003	1036	1301.0	1582.0	678.0	1085.0			
chr16	23635193	23635195	PALB2_X4J	1651	1999	972	2517.0	2290.0	697.0	3124.0			
chr16	23635194	23635196	PALB2_X4J	1485	1970	1279	2228.0	2466.0	890.0	2853.0			
chr16	23635195	23635197	PALB2_X4J	1168	1116	866	1450.0	1380.0	506.0	1674.0			
chr16	23635196	23635198	PALB2_X4J	1023	842	497	1187.0	1646.0	416.0	1458.0			
chr16	23635197	23635199	PALB2_X4J	6093	6079	3900	6828.0	6850.0	2633.0	6323.0			
chr16	23635200	23635202	PALB2_X4J	901	733	539	1410.0	946.0	332.0	1518.0			
chr16	23635201	23635203	PALB2_X4J	3400	2797	2180	3943.0	2891.0	1265.0	3425.0			
chr16	23635203	23635205	PALB2_X4J	2007	2395	1277	2239.0	2325.0	818.0	2539.0			
chr16	23635204	23635206	PALB2_X4J	1255	1467	696	1404.0	1837.0	444.0	1405.0			
chr16	23635205	23635207	PALB2_X4J	1887	2026	1207	2679.0	2675.0	844.0	2325.0			
chr16	23635206	23635208	PALB2_X4J	1630	1645	1312	1837.0	1820.0	886.0	1993.0			
chr16	23635207	23635209	PALB2_X4J	3019	3648	2065	2986.0	3391.0	1165.0	3031.0			
chr16	23635209	23635211	PALB2_X4J	3470	3868	2562	3431.0	4462.0	1878.0	3372.0			
chr16	23635211	23635213	PALB2_X4J	1780	2469	930	2430.0	2261.0	674.0	2471.0			
chr16	23635212	23635214	PALB2_X4J	4208	4818	3429	4626.0	4236.0	2270.0	4780.0			
chr16	23635215	23635217	PALB2_X4J	5551	6312	4016	6742.0	6136.0	2848.0	6422.0			
chr16	23635218	23635220	PALB2_X4J	4011	4220	3015	4558.0	4425.0	2152.0	4113.0			
chr16	23635221	23635223	PALB2_X4J	4050	4976	2906	5257.0	4756.0	2062.0	5180.0			
chr16	23635224	23635226	PALB2_X4J	1760	1615	1567	2061.0	2552.0	1275.0	2283.0			
chr16	23635225	23635227	PALB2_X4J	1245	442	467	717.0	271.0	77.0	483.0			
chr16	23635226	23635228	PALB2_X4J	1216	1630	1238	2073.0	1660.0	823.0	2808.0			
chr16	23635227	23635229	PALB2_X4J	1320	1451	1040	1565.0	1426.0	840.0	1362.0			
chr16	23635228	23635230	PALB2_X4J	629	574	541	588.0	572.0	250.0	406.0			
chr16	23635229	23635231	PALB2_X4J	746	1276	664	932.0	1652.0	334.0	698.0			
chr16	23635231	23635233	PALB2_X4J	1610	1988	1367	2035.0	1881.0	864.0	2153.0			
chr16	23635232	23635234	PALB2_X4J	7453	7384	5358	9316.0	7211.0	3934.0	8795.0			
chr16	23635236	23635238	PALB2_X4J	4190	4237	2858	4210.0	3797.0	2231.0	3348.0			
chr16	23635239	23635241	PALB2_X4J	1438	1252	754	1511.0	1500.0	535.0	1556.0			
chr16	23635240	23635242	PALB2_X4J	1790	1734	1355	1764.0	2023.0	896.0	1174.0			
chr16	23635241	23635243	PALB2_X4J	1427	1551	998	2076.0	1877.0	741.0	2288.0			
chr16	23635242	23635244	PALB2_X4J	2007	2503	1705	2858.0	2624.0	941.0	2687.0			
chr16	23635243	23635245	PALB2_X4J	2966	3529	2109	3749.0	5533.0	1845.0	4220.0			
chr16	23635245	23635247	PALB2_X4J	1599	2450	1489	1990.0	2931.0	1337.0	2096.0			
chr16	23635246	23635248	PALB2_X4J	1360	1905	1176	2168.0	2890.0	1170.0	1828.0			
chr16	23635247	23635249	PALB2_X4J	1683	1498	1664	1701.0	1905.0	1136.0	2148.0			
chr16	23635248	23635250	PALB2_X4J	1547	2124	1154	2224.0	3177.0	848.0	1935.0			
chr16	23635249	23635251	PALB2_X4J	1360	1876	1033	2281.0	3167.0	682.0	2424.0			
chr16	23635250	23635252	PALB2_X4J	2779	3488	2391	3561.0	3531.0	1594.0	3244.0			
chr16	23635252	23635254	PALB2_X4J	1765	1614	1600	2035.0	2565.0	843.0	1912.0			
chr16	23635253	23635255	PALB2_X4J	1386	1808	1188	2076.0	1974.0	812.0	1963.0			
chr16	23635254	23635256	PALB2_X4J	1519	1430	1053	1537.0	1937.0	550.0	2609.0			
chr16	23635255	23635257	PALB2_X4J	1127	1154	788	1435.0	1116.0	623.0	1658.0			
chr16	23635256	23635258	PALB2_X4J	1341	1263	858	1594.0	1521.0	469.0	1322.0			
chr16	23635257	23635259	PALB2_X4J	994	1012	625	1065.0	1039.0	514.0	1024.0			
chr16	23635258	23635260	PALB2_X4J	1033	1147	614	1057.0	1425.0	554.0	996.0			
chr16	23635259	23635261	PALB2_X4J	1990	1938	1664	2088.0	2067.0	941.0	2648.0			
chr16	23635260	23635262	PALB2_X4J	2848	2897	2363	3730.0	3579.0	1588.0	3129.0			
chr16	23635262	23635264	PALB2_X4J	1776	1666	1094	2307.0	1395.0	862.0	2442.0			
chr16	23635263	23635265	PALB2_X4J	1245	1150	793	1923.0	1257.0	611.0	1673.0			
chr16	23635264	23635266	PALB2_X4J	3303	3159	2295	3173.0	3825.0	1754.0	3009.0			
chr16	23635266	23635268	PALB2_X4J	1466	1402	955	1606.0	1851.0	631.0	1768.0			
chr16	23635267	23635269	PALB2_X4J	4030	4198	2527	4188.0	4741.0	1357.0	4253.0			
chr16	23635275	23635277	PALB2_X4J	1909	1914	1239	1837.0	1782.0	730.0	1703.0			
chr16	23635276	23635278	PALB2_X4J	4454	4464	2752	3884.0	4225.0	1848.0	5067.0			
chr16	23635279	23635281	PALB2_X4J	1547	1366	779	1135.0	1782.0	694.0	1138.0			
chr16	23635280	23635282	PALB2_X4J	1734	1456	1300	1781.0	1476.0	555.0	1620.0			
chr16	23635281	23635283	PALB2_X4J	1232	1263	471	1392.0	1252.0	243.0	1059.0			
chr16	23635282	23635284	PALB2_X4J	4564	3855	2402	4426.0	3823.0	1497.0	3364.0			
chr16	23635285	23635287	PALB2_X4J	1627	861	674	1417.0	1456.0	769.0	1512.0			
chr16	23635286	23635288	PALB2_X4J	1840	1310	1012	1734.0	2256.0	551.0	1529.0			
chr16	23635287	23635289	PALB2_X4J	1916	1003	767	1018.0	815.0	446.0	1064.0			
chr16	23635288	23635290	PALB2_X4J	1414	455	115	318.0	640.0	45.0	194.0			
chr16	23635289	23635291	PALB2_X4J	1915	1110	996	1355.0	1395.0	597.0	1381.0			
chr16	23635290	23635292	PALB2_X4J	1149	765	462	720.0	1010.0	304.0	1009.0			
chr16	23635291	23635293	PALB2_X4J	618	290	311	356.0	270.0	185.0	416.0			
chr16	23635056	23635058	PALB2_X4K	2373	3712	2232	4559.0	5016.0	3985.0	6381.0			
chr16	23635058	23635060	PALB2_X4K	624	753	619	1296.0	1155.0	949.0	1831.0			
chr16	23635059	23635061	PALB2_X4K	2817	5074	2935	6198.0	6132.0	5200.0	10035.0			
chr16	23635062	23635064	PALB2_X4K	972	1687	1093	1788.0	2726.0	2644.0	2651.0			
chr16	23635063	23635065	PALB2_X4K	974	1583	1264	2093.0	2302.0	1998.0	3599.0			
chr16	23635064	23635066	PALB2_X4K	516	866	527	831.0	1178.0	1191.0	1441.0			
chr16	23635065	23635067	PALB2_X4K	733	1516	1011	1513.0	1337.0	1688.0	2954.0			
chr16	23635068	23635070	PALB2_X4K	1706	2624	1643	3240.0	3616.0	3193.0	5596.0			
chr16	23635069	23635071	PALB2_X4K	1066	1859	1258	2107.0	2952.0	1980.0	3616.0			
chr16	23635070	23635072	PALB2_X4K	927	1432	936	1688.0	2659.0	1843.0	2478.0			
chr16	23635072	23635074	PALB2_X4K	1920	2743	2419	3748.0	4162.0	4604.0	6616.0			
chr16	23635074	23635076	PALB2_X4K	2263	3570	2621	3822.0	4611.0	3865.0	6330.0			
chr16	23635076	23635078	PALB2_X4K	1214	1901	1128	2127.0	2363.0	2014.0	3109.0			
chr16	23635077	23635079	PALB2_X4K	1670	3099	1984	3572.0	4116.0	3928.0	6129.0			
chr16	23635079	23635081	PALB2_X4K	800	1524	1021	1674.0	2501.0	2079.0	3071.0			
chr16	23635080	23635082	PALB2_X4K	833	1052	701	1441.0	1599.0	1425.0	1991.0			
chr16	23635081	23635083	PALB2_X4K	1018	1337	913	1663.0	1655.0	1561.0	2283.0			
chr16	23635082	23635084	PALB2_X4K	1410	2284	1357	2940.0	3040.0	3065.0	4700.0			
chr16	23635084	23635086	PALB2_X4K	1393	2392	1303	2805.0	2591.0	3719.0	3680.0			
chr16	23635085	23635087	PALB2_X4K	1076	2057	1258	1942.0	3576.0	2528.0	3821.0			
chr16	23635086	23635088	PALB2_X4K	1680	2728	1963	2852.0	4089.0	3106.0	4135.0			
chr16	23635087	23635089	PALB2_X4K	1270	2287	1291	2324.0	3990.0	2734.0	3365.0			
chr16	23635088	23635090	PALB2_X4K	1057	1832	1121	2016.0	1979.0	2199.0	3207.0			
chr16	23635089	23635091	PALB2_X4K	981	1697	1518	1814.0	2430.0	2338.0	2838.0			
chr16	23635090	23635092	PALB2_X4K	2808	5124	3172	5476.0	6272.0	5814.0	10368.0			
chr16	23635092	23635094	PALB2_X4K	929	1547	1016	2001.0	2009.0	1924.0	2930.0			
chr16	23635093	23635095	PALB2_X4K	803	1577	920	1572.0	1820.0	1846.0	1778.0			
chr16	23635094	23635096	PALB2_X4K	2173	3827	2612	5240.0	5466.0	4613.0	8631.0			
chr16	23635096	23635098	PALB2_X4K	1626	3627	1889	3219.0	4501.0	3829.0	5164.0			
chr16	23635098	23635100	PALB2_X4K	983	1536	1033	1842.0	2579.0	1405.0	3069.0			
chr16	23635099	23635101	PALB2_X4K	1295	2214	1848	2454.0	2832.0	3491.0	3933.0			
chr16	23635100	23635102	PALB2_X4K	1038	1941	1590	2153.0	2475.0	2651.0	3282.0			
chr16	23635101	23635103	PALB2_X4K	3459	5415	4244	6396.0	7516.0	7879.0	10076.0			
chr16	23635104	23635106	PALB2_X4K	915	1567	1212	2089.0	1704.0	2504.0	3537.0			
chr16	23635105	23635107	PALB2_X4K	944	1462	1186	2227.0	2836.0	2898.0	3401.0			
chr16	23635106	23635108	PALB2_X4K	1184	2300	1779	2530.0	3148.0	3399.0	4360.0			
chr16	23635107	23635109	PALB2_X4K	1869	3337	1738	3578.0	4860.0	3544.0	6927.0			
chr16	23635109	23635111	PALB2_X4K	1067	1361	809	2170.0	2019.0	1886.0	2754.0			
chr16	23635110	23635112	PALB2_X4K	1083	2050	1362	2403.0	2845.0	1805.0	3880.0			
chr16	23635111	23635113	PALB2_X4K	482	394	254	465.0	397.0	676.0	248.0			
chr16	23635112	23635114	PALB2_X4K	921	1557	1264	1977.0	2170.0	2345.0	4119.0			
chr16	23635113	23635115	PALB2_X4K	2222	4071	2722	4637.0	5147.0	5529.0	8342.0			
chr16	23635115	23635117	PALB2_X4K	955	1567	1172	2120.0	2325.0	2161.0	3581.0			
chr16	23635117	23635119	PALB2_X4K	3137	4388	3090	6106.0	6972.0	6648.0	11247.0			
chr16	23635120	23635122	PALB2_X4K	815	450	266	590.0	748.0	168.0	574.0			
chr16	23635121	23635123	PALB2_X4K	640	728	522	795.0	1134.0	1048.0	1195.0			
chr16	23635122	23635124	PALB2_X4K	955	1106	1365	1390.0	1055.0	2388.0	2380.0			
chr16	23635123	23635125	PALB2_X4K	1329	2274	1393	2450.0	2954.0	2604.0	4890.0			
chr16	23635124	23635126	PALB2_X4K	629	919	442	1004.0	1388.0	1052.0	1563.0			
chr16	23635125	23635127	PALB2_X4K	1523	1411	1413	2243.0	2076.0	2802.0	3292.0			
chr16	23635126	23635128	PALB2_X4K	1146	1611	732	1795.0	2550.0	1251.0	3189.0			
chr16	23635127	23635129	PALB2_X4K	1858	2061	1573	2900.0	2788.0	3124.0	4434.0			
chr16	23635129	23635131	PALB2_X4K	2890	3141	2264	3866.0	3787.0	5108.0	5922.0			
chr16	23635132	23635134	PALB2_X4K	1195	1138	775	1772.0	1711.0	1762.0	2466.0			
chr16	23635133	23635135	PALB2_X4K	2289	2405	1613	3069.0	3654.0	3196.0	3614.0			
chr16	23635135	23635137	PALB2_X4K	1186	944	755	1370.0	1576.0	1624.0	2338.0			
chr16	23635136	23635138	PALB2_X4K	818	662	693	554.0	1075.0	1129.0	1219.0			
chr16	23635137	23635139	PALB2_X4K	1159	481	474	656.0	335.0	429.0	416.0			
chr16	23635138	23635140	PALB2_X4K	779	663	728	776.0	710.0	938.0	1366.0			
chr16	23635139	23635141	PALB2_X4K	1019	1070	758	1345.0	1073.0	1188.0	3085.0			
chr16	23635140	23635142	PALB2_X4K	1003	1017	522	937.0	1352.0	1050.0	1620.0			
chr16	23635141	23635143	PALB2_X4K	1287	1406	1064	1181.0	1600.0	1968.0	2674.0			
chr16	23635142	23635144	PALB2_X4K	1587	1824	1356	1624.0	2158.0	3040.0	3489.0			
chr16	23635143	23635145	PALB2_X4K	744	719	528	1057.0	1504.0	1351.0	2359.0			
chr16	23635144	23635146	PALB2_X4K	1277	1304	809	1392.0	1739.0	1676.0	2401.0			
chr16	23635145	23635147	PALB2_X4K	1050	1303	808	1403.0	1525.0	2123.0	1840.0			
chr16	23635146	23635148	PALB2_X4K	1142	987	852	1063.0	1047.0	2466.0	1534.0			
chr16	23635147	23635149	PALB2_X4K	1006	857	630	1109.0	1047.0	1996.0	1308.0			
chr16	23635148	23635150	PALB2_X4K	1388	1028	894	1471.0	1814.0	1446.0	2602.0			
chr16	23635149	23635151	PALB2_X4K	1341	1185	881	2032.0	1617.0	1397.0	3591.0			
chr16	23635150	23635152	PALB2_X4K	1226	1038	770	1459.0	1252.0	1360.0	2027.0			
chr16	23635151	23635153	PALB2_X4K	2428	2359	1289	2896.0	2531.0	3271.0	4607.0			
chr16	23635153	23635155	PALB2_X4K	1553	1260	987	1765.0	2234.0	2117.0	3448.0			
chr16	23635155	23635157	PALB2_X4K	1097	1357	724	1664.0	1234.0	1741.0	2706.0			
chr16	23635156	23635158	PALB2_X4K	1651	1624	1013	1947.0	1950.0	1677.0	3054.0			
chr16	23635158	23635160	PALB2_X4K	1107	894	646	1529.0	1698.0	1377.0	2026.0			
chr16	23635159	23635161	PALB2_X4K	893	1251	566	1195.0	1282.0	1433.0	1911.0			
chr16	23635160	23635162	PALB2_X4K	1330	1446	867	1276.0	2766.0	1790.0	2904.0			
chr16	23635161	23635163	PALB2_X4K	825	816	496	1263.0	1125.0	895.0	2083.0			
chr16	23635162	23635164	PALB2_X4K	1379	1321	873	1414.0	1498.0	1294.0	2754.0			
chr16	23635163	23635165	PALB2_X4K	1159	888	646	1487.0	941.0	1353.0	2083.0			
chr16	23635164	23635166	PALB2_X4K	1049	881	412	1070.0	1212.0	1140.0	1558.0			
chr16	23635165	23635167	PALB2_X4K	821	617	421	736.0	1071.0	978.0	924.0			
chr16	23635166	23635168	PALB2_X4K	996	830	674	1029.0	1339.0	1089.0	1239.0			
chr16	23635167	23635169	PALB2_X4K	1325	1257	897	1603.0	2478.0	1879.0	1948.0			
chr16	23635169	23635171	PALB2_X4K	1958	1641	1350	2225.0	2786.0	2520.0	3529.0			
chr16	23635170	23635172	PALB2_X4K	1241	914	725	1295.0	1344.0	1049.0	1835.0			
chr16	23635171	23635173	PALB2_X4K	651	752	372	450.0	685.0	624.0	1003.0			
chr16	23635172	23635174	PALB2_X4K	1487	1216	995	1454.0	1478.0	1553.0	1675.0			
chr16	23635173	23635175	PALB2_X4K	832	788	670	555.0	1132.0	1474.0	559.0			
chr16	23635174	23635176	PALB2_X4K	946	843	457	943.0	1039.0	976.0	1451.0			
chr16	23634948	23634950	PALB2_X4L	3601	5453	4625	3402.0	6644.0	2824.0	4103.0			
chr16	23634950	23634952	PALB2_X4L	1763	3056	2727	1429.0	3742.0	1847.0	1733.0			
chr16	23634951	23634953	PALB2_X4L	1386	2441	1652	1471.0	2527.0	1406.0	1630.0			
chr16	23634952	23634954	PALB2_X4L	1048	2003	1271	1236.0	2456.0	1035.0	919.0			
chr16	23634953	23634955	PALB2_X4L	1543	2012	2479	2461.0	2093.0	1897.0	2960.0			
chr16	23634954	23634956	PALB2_X4L	3184	4973	4941	3946.0	6561.0	3418.0	4678.0			
chr16	23634956	23634958	PALB2_X4L	1492	2647	2396	1943.0	3471.0	1473.0	2027.0			
chr16	23634957	23634959	PALB2_X4L	1783	3094	3140	2171.0	3148.0	2700.0	2133.0			
chr16	23634958	23634960	PALB2_X4L	4972	8332	8337	5569.0	9205.0	4856.0	5943.0			
chr16	23634961	23634963	PALB2_X4L	1800	2601	2127	2076.0	3399.0	1656.0	2002.0			
chr16	23634962	23634964	PALB2_X4L	2212	3595	3429	2172.0	4839.0	2214.0	1605.0			
chr16	23634963	23634965	PALB2_X4L	1702	866	1024	477.0	680.0	472.0	354.0			
chr16	23634964	23634966	PALB2_X4L	1154	944	554	607.0	1106.0	275.0	380.0			
chr16	23634965	23634967	PALB2_X4L	2535	4682	3879	2361.0	5567.0	2860.0	2820.0			
chr16	23634967	23634969	PALB2_X4L	1276	1811	1665	1851.0	2777.0	1253.0	2049.0			
chr16	23634968	23634970	PALB2_X4L	5067	7797	9275	6054.0	9579.0	6442.0	7034.0			
chr16	23634971	23634973	PALB2_X4L	1945	3367	3363	2142.0	4119.0	2066.0	1982.0			
chr16	23634972	23634974	PALB2_X4L	1530	2205	2269	1730.0	2704.0	1189.0	2183.0			
chr16	23634973	23634975	PALB2_X4L	1821	2661	2526	1516.0	3599.0	2186.0	2444.0			
chr16	23634974	23634976	PALB2_X4L	4271	6471	6318	4308.0	7913.0	3347.0	5169.0			
chr16	23634977	23634979	PALB2_X4L	5704	8960	7742	5795.0	9208.0	4644.0	7082.0			
chr16	23634980	23634982	PALB2_X4L	1241	2058	2135	1087.0	2477.0	1390.0	987.0			
chr16	23634981	23634983	PALB2_X4L	2976	4061	3686	2199.0	4453.0	2180.0	2768.0			
chr16	23634983	23634985	PALB2_X4L	2280	3793	3002	2587.0	5163.0	1508.0	2879.0			
chr16	23634985	23634987	PALB2_X4L	1438	2765	1592	1709.0	3065.0	1365.0	2456.0			
chr16	23634986	23634988	PALB2_X4L	2788	3771	3613	2898.0	4496.0	2396.0	2926.0			
chr16	23634988	23634990	PALB2_X4L	1202	1866	1531	1365.0	2346.0	699.0	1867.0			
chr16	23634989	23634991	PALB2_X4L	1200	2211	2252	1234.0	3080.0	1520.0	1285.0			
chr16	23634990	23634992	PALB2_X4L	3526	5963	5613	4580.0	7756.0	3251.0	4993.0			
chr16	23634992	23634994	PALB2_X4L	2908	5116	5137	3358.0	5860.0	3608.0	3462.0			
chr16	23634994	23634996	PALB2_X4L	1570	3314	2567	1782.0	3932.0	1285.0	1726.0			
chr16	23634995	23634997	PALB2_X4L	3788	7158	6883	4462.0	8436.0	4192.0	4363.0			
chr16	23634997	23634999	PALB2_X4L	4032	6817	5039	4775.0	6936.0	2740.0	5563.0			
chr16	23635000	23635002	PALB2_X4L	4473	7621	7210	5381.0	9498.0	4842.0	4674.0			
chr16	23635003	23635005	PALB2_X4L	1422	2325	2571	1703.0	2104.0	1419.0	2419.0			
chr16	23635004	23635006	PALB2_X4L	3921	5359	6220	4863.0	6688.0	4211.0	6181.0			
chr16	23635006	23635008	PALB2_X4L	1933	4414	3391	2285.0	4103.0	1938.0	2048.0			
chr16	23635007	23635009	PALB2_X4L	1488	2184	2559	2064.0	3444.0	1527.0	3528.0			
chr16	23635008	23635010	PALB2_X4L	1594	1339	817	690.0	941.0	288.0	366.0			
chr16	23635009	23635011	PALB2_X4L	1866	2964	3778	2891.0	3767.0	2336.0	2887.0			
chr16	23635010	23635012	PALB2_X4L	1771	3820	2534	2280.0	3668.0	1717.0	2638.0			
chr16	23635011	23635013	PALB2_X4L	1357	3632	2362	1751.0	3458.0	1404.0	2577.0			
chr16	23635012	23635014	PALB2_X4L	1484	3108	2903	1799.0	2871.0	1567.0	2640.0			
chr16	23635013	23635015	PALB2_X4L	6951	12216	13561	10025.0	16537.0	8695.0	12652.0			
chr16	23635017	23635019	PALB2_X4L	2663	5435	4605	3867.0	6887.0	2414.0	4102.0			
chr16	23635019	23635021	PALB2_X4L	3553	7612	6565	4509.0	9732.0	4731.0	4275.0			
chr16	23635021	23635023	PALB2_X4L	1361	2967	2438	2008.0	3921.0	1333.0	2260.0			
chr16	23635022	23635024	PALB2_X4L	1420	2684	2878	2098.0	3985.0	1945.0	2232.0			
chr16	23635023	23635025	PALB2_X4L	2877	7121	6078	4045.0	8464.0	4076.0	4776.0			
chr16	23635025	23635027	PALB2_X4L	3284	7239	6391	6317.0	7049.0	3151.0	5507.0			
chr16	23635027	23635029	PALB2_X4L	2141	4530	4834	3156.0	5891.0	3601.0	3254.0			
chr16	23635028	23635030	PALB2_X4L	1810	3617	3451	3260.0	4093.0	2190.0	2932.0			
chr16	23635029	23635031	PALB2_X4L	1941	3553	4829	3216.0	4527.0	3060.0	4387.0			
chr16	23635030	23635032	PALB2_X4L	1762	3505	3572	2379.0	3739.0	2372.0	2703.0			
chr16	23635031	23635033	PALB2_X4L	1307	2203	3020	2225.0	2706.0	1804.0	2782.0			
chr16	23635033	23635035	PALB2_X4L	3058	3901	4578	3067.0	4318.0	2851.0	4306.0			
chr16	23635035	23635037	PALB2_X4L	2300	2880	2869	2815.0	3608.0	1819.0	2944.0			
chr16	23635036	23635038	PALB2_X4L	2945	3282	3929	2380.0	4896.0	1943.0	3472.0			
chr16	23635038	23635040	PALB2_X4L	1668	1727	1590	1148.0	2384.0	767.0	1051.0			
chr16	23635039	23635041	PALB2_X4L	2428	4169	2739	2304.0	4716.0	1720.0	2277.0			
chr16	23635040	23635042	PALB2_X4L	3380	4662	3917	2973.0	5293.0	2379.0	3161.0			
chr16	23635042	23635044	PALB2_X4L	3426	3757	3264	2558.0	5038.0	2563.0	3434.0			
chr16	23635044	23635046	PALB2_X4L	1420	1490	1635	1023.0	1609.0	1239.0	1047.0			
chr16	23635045	23635047	PALB2_X4L	1665	2389	1385	1735.0	2230.0	804.0	1358.0			
chr16	23635046	23635048	PALB2_X4L	1487	1702	1390	1128.0	2159.0	925.0	1810.0			
chr16	23635047	23635049	PALB2_X4L	1402	973	1348	1268.0	911.0	621.0	1223.0			
chr16	23635048	23635050	PALB2_X4L	3478	2720	2927	3044.0	3643.0	1785.0	2625.0			
chr16	23635050	23635052	PALB2_X4L	1715	1795	1638	1318.0	2069.0	1281.0	1868.0			
chr16	23635051	23635053	PALB2_X4L	1714	1625	1096	1228.0	1827.0	508.0	1224.0			
chr16	23635052	23635054	PALB2_X4L	1413	1748	1748	1072.0	1851.0	1280.0	836.0			
chr16	23635053	23635055	PALB2_X4L	3758	4330	3855	3120.0	4459.0	2549.0	3507.0			
chr16	23635055	23635057	PALB2_X4L	4999	4471	4694	3810.0	6223.0	2772.0	3912.0			
chr16	23635058	23635060	PALB2_X4L	1332	1608	1028	700.0	1622.0	483.0	465.0			
chr16	23635059	23635061	PALB2_X4L	4711	5127	3985	2994.0	5858.0	2195.0	3647.0			
chr16	23635062	23635064	PALB2_X4L	1240	850	833	709.0	1006.0	526.0	986.0			
chr16	23634823	23634825	PALB2_X4M	1181	7633	6883	7569.0	9263.0	10128.0	13358.0			
chr16	23634843	23634845	PALB2_X4M	907	917	795	727.0	1065.0	910.0	1141.0			
chr16	23634844	23634846	PALB2_X4M	1289	1260	1034	1210.0	1232.0	1781.0	1930.0			
chr16	23634845	23634847	PALB2_X4M	2247	2523	1640	2374.0	2445.0	2416.0	4115.0			
chr16	23634847	23634849	PALB2_X4M	1016	1010	868	1123.0	1049.0	1420.0	1501.0			
chr16	23634848	23634850	PALB2_X4M	1303	1417	1238	1243.0	1260.0	2025.0	1967.0			
chr16	23634849	23634851	PALB2_X4M	3476	3440	3056	3293.0	3397.0	4215.0	5688.0			
chr16	23634851	23634853	PALB2_X4M	2162	2296	1706	2135.0	2483.0	2416.0	3994.0			
chr16	23634853	23634855	PALB2_X4M	1090	803	849	944.0	1119.0	1393.0	949.0			
chr16	23634854	23634856	PALB2_X4M	1868	1878	1943	1752.0	2062.0	2871.0	2801.0			
chr16	23634856	23634858	PALB2_X4M	881	895	863	955.0	946.0	1357.0	1757.0			
chr16	23634857	23634859	PALB2_X4M	1143	474	596	560.0	238.0	474.0	657.0			
chr16	23634858	23634860	PALB2_X4M	927	486	484	315.0	341.0	376.0	596.0			
chr16	23634859	23634861	PALB2_X4M	1244	651	390	525.0	705.0	484.0	263.0			
chr16	23634860	23634862	PALB2_X4M	1216	419	481	458.0	498.0	438.0	372.0			
chr16	23634861	23634863	PALB2_X4M	815	232	308	212.0	121.0	166.0	99.0			
chr16	23634862	23634864	PALB2_X4M	1307	453	458	551.0	173.0	472.0	635.0			
chr16	23634863	23634865	PALB2_X4M	1155	660	306	399.0	453.0	443.0	295.0			
chr16	23634864	23634866	PALB2_X4M	996	401	381	470.0	273.0	295.0	572.0			
chr16	23634865	23634867	PALB2_X4M	1118	1152	1281	1286.0	1298.0	1889.0	2179.0			
chr16	23634866	23634868	PALB2_X4M	1225	900	1028	699.0	1100.0	984.0	1472.0			
chr16	23634867	23634869	PALB2_X4M	847	867	648	808.0	1016.0	828.0	1132.0			
chr16	23634868	23634870	PALB2_X4M	913	846	800	963.0	1038.0	1045.0	1393.0			
chr16	23634869	23634871	PALB2_X4M	1638	1663	1096	1400.0	1627.0	1354.0	2162.0			
chr16	23634870	23634872	PALB2_X4M	1123	1401	739	1338.0	1730.0	1364.0	2701.0			
chr16	23634871	23634873	PALB2_X4M	1665	2109	1440	1809.0	1592.0	2508.0	3225.0			
chr16	23634872	23634874	PALB2_X4M	3087	3283	2925	3140.0	4022.0	4274.0	6448.0			
chr16	23634875	23634877	PALB2_X4M	878	960	1194	993.0	1348.0	1811.0	2018.0			
chr16	23634876	23634878	PALB2_X4M	5286	5584	4294	5225.0	6449.0	5743.0	8255.0			
chr16	23634880	23634882	PALB2_X4M	1528	1419	1547	1528.0	1666.0	1641.0	2418.0			
chr16	23634881	23634883	PALB2_X4M	3060	3939	2837	3341.0	3724.0	4525.0	6752.0			
chr16	23634884	23634886	PALB2_X4M	1664	1381	1310	1287.0	2004.0	1820.0	1780.0			
chr16	23634885	23634887	PALB2_X4M	2848	2549	2521	2178.0	2738.0	3401.0	3979.0			
chr16	23634887	23634889	PALB2_X4M	1675	1533	1266	1353.0	1764.0	2028.0	2624.0			
chr16	23634888	23634890	PALB2_X4M	3605	3117	3163	3041.0	2974.0	3478.0	4962.0			
chr16	23634891	23634893	PALB2_X4M	2644	960	1075	945.0	724.0	820.0	1029.0			
chr16	23634893	23634895	PALB2_X4M	803	794	639	614.0	415.0	1126.0	559.0			
chr16	23634894	23634896	PALB2_X4M	2109	1793	1681	1810.0	2004.0	2705.0	2359.0			
chr16	23634896	23634898	PALB2_X4M	1058	854	1090	989.0	989.0	1333.0	1688.0			
chr16	23634897	23634899	PALB2_X4M	2351	2855	2655	2640.0	3020.0	4321.0	4462.0			
chr16	23634899	23634901	PALB2_X4M	1427	1746	1203	1458.0	2174.0	1914.0	3109.0			
chr16	23634900	23634902	PALB2_X4M	1219	1312	1098	1431.0	1556.0	1208.0	1829.0			
chr16	23634901	23634903	PALB2_X4M	1311	1039	1366	1436.0	1259.0	1641.0	2612.0			
chr16	23634902	23634904	PALB2_X4M	872	622	811	659.0	763.0	554.0	1407.0			
chr16	23634903	23634905	PALB2_X4M	1434	1352	1350	1167.0	1430.0	1716.0	2255.0			
chr16	23634905	23634907	PALB2_X4M	1190	1165	848	1025.0	1189.0	1209.0	1795.0			
chr16	23634907	23634909	PALB2_X4M	1325	1158	744	1322.0	1470.0	876.0	2042.0			
chr16	23634908	23634910	PALB2_X4M	1171	983	907	738.0	1405.0	1356.0	1214.0			
chr16	23634909	23634911	PALB2_X4M	850	713	630	871.0	812.0	500.0	1234.0			
chr16	23634910	23634912	PALB2_X4M	5462	4041	4431	4367.0	4108.0	6340.0	8318.0			
chr16	23634915	23634917	PALB2_X4M	2434	1918	1276	1146.0	1866.0	1551.0	1649.0			
chr16	23634917	23634919	PALB2_X4M	752	463	270	525.0	347.0	329.0	813.0			
chr16	23634918	23634920	PALB2_X4M	1389	1022	688	743.0	1049.0	754.0	1641.0			
chr16	23634919	23634921	PALB2_X4M	1150	388	129	224.0	250.0	193.0	338.0			
chr16	23634920	23634922	PALB2_X4M	1209	562	450	958.0	639.0	708.0	1328.0			
chr16	23634921	23634923	PALB2_X4M	1776	1178	889	1299.0	1339.0	1021.0	1957.0			
chr16	23634922	23634924	PALB2_X4M	1114	818	493	720.0	748.0	501.0	1911.0			
chr16	23634923	23634925	PALB2_X4M	1268	688	638	839.0	1026.0	745.0	1112.0			
chr16	23634924	23634926	PALB2_X4M	1509	635	1103	1130.0	815.0	1937.0	1838.0			
chr16	23634925	23634927	PALB2_X4M	2181	1085	818	1366.0	1184.0	849.0	2202.0			
chr16	23634927	23634929	PALB2_X4M	1251	769	414	812.0	786.0	732.0	1130.0			
chr16	23634928	23634930	PALB2_X4M	1005	778	450	762.0	1096.0	470.0	1307.0			
chr16	23634929	23634931	PALB2_X4M	2958	1757	1411	1538.0	1555.0	1868.0	2312.0			
chr16	23634932	23634934	PALB2_X4M	748	393	438	346.0	617.0	321.0	819.0			
chr16	23634933	23634935	PALB2_X4M	1503	982	785	798.0	1149.0	660.0	1506.0			
chr16	23634934	23634936	PALB2_X4M	1472	831	674	934.0	657.0	706.0	1113.0			
chr16	23634935	23634937	PALB2_X4M	2295	1510	1077	1673.0	1491.0	1372.0	3172.0			
chr16	23634937	23634939	PALB2_X4M	761	233	403	473.0	444.0	708.0	899.0			
chr16	23634938	23634940	PALB2_X4M	667	501	182	357.0	630.0	183.0	646.0			
chr16	23634939	23634941	PALB2_X4M	1130	555	569	668.0	480.0	992.0	780.0			
chr16	23634940	23634942	PALB2_X4M	1304	862	677	639.0	1012.0	863.0	1071.0			
chr16	23634941	23634943	PALB2_X4M	830	671	298	230.0	804.0	399.0	423.0			
chr16	23634942	23634944	PALB2_X4M	1496	621	868	980.0	797.0	1211.0	1272.0			
chr16	23634943	23634945	PALB2_X4M	871	451	303	332.0	669.0	358.0	551.0			
chr16	23634944	23634946	PALB2_X4M	2033	877	1210	877.0	854.0	1557.0	1315.0			
chr16	23630367	23630369	PALB2_X5A	515	1256	1136	890.0	1612.0	1220.0	1231.0			
chr16	23630368	23630370	PALB2_X5A	1299	3236	2946	3264.0	3108.0	3751.0	4611.0			
chr16	23630370	23630372	PALB2_X5A	654	1374	1284	1869.0	1528.0	1310.0	1953.0			
chr16	23630371	23630373	PALB2_X5A	544	1278	759	928.0	1063.0	654.0	1199.0			
chr16	23630372	23630374	PALB2_X5A	632	1621	1264	834.0	2375.0	1357.0	1132.0			
chr16	23630373	23630375	PALB2_X5A	630	1548	1415	2109.0	2063.0	1427.0	2226.0			
chr16	23630374	23630376	PALB2_X5A	645	1936	1047	1435.0	2150.0	889.0	1813.0			
chr16	23630375	23630377	PALB2_X5A	1386	3553	2184	2845.0	3784.0	2310.0	3639.0			
chr16	23630377	23630379	PALB2_X5A	588	1631	1137	1721.0	1913.0	1390.0	2171.0			
chr16	23630378	23630380	PALB2_X5A	755	1866	1678	1353.0	1810.0	1850.0	1521.0			
chr16	23630379	23630381	PALB2_X5A	799	1977	1509	1438.0	1836.0	2165.0	2050.0			
chr16	23630380	23630382	PALB2_X5A	690	1667	1385	1975.0	1847.0	1318.0	2409.0			
chr16	23630381	23630383	PALB2_X5A	728	1493	1192	1613.0	1859.0	1665.0	1895.0			
chr16	23630382	23630384	PALB2_X5A	1252	3341	2323	2821.0	3827.0	2761.0	3467.0			
chr16	23630384	23630386	PALB2_X5A	838	2253	1594	1545.0	2483.0	1668.0	2123.0			
chr16	23630385	23630387	PALB2_X5A	1317	2954	2491	2147.0	3650.0	2763.0	2766.0			
chr16	23630387	23630389	PALB2_X5A	1523	3534	2817	2848.0	3604.0	2714.0	4338.0			
chr16	23630390	23630392	PALB2_X5A	773	1610	1561	2303.0	1959.0	1737.0	2372.0			
chr16	23630391	23630393	PALB2_X5A	798	1496	1353	1654.0	1980.0	1487.0	2107.0			
chr16	23630392	23630394	PALB2_X5A	858	1943	1770	1980.0	2260.0	1697.0	2913.0			
chr16	23630393	23630395	PALB2_X5A	1862	5288	3739	3566.0	5999.0	4093.0	5506.0			
chr16	23630395	23630397	PALB2_X5A	6150	16346	13109	16325.0	17664.0	17223.0	22333.0			
chr16	23630403	23630405	PALB2_X5A	807	2340	1683	1826.0	2699.0	1862.0	2130.0			
chr16	23630404	23630406	PALB2_X5A	902	2769	2562	2483.0	3480.0	2511.0	3962.0			
chr16	23630405	23630407	PALB2_X5A	921	2357	1892	2014.0	2590.0	2094.0	3300.0			
chr16	23630406	23630408	PALB2_X5A	824	2156	1800	1834.0	2597.0	2102.0	1865.0			
chr16	23630407	23630409	PALB2_X5A	1537	4548	3203	4161.0	5501.0	3876.0	5228.0			
chr16	23630409	23630411	PALB2_X5A	732	1548	1513	1821.0	1558.0	1463.0	2189.0			
chr16	23630410	23630412	PALB2_X5A	1272	3457	2782	3242.0	3844.0	3659.0	3958.0			
chr16	23630412	23630414	PALB2_X5A	775	640	275	621.0	603.0	353.0	546.0			
chr16	23630413	23630415	PALB2_X5A	2284	6873	6005	5566.0	7262.0	6932.0	7881.0			
chr16	23630416	23630418	PALB2_X5A	793	1924	1477	1985.0	1697.0	1798.0	2536.0			
chr16	23630417	23630419	PALB2_X5A	1416	3179	3341	3734.0	3160.0	4230.0	4960.0			
chr16	23630419	23630421	PALB2_X5A	555	1686	1568	1363.0	1419.0	1828.0	1890.0			
chr16	23630420	23630422	PALB2_X5A	1385	3775	3168	3710.0	4075.0	3711.0	4940.0			
chr16	23630422	23630424	PALB2_X5A	2573	7722	5798	6531.0	8122.0	6684.0	10752.0			
chr16	23630425	23630427	PALB2_X5A	1658	4645	3830	3788.0	4607.0	5079.0	5920.0			
chr16	23630427	23630429	PALB2_X5A	1277	3439	2839	2681.0	4090.0	3106.0	3539.0			
chr16	23630429	23630431	PALB2_X5A	568	1780	1359	1651.0	1880.0	1520.0	1981.0			
chr16	23630430	23630432	PALB2_X5A	609	1662	1217	1489.0	1820.0	1522.0	2055.0			
chr16	23630431	23630433	PALB2_X5A	1743	5199	3262	3814.0	5919.0	4429.0	4919.0			
chr16	23630434	23630436	PALB2_X5A	515	1800	1057	1409.0	1935.0	1759.0	2080.0			
chr16	23630435	23630437	PALB2_X5A	489	2053	1186	1448.0	2187.0	1231.0	1704.0			
chr16	23630436	23630438	PALB2_X5A	595	1516	1218	1552.0	1492.0	1514.0	2344.0			
chr16	23630437	23630439	PALB2_X5A	600	1438	1202	1828.0	1336.0	1015.0	2000.0			
chr16	23630438	23630440	PALB2_X5A	609	1426	1436	931.0	1496.0	1586.0	1713.0			
chr16	23630440	23630442	PALB2_X5A	479	659	788	834.0	781.0	1000.0	987.0			
chr16	23630441	23630443	PALB2_X5A	410	1335	814	1222.0	1643.0	842.0	1639.0			
chr16	23630442	23630444	PALB2_X5A	2107	4285	3795	3659.0	4022.0	4398.0	5595.0			
chr16	23630445	23630447	PALB2_X5A	1351	1924	1789	2011.0	1948.0	2475.0	2717.0			
chr16	23630447	23630449	PALB2_X5A	2271	4049	3309	3249.0	3980.0	3598.0	4676.0			
chr16	23630450	23630452	PALB2_X5A	801	1122	1027	989.0	1549.0	858.0	1149.0			
chr16	23630451	23630453	PALB2_X5A	2906	4702	3525	4230.0	4447.0	4021.0	6951.0			
chr16	23630455	23630457	PALB2_X5A	2735	3211	2757	3348.0	3665.0	3113.0	5450.0			
chr16	23630459	23630461	PALB2_X5A	760	1057	564	574.0	1221.0	531.0	757.0			
chr16	23630460	23630462	PALB2_X5A	759	751	634	1067.0	585.0	657.0	1315.0			
chr16	23630461	23630463	PALB2_X5A	1600	1579	1107	1698.0	1813.0	1217.0	2831.0			
chr16	23630463	23630465	PALB2_X5A	3100	4761	3398	3058.0	4167.0	3393.0	4084.0			
chr16	23630467	23630469	PALB2_X5A	789	542	485	833.0	504.0	456.0	1049.0			
chr16	23630468	23630470	PALB2_X5A	814	146	155	150.0	118.0	79.0	167.0			
chr16	23630469	23630471	PALB2_X5A	671	115	107	274.0	77.0	112.0	75.0			
chr16	23630470	23630472	PALB2_X5A	750	264	183	253.0	18.0	99.0	61.0			
chr16	23630471	23630473	PALB2_X5A	775	368	190	187.0	381.0	180.0	139.0			
chr16	23630472	23630474	PALB2_X5A	751	684	513	547.0	796.0	453.0	1230.0			
chr16	23630473	23630475	PALB2_X5A	4426	3368	2673	3474.0	3931.0	2810.0	4662.0			
chr16	23630479	23630481	PALB2_X5A	2210	2026	1969	2156.0	1877.0	2223.0	2423.0			
chr16	23630482	23630484	PALB2_X5A	1852	1414	1258	1387.0	1555.0	1527.0	1998.0			
chr16	23629939	23629941	PALB2_X5E	5438	1243	1056	1099.0	1729.0	1746.0	956.0			
chr16	23629940	23629942	PALB2_X5E	5644	857	1275	1183.0	1448.0	1200.0	1223.0			
chr16	23629941	23629943	PALB2_X5E	5256	1587	1097	1076.0	2499.0	1457.0	1314.0			
chr16	23629942	23629944	PALB2_X5E	4629	961	1516	1409.0	1321.0	1403.0	1400.0			
chr16	23629943	23629945	PALB2_X5E	4292	1032	733	855.0	1417.0	811.0	647.0			
chr16	23629944	23629946	PALB2_X5E	4047	964	775	580.0	980.0	1484.0	841.0			
chr16	23629945	23629947	PALB2_X5E	4819	1061	1336	1280.0	1235.0	859.0	1251.0			
chr16	23629946	23629948	PALB2_X5E	5850	1172	1177	1428.0	2320.0	1711.0	775.0			
chr16	23629947	23629949	PALB2_X5E	11411	2314	2869	2236.0	3380.0	2464.0	2831.0			
chr16	23629949	23629951	PALB2_X5E	5227	984	1416	1447.0	2256.0	1383.0	1367.0			
chr16	23629950	23629952	PALB2_X5E	8964	2036	1981	2307.0	4053.0	1573.0	2436.0			
chr16	23629952	23629954	PALB2_X5E	27136	7301	7033	7149.0	11253.0	8486.0	7293.0			
chr16	23629957	23629959	PALB2_X5E	2230	374	670	729.0	732.0	1087.0	434.0			
chr16	23629958	23629960	PALB2_X5E	5043	1655	1401	1043.0	2232.0	1406.0	1505.0			
chr16	23629959	23629961	PALB2_X5E	5855	1081	1310	2544.0	1275.0	1016.0	2197.0			
chr16	23629960	23629962	PALB2_X5E	4578	1211	1806	965.0	2039.0	1351.0	653.0			
chr16	23629961	23629963	PALB2_X5E	4671	1108	1848	1767.0	1659.0	1735.0	1661.0			
chr16	23629962	23629964	PALB2_X5E	8953	2464	2702	2731.0	2579.0	3546.0	2764.0			
chr16	23629964	23629966	PALB2_X5E	9864	2798	3230	3135.0	4104.0	2753.0	3866.0			
chr16	23629966	23629968	PALB2_X5E	4861	1791	1238	1501.0	2586.0	1618.0	1943.0			
chr16	23629967	23629969	PALB2_X5E	8242	2864	2598	2648.0	6041.0	2389.0	2373.0			
chr16	23629969	23629971	PALB2_X5E	4324	1176	1981	1550.0	1957.0	1138.0	1287.0			
chr16	23629970	23629972	PALB2_X5E	4544	1254	1714	1914.0	1506.0	1428.0	1066.0			
chr16	23629971	23629973	PALB2_X5E	4609	1596	1529	1640.0	2445.0	2084.0	1611.0			
chr16	23629972	23629974	PALB2_X5E	4850	1404	1901	1953.0	2575.0	1737.0	2332.0			
chr16	23629973	23629975	PALB2_X5E	14251	5187	4855	5633.0	8332.0	5824.0	5468.0			
chr16	23629976	23629978	PALB2_X5E	4362	1430	2019	1959.0	1427.0	1981.0	2500.0			
chr16	23629977	23629979	PALB2_X5E	9040	4105	3957	4630.0	6709.0	3056.0	3912.0			
chr16	23629979	23629981	PALB2_X5E	4223	1675	3019	2476.0	2630.0	2288.0	3669.0			
chr16	23629980	23629982	PALB2_X5E	4489	972	523	889.0	201.0	302.0	519.0			
chr16	23629981	23629983	PALB2_X5E	9382	4794	5426	5081.0	8001.0	5760.0	4550.0			
chr16	23629983	23629985	PALB2_X5E	5352	2446	3178	3394.0	4079.0	3965.0	3359.0			
chr16	23629984	23629986	PALB2_X5E	4474	2887	2768	2657.0	4066.0	2428.0	3077.0			
chr16	23629985	23629987	PALB2_X5E	4917	2763	2904	3195.0	3369.0	3589.0	3464.0			
chr16	23629986	23629988	PALB2_X5E	4563	3476	2516	2777.0	4616.0	2690.0	2268.0			
chr16	23629987	23629989	PALB2_X5E	4838	3435	3672	3424.0	5292.0	2564.0	3782.0			
chr16	23629988	23629990	PALB2_X5E	4964	3132	3689	4301.0	5225.0	3301.0	4318.0			
chr16	23629989	23629991	PALB2_X5E	4856	2658	3895	3485.0	3608.0	4845.0	2975.0			
chr16	23629990	23629992	PALB2_X5E	5209	3050	3428	3727.0	6191.0	4388.0	4031.0			
chr16	23629991	23629993	PALB2_X5E	4700	3232	3422	3569.0	4611.0	3730.0	3846.0			
chr16	23629992	23629994	PALB2_X5E	14174	224	340	234.0	237.0	73.0	208.0			
chr16	23629997	23629999	PALB2_X5E	5375	2984	3961	3735.0	4682.0	4141.0	3544.0			
chr16	23629998	23630000	PALB2_X5E	5030	3044	3392	3008.0	5128.0	3732.0	2846.0			
chr16	23629999	23630001	PALB2_X5E	4838	2951	3006	3100.0	5606.0	2936.0	2704.0			
chr16	23630000	23630002	PALB2_X5E	5394	2799	3524	3783.0	4662.0	3713.0	5706.0			
chr16	23630001	23630003	PALB2_X5E	4769	2569	3469	4297.0	4221.0	3972.0	4772.0			
chr16	23630002	23630004	PALB2_X5E	4812	3290	3190	4567.0	5318.0	3589.0	4964.0			
chr16	23630003	23630005	PALB2_X5E	4957	3927	3813	4377.0	6727.0	3650.0	3370.0			
chr16	23630004	23630006	PALB2_X5E	9350	5885	7711	7311.0	10129.0	8681.0	6940.0			
chr16	23630006	23630008	PALB2_X5E	14550	13742	15018	11745.0	19759.0	15498.0	12476.0			
chr16	23630009	23630011	PALB2_X5E	24591	20038	21826	21241.0	27979.0	24300.0	21864.0			
chr16	23630014	23630016	PALB2_X5E	4841	2461	3664	4009.0	3239.0	4096.0	3316.0			
chr16	23630015	23630017	PALB2_X5E	5298	4027	4161	5310.0	6715.0	4698.0	4757.0			
chr16	23630016	23630018	PALB2_X5E	10891	9005	9363	8831.0	13342.0	9515.0	9452.0			
chr16	23630018	23630020	PALB2_X5E	4825	4211	4637	5221.0	7383.0	4629.0	4689.0			
chr16	23630019	23630021	PALB2_X5E	4808	4132	4754	4651.0	5737.0	6354.0	5101.0			
chr16	23630020	23630022	PALB2_X5E	9164	8707	8707	9495.0	12127.0	7049.0	8679.0			
chr16	23630022	23630024	PALB2_X5E	4726	3141	3713	4741.0	4117.0	3446.0	3956.0			
chr16	23630023	23630025	PALB2_X5E	5010	3759	3060	3657.0	5644.0	3274.0	4268.0			
chr16	23630024	23630026	PALB2_X5E	4945	3725	5199	4254.0	4550.0	5587.0	4893.0			
chr16	23630025	23630027	PALB2_X5E	5061	4059	4454	4285.0	6060.0	4678.0	4172.0			
chr16	23630026	23630028	PALB2_X5E	10195	9632	9949	8891.0	12734.0	11139.0	8661.0			
chr16	23630028	23630030	PALB2_X5E	5419	4763	5261	4938.0	7367.0	4558.0	5511.0			
chr16	23630029	23630031	PALB2_X5E	5198	5075	4401	4998.0	6880.0	4881.0	4939.0			
chr16	23630030	23630032	PALB2_X5E	4814	4107	3005	4023.0	5348.0	3782.0	4330.0			
chr16	23630031	23630033	PALB2_X5E	4802	4513	3891	3796.0	7562.0	4790.0	3633.0			
chr16	23630032	23630034	PALB2_X5E	4681	3695	4336	4294.0	6238.0	4150.0	4493.0			
chr16	23630033	23630035	PALB2_X5E	14628	11656	13251	14219.0	18771.0	12891.0	13853.0			
chr16	23630036	23630038	PALB2_X5E	10180	9023	9073	10185.0	14671.0	9362.0	10288.0			
chr16	23630038	23630040	PALB2_X5E	5013	3809	5276	3412.0	7526.0	5174.0	4342.0			
chr16	23630039	23630041	PALB2_X5E	9270	7220	8253	7819.0	11352.0	6948.0	8571.0			
chr16	23630041	23630043	PALB2_X5E	4348	3933	4280	4249.0	5836.0	3909.0	3885.0			
chr16	23630042	23630044	PALB2_X5E	4931	3879	4076	3502.0	5928.0	5314.0	3872.0			
chr16	23630043	23630045	PALB2_X5E	10286	6302	8837	9097.0	10511.0	10107.0	8751.0			
chr16	23630045	23630047	PALB2_X5E	14374	12475	12553	11813.0	20430.0	14477.0	12916.0			
chr16	23630048	23630050	PALB2_X5E	4557	4404	3849	3408.0	6762.0	4784.0	3348.0			
chr16	23630049	23630051	PALB2_X5E	4051	2791	2994	3524.0	4914.0	2986.0	2780.0			
chr16	23630050	23630052	PALB2_X5E	4584	4152	3790	4559.0	5895.0	4104.0	4071.0			
chr16	23630051	23630053	PALB2_X5E	5236	22022	22553	23602.0	33796.0	24734.0	25856.0			
chr16	23630055	23630057	PALB2_X5E	11633	9115	12559	10436.0	14010.0	13892.0	10239.0			
chr16	23629827	23629829	PALB2_X5F	906	1671	1699	1688.0	1324.0	1356.0	1640.0			
chr16	23629828	23629830	PALB2_X5F	1544	1527	1339	1876.0	1756.0	1158.0	1406.0			
chr16	23629829	23629831	PALB2_X5F	5020	5040	4951	5567.0	5360.0	4210.0	4926.0			
chr16	23629832	23629834	PALB2_X5F	2046	2410	1795	2215.0	2499.0	1526.0	1514.0			
chr16	23629833	23629835	PALB2_X5F	1816	1665	2005	1980.0	1643.0	1585.0	1847.0			
chr16	23629834	23629836	PALB2_X5F	4742	4831	4964	6048.0	5517.0	4888.0	5058.0			
chr16	23629837	23629839	PALB2_X5F	1783	1578	1798	1718.0	1479.0	1692.0	1893.0			
chr16	23629838	23629840	PALB2_X5F	3256	3252	3218	3237.0	4139.0	3726.0	2368.0			
chr16	23629840	23629842	PALB2_X5F	1371	1652	1274	1655.0	1944.0	789.0	1197.0			
chr16	23629841	23629843	PALB2_X5F	1470	1539	1304	1075.0	1809.0	1284.0	1303.0			
chr16	23629842	23629844	PALB2_X5F	1522	1712	1290	1834.0	2029.0	1049.0	1607.0			
chr16	23629843	23629845	PALB2_X5F	1602	1652	1652	2074.0	1703.0	1577.0	2374.0			
chr16	23629844	23629846	PALB2_X5F	1628	1604	1691	1703.0	1735.0	1775.0	1416.0			
chr16	23629845	23629847	PALB2_X5F	1655	1389	1690	1584.0	1552.0	1360.0	2053.0			
chr16	23629846	23629848	PALB2_X5F	1422	1886	1544	1594.0	2277.0	1239.0	1342.0			
chr16	23629847	23629849	PALB2_X5F	2545	2679	2297	2877.0	3789.0	2335.0	2690.0			
chr16	23629849	23629851	PALB2_X5F	1473	1949	1404	1515.0	2310.0	1867.0	1326.0			
chr16	23629850	23629852	PALB2_X5F	1373	1804	1513	1827.0	1752.0	1212.0	1635.0			
chr16	23629851	23629853	PALB2_X5F	1443	1551	1101	1736.0	1418.0	1104.0	1482.0			
chr16	23629852	23629854	PALB2_X5F	1319	1192	1243	1433.0	1673.0	775.0	1842.0			
chr16	23629853	23629855	PALB2_X5F	1181	1258	1203	1176.0	1491.0	1220.0	984.0			
chr16	23629854	23629856	PALB2_X5F	1318	1510	1251	1584.0	1395.0	863.0	1530.0			
chr16	23629855	23629857	PALB2_X5F	1325	1616	1729	1966.0	1859.0	1438.0	1566.0			
chr16	23629856	23629858	PALB2_X5F	1340	1385	1151	1349.0	1666.0	1003.0	1320.0			
chr16	23629857	23629859	PALB2_X5F	1412	1719	1414	2117.0	1890.0	1376.0	2093.0			
chr16	23629858	23629860	PALB2_X5F	1280	1402	1220	1486.0	1853.0	1080.0	1277.0			
chr16	23629859	23629861	PALB2_X5F	1350	1453	1231	1561.0	1185.0	1136.0	1426.0			
chr16	23629860	23629862	PALB2_X5F	2932	2832	2658	3538.0	3341.0	2333.0	3237.0			
chr16	23629862	23629864	PALB2_X5F	1396	1404	1178	1585.0	1427.0	845.0	1636.0			
chr16	23629863	23629865	PALB2_X5F	1294	1703	1466	1675.0	1472.0	1189.0	1443.0			
chr16	23629864	23629866	PALB2_X5F	1247	739	552	416.0	705.0	234.0	318.0			
chr16	23629865	23629867	PALB2_X5F	1125	1437	1005	1489.0	1278.0	1149.0	1340.0			
chr16	23629866	23629868	PALB2_X5F	1131	1218	852	1561.0	1328.0	839.0	1154.0			
chr16	23629867	23629869	PALB2_X5F	1145	1419	1686	1638.0	1532.0	1643.0	1214.0			
chr16	23629868	23629870	PALB2_X5F	2404	2112	2294	2418.0	2295.0	2200.0	2197.0			
chr16	23629870	23629872	PALB2_X5F	1077	1641	881	1097.0	1085.0	964.0	1319.0			
chr16	23629873	23629875	PALB2_X5F	1144	1477	991	1379.0	1629.0	1310.0	1474.0			
chr16	23629874	23629876	PALB2_X5F	2622	2663	2678	2816.0	2668.0	2402.0	2503.0			
chr16	23629876	23629878	PALB2_X5F	2647	3205	3287	3237.0	3618.0	2744.0	2828.0			
chr16	23629879	23629881	PALB2_X5F	2799	2724	2431	3206.0	2770.0	2367.0	3366.0			
chr16	23629881	23629883	PALB2_X5F	2620	2850	3042	3271.0	3346.0	2836.0	2919.0			
chr16	23629883	23629885	PALB2_X5F	1298	1241	1260	1331.0	1243.0	1090.0	1006.0			
chr16	23629884	23629886	PALB2_X5F	1408	664	626	693.0	510.0	231.0	368.0			
chr16	23629885	23629887	PALB2_X5F	1322	1417	1487	1752.0	1217.0	1252.0	1356.0			
chr16	23629886	23629888	PALB2_X5F	4181	4987	4294	5225.0	5073.0	4758.0	4820.0			
chr16	23629890	23629892	PALB2_X5F	1620	1646	1731	2410.0	1508.0	1648.0	2055.0			
chr16	23629891	23629893	PALB2_X5F	1321	1444	1633	1575.0	1408.0	1329.0	1302.0			
chr16	23629892	23629894	PALB2_X5F	1818	1792	2964	2532.0	2377.0	2371.0	1967.0			
chr16	23629893	23629895	PALB2_X5F	1234	1838	1597	1605.0	1752.0	1145.0	1883.0			
chr16	23629894	23629896	PALB2_X5F	1193	1325	1316	1393.0	1619.0	1174.0	1172.0			
chr16	23629895	23629897	PALB2_X5F	3766	5067	4857	5279.0	5338.0	5028.0	5001.0			
chr16	23629898	23629900	PALB2_X5F	1287	1364	1473	1909.0	1718.0	1127.0	1894.0			
chr16	23629899	23629901	PALB2_X5F	1020	1560	1354	1198.0	1640.0	1293.0	1121.0			
chr16	23629900	23629902	PALB2_X5F	3457	4621	4539	4794.0	5323.0	4639.0	3873.0			
chr16	23629903	23629905	PALB2_X5F	2685	3297	2733	3711.0	3475.0	2817.0	3285.0			
chr16	23629905	23629907	PALB2_X5F	1287	1484	2031	1968.0	1592.0	1713.0	1838.0			
chr16	23629906	23629908	PALB2_X5F	3780	5262	4191	4324.0	6150.0	3822.0	4224.0			
chr16	23629909	23629911	PALB2_X5F	1370	1563	1389	1868.0	1861.0	1415.0	1954.0			
chr16	23629910	23629912	PALB2_X5F	1271	1731	1645	1385.0	2364.0	1125.0	1127.0			
chr16	23629911	23629913	PALB2_X5F	2702	3386	2867	3495.0	3076.0	2194.0	3400.0			
chr16	23629913	23629915	PALB2_X5F	1176	1503	1606	1215.0	2168.0	1228.0	832.0			
chr16	23629914	23629916	PALB2_X5F	2836	3332	3109	3446.0	3351.0	2978.0	2527.0			
chr16	23629916	23629918	PALB2_X5F	2839	4062	3293	3935.0	4179.0	2917.0	4047.0			
chr16	23629918	23629920	PALB2_X5F	1523	2171	2279	2405.0	1888.0	1861.0	2381.0			
chr16	23629919	23629921	PALB2_X5F	4066	5110	5008	5875.0	5118.0	4948.0	5286.0			
chr16	23629922	23629924	PALB2_X5F	1458	2207	1860	2523.0	1975.0	1875.0	2610.0			
chr16	23629923	23629925	PALB2_X5F	2950	1527	1124	1572.0	1046.0	675.0	1279.0			
chr16	23629925	23629927	PALB2_X5F	1397	1531	1896	2283.0	1482.0	1774.0	1974.0			
chr16	23629926	23629928	PALB2_X5F	1663	2364	2378	2204.0	3083.0	2041.0	1790.0			
chr16	23629927	23629929	PALB2_X5F	5017	7179	6461	8386.0	6869.0	6952.0	7437.0			
chr16	23629930	23629932	PALB2_X5F	1720	2314	1883	2153.0	2501.0	1940.0	1535.0			
chr16	23629931	23629933	PALB2_X5F	1589	2092	1830	1357.0	2227.0	1701.0	1778.0			
chr16	23629932	23629934	PALB2_X5F	1411	1970	1809	2473.0	2068.0	1500.0	2265.0			
chr16	23629933	23629935	PALB2_X5F	1408	2719	1895	2513.0	2698.0	1877.0	2100.0			
chr16	23629934	23629936	PALB2_X5F	1038	1481	1691	1594.0	1567.0	1606.0	1415.0			
chr16	23629935	23629937	PALB2_X5F	1431	2220	1720	2066.0	2224.0	1386.0	1725.0			
chr16	23629936	23629938	PALB2_X5F	3197	4196	4040	5285.0	4547.0	3597.0	5269.0			
chr16	23629938	23629940	PALB2_X5F	1513	2201	2267	2240.0	2293.0	1928.0	2662.0			
chr16	23629939	23629941	PALB2_X5F	1369	1815	1854	2179.0	2018.0	1442.0	1768.0			
chr16	23629940	23629942	PALB2_X5F	1497	816	629	725.0	1026.0	363.0	719.0			
chr16	23629942	23629944	PALB2_X5F	1410	841	775	746.0	1251.0	713.0	831.0			
chr16	23629943	23629945	PALB2_X5F	1186	890	947	774.0	1237.0	921.0	587.0			
chr16	23629722	23629724	PALB2_X5G	2092	2281	1908		2673.0	4414.0				
chr16	23629725	23629727	PALB2_X5G	1687	1739	1369		1893.0	2844.0				
chr16	23629727	23629729	PALB2_X5G	1601	2221	2119		3118.0	4405.0				
chr16	23629729	23629731	PALB2_X5G	825	443	981		1624.0	1354.0				
chr16	23629730	23629732	PALB2_X5G	1736	1660	1141		1419.0	1900.0				
chr16	23629732	23629734	PALB2_X5G	1043	654	701		507.0	1274.0				
chr16	23629733	23629735	PALB2_X5G	1440	1359	2147		3051.0	1553.0				
chr16	23629734	23629736	PALB2_X5G	3849	3537	3662		8055.0	4422.0				
chr16	23629737	23629739	PALB2_X5G	1344	1556	726		746.0	2952.0				
chr16	23629738	23629740	PALB2_X5G	1213	1187	1098		1489.0	2029.0				
chr16	23629739	23629741	PALB2_X5G	1045	513	592		815.0	911.0				
chr16	23629740	23629742	PALB2_X5G	1129	599	828		1893.0	1413.0				
chr16	23629741	23629743	PALB2_X5G	990	520	733		1248.0	1412.0				
chr16	23629742	23629744	PALB2_X5G	1153	1105	1046		1013.0	1352.0				
chr16	23629743	23629745	PALB2_X5G	1057	1023	761		1818.0	1308.0				
chr16	23629744	23629746	PALB2_X5G	1092	1039	1114		3381.0	1538.0				
chr16	23629745	23629747	PALB2_X5G	1046	774	873		1565.0	2594.0				
chr16	23629746	23629748	PALB2_X5G	1066	1135	668		730.0	1864.0				
chr16	23629747	23629749	PALB2_X5G	973	740	1175		1414.0	911.0				
chr16	23629748	23629750	PALB2_X5G	1034	967	1071		1716.0	1837.0				
chr16	23629749	23629751	PALB2_X5G	906	597	742		1133.0	842.0				
chr16	23629750	23629752	PALB2_X5G	1098	1033	921		1624.0	4050.0				
chr16	23629751	23629753	PALB2_X5G	993	561	1120		1350.0	1041.0				
chr16	23629752	23629754	PALB2_X5G	1078	894	1165		1196.0	1494.0				
chr16	23629753	23629755	PALB2_X5G	1075	1099	692		1263.0	2528.0				
chr16	23629754	23629756	PALB2_X5G	955	608	629		816.0	1358.0				
chr16	23629755	23629757	PALB2_X5G	886	534	685		1217.0	1460.0				
chr16	23629756	23629758	PALB2_X5G	973	1126	974		912.0	1899.0				
chr16	23629757	23629759	PALB2_X5G	930	674	538		677.0	1197.0				
chr16	23629760	23629762	PALB2_X5G	1183	1194	1029		1618.0	3391.0				
chr16	23629761	23629763	PALB2_X5G	1010	1022	856		990.0	1650.0				
chr16	23629762	23629764	PALB2_X5G	3242	4012	3346		5744.0	6211.0				
chr16	23629765	23629767	PALB2_X5G	1204	936	844		1367.0	2160.0				
chr16	23629766	23629768	PALB2_X5G	2270	2002	2439		3130.0	3589.0				
chr16	23629768	23629770	PALB2_X5G	1234	1416	1345		2298.0	2292.0				
chr16	23629769	23629771	PALB2_X5G	1461	1068	1844		2748.0	1919.0				
chr16	23629770	23629772	PALB2_X5G	1207	1551	1213		1507.0	2316.0				
chr16	23629771	23629773	PALB2_X5G	1242	1235	886		1041.0	1900.0				
chr16	23629772	23629774	PALB2_X5G	1462	1451	1076		1464.0	1816.0				
chr16	23629773	23629775	PALB2_X5G	2547	1744	2663		4483.0	2700.0				
chr16	23629775	23629777	PALB2_X5G	1203	1250	820		1602.0	1727.0				
chr16	23629776	23629778	PALB2_X5G	1163	1233	1107		1497.0	3152.0				
chr16	23629777	23629779	PALB2_X5G	1419	1175	1134		1283.0	1927.0				
chr16	23629778	23629780	PALB2_X5G	1287	1380	1633		3244.0	2791.0				
chr16	23629779	23629781	PALB2_X5G	1227	1549	1431		3552.0	2402.0				
chr16	23629780	23629782	PALB2_X5G	1534	1127	1642		1888.0	2636.0				
chr16	23629781	23629783	PALB2_X5G	1300	1210	686		1041.0	1456.0				
chr16	23629782	23629784	PALB2_X5G	1159	1442	1080		1455.0	3407.0				
chr16	23629783	23629785	PALB2_X5G	1419	1492	2280		4175.0	2384.0				
chr16	23629784	23629786	PALB2_X5G	1371	1510	1609		3070.0	3089.0				
chr16	23629785	23629787	PALB2_X5G	941	932	851		792.0	1103.0				
chr16	23629786	23629788	PALB2_X5G	1835	2129	2082		4018.0	3059.0				
chr16	23629788	23629790	PALB2_X5G	1260	999	1063		1431.0	2364.0				
chr16	23629789	23629791	PALB2_X5G	1619	1394	2280		2930.0	1769.0				
chr16	23629790	23629792	PALB2_X5G	1658	1846	2108		4233.0	3239.0				
chr16	23629795	23629797	PALB2_X5G	1537	991	712		1574.0	2326.0				
chr16	23629796	23629798	PALB2_X5G	1456	1196	754		1275.0	1874.0				
chr16	23629797	23629799	PALB2_X5G	1662	820	935		1134.0	1958.0				
chr16	23629798	23629800	PALB2_X5G	4521	2513	2045		1990.0	6054.0				
chr16	23629801	23629803	PALB2_X5G	1474	643	822		1771.0	1390.0				
chr16	23629802	23629804	PALB2_X5G	2977	1982	1511		2262.0	2570.0				
chr16	23629804	23629806	PALB2_X5G	1432	401	630		464.0	1619.0				
chr16	23629805	23629807	PALB2_X5G	3768	1799	2075		3345.0	3130.0				
chr16	23629808	23629810	PALB2_X5G	1682	580	442		1168.0	818.0				
chr16	23629809	23629811	PALB2_X5G	1730	830	679		1227.0	941.0				
chr16	23629810	23629812	PALB2_X5G	1625	1025	712		1555.0	1329.0				
chr16	23629811	23629813	PALB2_X5G	4047	2594	1861		3171.0	4382.0				
chr16	23629814	23629816	PALB2_X5G	1297	634	566		804.0	1416.0				
chr16	23629815	23629817	PALB2_X5G	1226	752	440		287.0	1656.0				
chr16	23629816	23629818	PALB2_X5G	1587	879	609		656.0	1363.0				
chr16	23629817	23629819	PALB2_X5G	1213	734	492		1126.0	841.0				
chr16	23629818	23629820	PALB2_X5G	1207	515	511		1168.0	927.0				
chr16	23629819	23629821	PALB2_X5G	1444	558	721		732.0	698.0				
chr16	23629820	23629822	PALB2_X5G	1282	367	805		879.0	561.0				
chr16	23629821	23629823	PALB2_X5G	1070	680	99		76.0	1433.0				
chr16	23629822	23629824	PALB2_X5G	1190	273	498		365.0	376.0				
chr16	23629823	23629825	PALB2_X5G	2200	650	1250		2359.0	1211.0				
chr16	23629825	23629827	PALB2_X5G	1158	410	488		649.0	391.0				
chr16	23629826	23629828	PALB2_X5G	1207	328	656		1442.0	547.0				
chr16	23629827	23629829	PALB2_X5G	1309	594	878		1512.0	651.0				
chr16	23629828	23629830	PALB2_X5G	1412	452	207		302.0	597.0				
chr16	23629829	23629831	PALB2_X5G	3790	1286	1497		1951.0	1839.0				
chr16	23629832	23629834	PALB2_X5G	1102	360	587		962.0	687.0				
chr16	23629833	23629835	PALB2_X5G	1287	970	207		205.0	2569.0				
chr16	23629834	23629836	PALB2_X5G	3057	1628	1298		1769.0	3806.0				
chr16	23629837	23629839	PALB2_X5G	1076	257	281		428.0	315.0				
chr16	23629838	23629840	PALB2_X5G	1750	570	352		681.0	674.0				
chr16	23629618	23629620	PALB2_X5H	1113	2722	3727	3469.0	2359.0	3811.0	3961.0			
chr16	23629620	23629622	PALB2_X5H	931	2139	2188	2778.0	1959.0	1947.0	2983.0			
chr16	23629621	23629623	PALB2_X5H	1096	2670	3320	3520.0	3398.0	2997.0	4424.0			
chr16	23629622	23629624	PALB2_X5H	1066	1909	2796	2862.0	1828.0	3502.0	3141.0			
chr16	23629623	23629625	PALB2_X5H	3193	7442	8981	12244.0	6898.0	11355.0	16927.0			
chr16	23629626	23629628	PALB2_X5H	805	2072	2487	1911.0	1879.0	2418.0	3019.0			
chr16	23629627	23629629	PALB2_X5H	1227	2718	3502	4060.0	2710.0	4831.0	5963.0			
chr16	23629628	23629630	PALB2_X5H	1286	2311	3730	3446.0	2939.0	5740.0	4193.0			
chr16	23629629	23629631	PALB2_X5H	1085	2706	3608	4417.0	3166.0	4841.0	5718.0			
chr16	23629630	23629632	PALB2_X5H	1141	2602	3168	3769.0	3122.0	4972.0	5884.0			
chr16	23629631	23629633	PALB2_X5H	1347	3205	3196	4940.0	3394.0	3858.0	5821.0			
chr16	23629632	23629634	PALB2_X5H	1362	2922	3854	4035.0	3345.0	5429.0	6105.0			
chr16	23629633	23629635	PALB2_X5H	1213	3051	4841	4386.0	3178.0	5562.0	5874.0			
chr16	23629634	23629636	PALB2_X5H	2837	6763	7663	9017.0	7782.0	12856.0	12531.0			
chr16	23629636	23629638	PALB2_X5H	1234	1773	1911	1994.0	713.0	555.0	435.0			
chr16	23629637	23629639	PALB2_X5H	1238	1410	2339	1742.0	642.0	1802.0	821.0			
chr16	23629638	23629640	PALB2_X5H	939	918	1370	1734.0	371.0	772.0	504.0			
chr16	23629639	23629641	PALB2_X5H	1023	1217	1593	1774.0	269.0	554.0	745.0			
chr16	23629640	23629642	PALB2_X5H	961	1417	1896	1947.0	359.0	541.0	680.0			
chr16	23629641	23629643	PALB2_X5H	2485	4857	6537	7444.0	6033.0	8188.0	8998.0			
chr16	23629643	23629645	PALB2_X5H	1236	2778	3588	4006.0	3009.0	3874.0	5129.0			
chr16	23629644	23629646	PALB2_X5H	1347	2786	3011	4294.0	3430.0	4329.0	4489.0			
chr16	23629645	23629647	PALB2_X5H	3771	9260	9705	13367.0	9987.0	14723.0	17162.0			
chr16	23629648	23629650	PALB2_X5H	1140	3110	3700	4373.0	3018.0	5266.0	6389.0			
chr16	23629649	23629651	PALB2_X5H	1226	3119	4631	5493.0	3441.0	5769.0	5772.0			
chr16	23629650	23629652	PALB2_X5H	1228	3433	3406	3477.0	3834.0	3987.0	5091.0			
chr16	23629651	23629653	PALB2_X5H	1368	3477	4014	5202.0	3982.0	4167.0	6835.0			
chr16	23629652	23629654	PALB2_X5H	1253	3495	3646	4449.0	3420.0	4468.0	5027.0			
chr16	23629653	23629655	PALB2_X5H	2482	6649	7880	8853.0	8676.0	9336.0	13577.0			
chr16	23629655	23629657	PALB2_X5H	1501	4012	4814	5919.0	4125.0	6063.0	8455.0			
chr16	23629656	23629658	PALB2_X5H	2841	6806	9309	10593.0	9023.0	13913.0	16516.0			
chr16	23629658	23629660	PALB2_X5H	1322	3288	4440	4415.0	4287.0	6402.0	5313.0			
chr16	23629659	23629661	PALB2_X5H	1311	3492	3895	4843.0	4517.0	7444.0	6927.0			
chr16	23629660	23629662	PALB2_X5H	4642	11676	13324	14887.0	12609.0	17772.0	22117.0			
chr16	23629663	23629665	PALB2_X5H	1403	3374	4422	4609.0	4061.0	8385.0	6328.0			
chr16	23629664	23629666	PALB2_X5H	4693	11968	14427	16683.0	13619.0	21272.0	20889.0			
chr16	23629667	23629669	PALB2_X5H	1414	3583	4893	4502.0	3732.0	6626.0	4853.0			
chr16	23629668	23629670	PALB2_X5H	1268	2918	4019	5063.0	3081.0	5065.0	6599.0			
chr16	23629669	23629671	PALB2_X5H	1192	1578	1952	2581.0	303.0	660.0	1408.0			
chr16	23629670	23629672	PALB2_X5H	1316	2454	3218	4399.0	3318.0	5015.0	4796.0			
chr16	23629671	23629673	PALB2_X5H	1222	3655	4623	4362.0	3624.0	6286.0	7205.0			
chr16	23629672	23629674	PALB2_X5H	1254	3403	3555	4588.0	3492.0	4720.0	6425.0			
chr16	23629673	23629675	PALB2_X5H	1366	3154	4882	5417.0	4582.0	6455.0	7879.0			
chr16	23629674	23629676	PALB2_X5H	1414	3743	4962	4740.0	3952.0	7987.0	7825.0			
chr16	23629675	23629677	PALB2_X5H	2589	6488	8548	9923.0	8196.0	10620.0	12833.0			
chr16	23629677	23629679	PALB2_X5H	1435	3707	3873	4413.0	3885.0	5681.0	5048.0			
chr16	23629678	23629680	PALB2_X5H	2432	5702	6507	8834.0	7718.0	7674.0	9843.0			
chr16	23629680	23629682	PALB2_X5H	2299	3148	4040	4997.0	840.0	955.0	1525.0			
chr16	23629682	23629684	PALB2_X5H	1354	3202	4332	4415.0	3707.0	5590.0	6173.0			
chr16	23629683	23629685	PALB2_X5H	1400	3921	4149	5320.0	4950.0	6795.0	6604.0			
chr16	23629684	23629686	PALB2_X5H	1347	3936	5283	4281.0	4576.0	9188.0	5725.0			
chr16	23629685	23629687	PALB2_X5H	1320	3621	4913	5326.0	3783.0	7034.0	6834.0			
chr16	23629686	23629688	PALB2_X5H	1603	5095	5519	6163.0	6344.0	8030.0	9670.0			
chr16	23629687	23629689	PALB2_X5H	2489	6528	9000	9850.0	7733.0	13907.0	13690.0			
chr16	23629689	23629691	PALB2_X5H	2250	4878	7552	8275.0	4998.0	10807.0	11212.0			
chr16	23629691	23629693	PALB2_X5H	1080	2591	2968	3487.0	2472.0	4493.0	3856.0			
chr16	23629692	23629694	PALB2_X5H	2415	6681	7334	9050.0	7493.0	9703.0	12624.0			
chr16	23629694	23629696	PALB2_X5H	3287	8447	10804	11676.0	10353.0	16048.0	16039.0			
chr16	23629697	23629699	PALB2_X5H	1202	2637	3189	3772.0	2745.0	3189.0	4799.0			
chr16	23629698	23629700	PALB2_X5H	1327	3661	3343	4546.0	4453.0	4598.0	5733.0			
chr16	23629699	23629701	PALB2_X5H	1194	1659	2684	2755.0	192.0	1182.0	870.0			
chr16	23629700	23629702	PALB2_X5H	2315	6778	6638	7390.0	7397.0	11275.0	10303.0			
chr16	23629702	23629704	PALB2_X5H	1303	2493	3358	4126.0	2779.0	4900.0	5418.0			
chr16	23629703	23629705	PALB2_X5H	1342	2677	4868	4179.0	2733.0	7174.0	6160.0			
chr16	23629704	23629706	PALB2_X5H	1262	3029	3590	5203.0	3607.0	4797.0	5504.0			
chr16	23629705	23629707	PALB2_X5H	1087	2476	3619	3732.0	2661.0	6440.0	4026.0			
chr16	23629706	23629708	PALB2_X5H	1344	3164	4457	4778.0	3528.0	6174.0	6736.0			
chr16	23629707	23629709	PALB2_X5H	1233	3137	3341	4989.0	3330.0	4955.0	6074.0			
chr16	23629708	23629710	PALB2_X5H	2324	6087	7574	7775.0	6288.0	11263.0	9996.0			
chr16	23629710	23629712	PALB2_X5H	1056	3686	3634	3754.0	4443.0	5480.0	5487.0			
chr16	23629711	23629713	PALB2_X5H	1114	2447	3552	3856.0	2607.0	5013.0	5524.0			
chr16	23629712	23629714	PALB2_X5H	1269	3173	3631	4696.0	3520.0	3344.0	5145.0			
chr16	23629713	23629715	PALB2_X5H	1091	2585	3766	3790.0	3148.0	4698.0	5258.0			
chr16	23629714	23629716	PALB2_X5H	1127	2931	2910	5213.0	4052.0	4926.0	6851.0			
chr16	23629715	23629717	PALB2_X5H	1154	3168	3175	3801.0	3586.0	4912.0	5702.0			
chr16	23629716	23629718	PALB2_X5H	1118	2559	3618	4233.0	3382.0	4917.0	5138.0			
chr16	23629717	23629719	PALB2_X5H	1129	3725	4526	4805.0	5287.0	6648.0	6619.0			
chr16	23629718	23629720	PALB2_X5H	4637	14997	18202	23002.0	17712.0	23969.0	33272.0			
chr16	23629725	23629727	PALB2_X5H	2379	6129	7033	8372.0	7748.0	10545.0	10228.0			
chr16	23629727	23629729	PALB2_X5H	2014	3636	4999	7243.0	5343.0	6054.0	9649.0			
chr16	23629729	23629731	PALB2_X5H	1064	1544	2098	2802.0	1197.0	2361.0	3888.0			
chr16	23629185	23629187	PALB2_X6	7789	688	876	477.0	753.0	693.0	952.0			
chr16	23629187	23629189	PALB2_X6	4496	468	434	364.0	617.0	462.0	543.0			
chr16	23629188	23629190	PALB2_X6	7661	794	1144	1091.0	934.0	1109.0	975.0			
chr16	23629190	23629192	PALB2_X6	9666	1050	1037	923.0	1144.0	1004.0	1092.0			
chr16	23629192	23629194	PALB2_X6	8731	1030	886	853.0	997.0	1031.0	1010.0			
chr16	23629194	23629196	PALB2_X6	24963	3303	3350	2516.0	3615.0	2918.0	3498.0			
chr16	23629199	23629201	PALB2_X6	4654	869	660	479.0	1499.0	544.0	727.0			
chr16	23629200	23629202	PALB2_X6	3810	238	334	357.0	292.0	151.0	272.0			
chr16	23629201	23629203	PALB2_X6	3691	217	331	218.0	76.0	156.0	172.0			
chr16	23629202	23629204	PALB2_X6	3905	239	143	240.0	110.0	80.0	253.0			
chr16	23629203	23629205	PALB2_X6	2185	160	139	144.0	78.0	67.0	101.0			
chr16	23629204	23629206	PALB2_X6	4036	225	321	333.0	204.0	302.0	245.0			
chr16	23629205	23629207	PALB2_X6	4718	614	559	598.0	701.0	685.0	559.0			
chr16	23629206	23629208	PALB2_X6	4332	359	289	238.0	158.0	84.0	113.0			
chr16	23629207	23629209	PALB2_X6	3895	523	369	369.0	525.0	408.0	575.0			
chr16	23629208	23629210	PALB2_X6	4022	352	444	268.0	390.0	325.0	714.0			
chr16	23629209	23629211	PALB2_X6	4205	531	701	589.0	645.0	574.0	415.0			
chr16	23629210	23629212	PALB2_X6	3275	358	494	432.0	526.0	327.0	453.0			
chr16	23629211	23629213	PALB2_X6	3247	498	485	359.0	449.0	306.0	405.0			
chr16	23629212	23629214	PALB2_X6	3119	280	168	224.0	72.0	92.0	94.0			
chr16	23629213	23629215	PALB2_X6	5819	710	670	730.0	580.0	827.0	847.0			
chr16	23629214	23629216	PALB2_X6	3827	487	645	406.0	563.0	349.0	463.0			
chr16	23629215	23629217	PALB2_X6	3725	626	598	482.0	430.0	356.0	351.0			
chr16	23629216	23629218	PALB2_X6	3717	509	457	681.0	650.0	468.0	372.0			
chr16	23629217	23629219	PALB2_X6	9551	1499	1754	1402.0	1813.0	1529.0	1185.0			
chr16	23629219	23629221	PALB2_X6	3511	511	571	563.0	737.0	476.0	497.0			
chr16	23629220	23629222	PALB2_X6	3834	677	594	400.0	560.0	511.0	605.0			
chr16	23629221	23629223	PALB2_X6	3862	643	728	641.0	865.0	799.0	931.0			
chr16	23629222	23629224	PALB2_X6	9832	2077	2377	1577.0	2830.0	2309.0	2495.0			
chr16	23629224	23629226	PALB2_X6	9472	1978	2364	1690.0	2294.0	2093.0	2319.0			
chr16	23629226	23629228	PALB2_X6	3704	828	959	629.0	925.0	552.0	830.0			
chr16	23629227	23629229	PALB2_X6	4214	1109	1219	889.0	1502.0	1316.0	1420.0			
chr16	23629228	23629230	PALB2_X6	7718	2074	2264	1726.0	3092.0	2463.0	2258.0			
chr16	23629230	23629232	PALB2_X6	3552	1031	1230	768.0	1206.0	1193.0	1611.0			
chr16	23629231	23629233	PALB2_X6	3371	987	932	845.0	1294.0	1008.0	1464.0			
chr16	23629232	23629234	PALB2_X6	4268	1260	1611	942.0	1545.0	1356.0	1239.0			
chr16	23629233	23629235	PALB2_X6	5750	1659	1748	1136.0	1597.0	1484.0	1466.0			
chr16	23629234	23629236	PALB2_X6	3230	989	1002	937.0	1106.0	914.0	1310.0			
chr16	23629235	23629237	PALB2_X6	2811	876	1151	748.0	1131.0	993.0	1110.0			
chr16	23629236	23629238	PALB2_X6	4109	1137	1239	991.0	1534.0	1207.0	1335.0			
chr16	23629239	23629241	PALB2_X6	10572	3285	3080	2837.0	4355.0	3674.0	3468.0			
chr16	23629244	23629246	PALB2_X6	4851	1420	1744	1423.0	2122.0	1801.0	2005.0			
chr16	23629245	23629247	PALB2_X6	4283	1086	1048	989.0	1466.0	1234.0	2243.0			
chr16	23629246	23629248	PALB2_X6	9174	2813	2839	2319.0	2831.0	3753.0	3578.0			
chr16	23629248	23629250	PALB2_X6	3743	1216	1300	1152.0	1747.0	1404.0	1725.0			
chr16	23629249	23629251	PALB2_X6	12373	3103	3861	3015.0	3674.0	4079.0	4496.0			
chr16	23629252	23629254	PALB2_X6	9382	3537	3340	2533.0	4871.0	3405.0	3602.0			
chr16	23629255	23629257	PALB2_X6	7549	2813	2533	2022.0	4233.0	2772.0	3300.0			
chr16	23629257	23629259	PALB2_X6	8684	3502	3024	2357.0	4622.0	3209.0	3249.0			
chr16	23629259	23629261	PALB2_X6	2372	910	930	831.0	1044.0	1156.0	1101.0			
chr16	23629260	23629262	PALB2_X6	3560	825	818	969.0	1215.0	1457.0	1375.0			
chr16	23629261	23629263	PALB2_X6	2988	862	1096	972.0	1911.0	1282.0	950.0			
chr16	23629262	23629264	PALB2_X6	4043	1195	1167	1087.0	1112.0	1230.0	1341.0			
chr16	23629263	23629265	PALB2_X6	12586	3906	4297	3436.0	5058.0	4861.0	4970.0			
chr16	23629267	23629269	PALB2_X6	8678	3003	3183	2314.0	4149.0	2985.0	3260.0			
chr16	23629269	23629271	PALB2_X6	6702	1816	1955	1446.0	2689.0	1938.0	2602.0			
chr16	23629270	23629272	PALB2_X6	4443	1657	1375	1426.0	1783.0	1807.0	1367.0			
chr16	23629271	23629273	PALB2_X6	4144	1372	1214	934.0	1346.0	1240.0	1667.0			
chr16	23629272	23629274	PALB2_X6	4122	1468	1213	1133.0	1395.0	1195.0	1404.0			
chr16	23629273	23629275	PALB2_X6	4955	1258	1133	1226.0	1408.0	1700.0	1450.0			
chr16	23629274	23629276	PALB2_X6	3577	1000	979	770.0	796.0	697.0	743.0			
chr16	23629275	23629277	PALB2_X6	3341	817	838	637.0	574.0	479.0	682.0			
chr16	23629276	23629278	PALB2_X6	4324	1332	1478	1113.0	863.0	798.0	967.0			
chr16	23629277	23629279	PALB2_X6	4032	1104	1074	938.0	519.0	600.0	813.0			
chr16	23629278	23629280	PALB2_X6	3202	873	1063	775.0	1108.0	1216.0	1425.0			
chr16	23629279	23629281	PALB2_X6	3864	927	1163	1093.0	1303.0	1381.0	1828.0			
chr16	23629280	23629282	PALB2_X6	3697	1272	1078	910.0	1114.0	1235.0	1497.0			
chr16	23629281	23629283	PALB2_X6	7726	2159	2287	2056.0	1441.0	1710.0	1567.0			
chr16	23629283	23629285	PALB2_X6	10188	3056	2875	2826.0	3780.0	3254.0	4282.0			
chr16	23629286	23629288	PALB2_X6	6518	1959	2307	1789.0	1961.0	1897.0	1768.0			
chr16	23629288	23629290	PALB2_X6	4994	1813	1792	1188.0	1782.0	1873.0	1986.0			
chr16	23629289	23629291	PALB2_X6	4855	1580	1740	1504.0	2218.0	1816.0	1805.0			
chr16	23629290	23629292	PALB2_X6	3424	924	867	1018.0	1460.0	1171.0	1486.0			
chr16	23629291	23629293	PALB2_X6	3040	757	860	911.0	1068.0	1405.0	1428.0			
chr16	23629292	23629294	PALB2_X6	3309	897	996	669.0	1032.0	880.0	1413.0			
chr16	23629293	23629295	PALB2_X6	3884	1349	1684	1172.0	1783.0	1240.0	1848.0			
chr16	23629294	23629296	PALB2_X6	12492	3227	3499	3882.0	4333.0	4386.0	4757.0			
chr16	23626290	23626292	PALB2_X7A	1103	113	169	209.0				3.0	2.0	48.0
chr16	23626291	23626293	PALB2_X7A	1074	65	359	180.0				371.0	514.0	40.0
chr16	23626292	23626294	PALB2_X7A	887	95	70	76.0				30.0	10.0	0.0
chr16	23626293	23626295	PALB2_X7A	1748	325	288	219.0				267.0	310.0	2.0
chr16	23626295	23626297	PALB2_X7A	1025	195	278	177.0				86.0	193.0	26.0
chr16	23626296	23626298	PALB2_X7A	2073	435	939	486.0				200.0	464.0	404.0
chr16	23626298	23626300	PALB2_X7A	1112	432	333	334.0				276.0	116.0	267.0
chr16	23626299	23626301	PALB2_X7A	1020	345	438	322.0				446.0	435.0	209.0
chr16	23626300	23626302	PALB2_X7A	3532	769	963	618.0				775.0	508.0	159.0
chr16	23626303	23626305	PALB2_X7A	1136	384	380	296.0				221.0	393.0	18.0
chr16	23626304	23626306	PALB2_X7A	2309	626	991	584.0				463.0	256.0	397.0
chr16	23626306	23626308	PALB2_X7A	3636	938	971	996.0				514.0	177.0	1825.0
chr16	23626309	23626311	PALB2_X7A	1257	475	407	207.0				467.0	207.0	86.0
chr16	23626310	23626312	PALB2_X7A	1099	372	195	235.0				197.0	13.0	55.0
chr16	23626311	23626313	PALB2_X7A	1013	211	421	246.0				123.0	39.0	396.0
chr16	23626312	23626314	PALB2_X7A	1086	291	386	200.0				92.0	25.0	382.0
chr16	23626313	23626315	PALB2_X7A	1277	321	339	360.0				195.0	18.0	878.0
chr16	23626314	23626316	PALB2_X7A	3035	1054	1325	853.0				1466.0	1341.0	715.0
chr16	23626317	23626319	PALB2_X7A	1056	336	172	343.0				161.0	164.0	84.0
chr16	23626318	23626320	PALB2_X7A	1225	402	394	170.0				275.0	497.0	286.0
chr16	23626319	23626321	PALB2_X7A	2241	620	1364	640.0				886.0	1280.0	227.0
chr16	23626321	23626323	PALB2_X7A	3335	1213	899	1015.0				929.0	712.0	767.0
chr16	23626324	23626326	PALB2_X7A	1099	268	468	418.0				435.0	549.0	409.0
chr16	23626325	23626327	PALB2_X7A	965	229	294	264.0				98.0	423.0	296.0
chr16	23626326	23626328	PALB2_X7A	1070	336	599	202.0				714.0	668.0	106.0
chr16	23626327	23626329	PALB2_X7A	1089	467	212	219.0				171.0	13.0	8.0
chr16	23626328	23626330	PALB2_X7A	1038	334	565	409.0				395.0	353.0	157.0
chr16	23626329	23626331	PALB2_X7A	1202	1002	750	785.0				550.0	140.0	325.0
chr16	23626330	23626332	PALB2_X7A	1278	1086	1474	891.0				802.0	1060.0	458.0
chr16	23626331	23626333	PALB2_X7A	1025	949	1100	993.0				1359.0	2632.0	1608.0
chr16	23626332	23626334	PALB2_X7A	1251	1607	1278	1764.0				2323.0	1614.0	3239.0
chr16	23626333	23626335	PALB2_X7A	2193	3312	4494	3240.0				5813.0	6792.0	5371.0
chr16	23626335	23626337	PALB2_X7A	1166	2051	2289	2169.0				2462.0	2221.0	3783.0
chr16	23626336	23626338	PALB2_X7A	1139	521	671	666.0				275.0	123.0	959.0
chr16	23626337	23626339	PALB2_X7A	1157	817	498	740.0				848.0	467.0	610.0
chr16	23626338	23626340	PALB2_X7A	3192	6979	7645	5064.0				10043.0	9991.0	8118.0
chr16	23626341	23626343	PALB2_X7A	1073	2076	1912	1884.0				2121.0	1909.0	2521.0
chr16	23626342	23626344	PALB2_X7A	1144	2591	3451	1845.0				3693.0	3812.0	2302.0
chr16	23626343	23626345	PALB2_X7A	2362	5432	5069	3611.0				9939.0	7869.0	8019.0
chr16	23626346	23626348	PALB2_X7A	1129	2197	2795	2227.0				4154.0	5145.0	5189.0
chr16	23626347	23626349	PALB2_X7A	2077	5778	5630	3383.0				9204.0	6800.0	7539.0
chr16	23626349	23626351	PALB2_X7A	1238	3554	3305	2511.0				5263.0	6016.0	4748.0
chr16	23626350	23626352	PALB2_X7A	1188	2700	3219	2906.0				4255.0	5735.0	6351.0
chr16	23626351	23626353	PALB2_X7A	1125	611	833	626.0				719.0	1327.0	21.0
chr16	23626352	23626354	PALB2_X7A	1101	518	861	482.0				534.0	1473.0	660.0
chr16	23626353	23626355	PALB2_X7A	962	1621	1531	1368.0				1144.0	990.0	388.0
chr16	23626354	23626356	PALB2_X7A	1082	723	1073	800.0				325.0	434.0	639.0
chr16	23626355	23626357	PALB2_X7A	2227	4025	3932	2491.0				1872.0	1610.0	1376.0
chr16	23626357	23626359	PALB2_X7A	2135	4377	4803	3998.0				2228.0	2409.0	3423.0
chr16	23626359	23626361	PALB2_X7A	1000	1618	1818	2017.0				1063.0	308.0	1385.0
chr16	23626360	23626362	PALB2_X7A	1121	1996	2572	1997.0				1691.0	1371.0	1540.0
chr16	23626361	23626363	PALB2_X7A	1194	2976	2414	2242.0				3944.0	2446.0	2869.0
chr16	23626362	23626364	PALB2_X7A	1120	2080	2205	1743.0				2122.0	1650.0	1411.0
chr16	23626363	23626365	PALB2_X7A	1018	2673	2798	1781.0				4012.0	3265.0	2653.0
chr16	23626364	23626366	PALB2_X7A	1085	2002	2640	1296.0				2336.0	2751.0	1946.0
chr16	23626365	23626367	PALB2_X7A	1074	2831	2529	2908.0				4535.0	4095.0	4079.0
chr16	23626366	23626368	PALB2_X7A	1082	1839	2736	2393.0				2853.0	3710.0	4031.0
chr16	23626367	23626369	PALB2_X7A	1029	2706	2067	1649.0				3595.0	2061.0	2631.0
chr16	23626368	23626370	PALB2_X7A	1068	2093	2148	1732.0				2461.0	1929.0	2767.0
chr16	23626369	23626371	PALB2_X7A	1076	2317	2166	2447.0				2970.0	2862.0	3127.0
chr16	23626370	23626372	PALB2_X7A	2071	4138	3661	3786.0				5123.0	3029.0	5927.0
chr16	23626372	23626374	PALB2_X7A	1131	2555	2062	2257.0				2916.0	2049.0	3612.0
chr16	23626373	23626375	PALB2_X7A	2231	4911	5723	3888.0				6727.0	6602.0	5659.0
chr16	23626375	23626377	PALB2_X7A	953	1811	2042	1668.0				2514.0	2460.0	1720.0
chr16	23626376	23626378	PALB2_X7A	996	2658	2145	1946.0				3686.0	2650.0	2725.0
chr16	23626377	23626379	PALB2_X7A	1031	1657	2070	2193.0				2205.0	2494.0	3725.0
chr16	23626379	23626381	PALB2_X7A	2109	4984	5353	3718.0				6901.0	5862.0	7428.0
chr16	23626381	23626383	PALB2_X7A	1108	1599	1758	1512.0				2649.0	1859.0	2573.0
chr16	23626382	23626384	PALB2_X7A	2191	4294	4387	3252.0				7308.0	5557.0	6095.0
chr16	23626384	23626386	PALB2_X7A	1062	1939	2273	1865.0				3208.0	3080.0	4260.0
chr16	23626385	23626387	PALB2_X7A	1155	2920	2210	1599.0				2848.0	2311.0	1676.0
chr16	23626386	23626388	PALB2_X7A	1041	1602	1797	1830.0				1638.0	1856.0	2664.0
chr16	23626387	23626389	PALB2_X7A	1104	1852	1624	1519.0				1137.0	833.0	1384.0
chr16	23626388	23626390	PALB2_X7A	1115	2390	2427	1336.0				3620.0	2848.0	1738.0
chr16	23626389	23626391	PALB2_X7A	1019	2038	1970	1981.0				2445.0	2092.0	3490.0
chr16	23626390	23626392	PALB2_X7A	1984	4119	5356	3162.0				7048.0	6845.0	5426.0
chr16	23626392	23626394	PALB2_X7A	2189	4013	4103	3780.0				6538.0	6110.0	7074.0
chr16	23626394	23626396	PALB2_X7A	999	2161	2883	1652.0				4766.0	4644.0	3318.0
chr16	23626395	23626397	PALB2_X7A	1061	1940	2574	1531.0				3053.0	3845.0	3250.0
chr16	23626396	23626398	PALB2_X7A	1880	1413	1233	1104.0				795.0	579.0	420.0
chr16	23626398	23626400	PALB2_X7A	1011	873	546	554.0				708.0	623.0	428.0
chr16	23626399	23626401	PALB2_X7A	1018	444	1059	900.0				624.0	1043.0	1117.0
chr16	23626400	23626402	PALB2_X7A	1011	1987	2479	1432.0				3542.0	2738.0	2974.0
chr16	23626401	23626403	PALB2_X7A	1103	1953	2965	917.0				4670.0	4876.0	1181.0
chr16	23626402	23626404	PALB2_X7A	971	1540	1990	1630.0				3178.0	3449.0	3211.0
chr16	23626403	23626405	PALB2_X7A	1928	4049	4214	3693.0				6989.0	5494.0	6361.0
chr16	23626405	23626407	PALB2_X7A	813	1327	1375	1288.0				2379.0	3028.0	2770.0
chr16	23626220	23626222	PALB2_X7B	11368	3055	3152	3405.0				4775.0	2229.0	4092.0
chr16	23626222	23626224	PALB2_X7B	10720	3113	4287	2997.0				4476.0	2554.0	3917.0
chr16	23626223	23626225	PALB2_X7B	11798	4054	3340	3754.0				3489.0	2647.0	5867.0
chr16	23626224	23626226	PALB2_X7B	12440	2672	3431	4175.0				2814.0	3218.0	4650.0
chr16	23626225	23626227	PALB2_X7B	12425	2204	4135	3527.0				2438.0	3975.0	3651.0
chr16	23626226	23626228	PALB2_X7B	10679	4062	3089	3398.0				4225.0	2954.0	4605.0
chr16	23626227	23626229	PALB2_X7B	11595	3014	4142	2716.0				2888.0	2825.0	2603.0
chr16	23626228	23626230	PALB2_X7B	21033	6035	6616	7677.0				6506.0	6226.0	8059.0
chr16	23626230	23626232	PALB2_X7B	12056	3974	2890	4448.0				3854.0	2101.0	4416.0
chr16	23626231	23626233	PALB2_X7B	12423	2125	1465	2307.0				1191.0	1083.0	2045.0
chr16	23626232	23626234	PALB2_X7B	12370	1029	1764	1814.0				573.0	1147.0	1686.0
chr16	23626233	23626235	PALB2_X7B	12686	1608	1717	1800.0				688.0	901.0	896.0
chr16	23626234	23626236	PALB2_X7B	11406	1271	1508	1358.0				1268.0	379.0	758.0
chr16	23626235	23626237	PALB2_X7B	24082	6299	8215	9271.0				8828.0	6782.0	11820.0
chr16	23626237	23626239	PALB2_X7B	12561	3754	3822	4752.0				6536.0	4106.0	6445.0
chr16	23626238	23626240	PALB2_X7B	25739	8571	7032	8525.0				14766.0	5142.0	9334.0
chr16	23626240	23626242	PALB2_X7B	11697	3899	3787	3431.0				6167.0	3538.0	4935.0
chr16	23626241	23626243	PALB2_X7B	11218	3347	3763	3446.0				4306.0	3300.0	5457.0
chr16	23626242	23626244	PALB2_X7B	21566	5129	5534	6590.0				6276.0	4685.0	7856.0
chr16	23626244	23626246	PALB2_X7B	13422	3536	4304	4576.0				2589.0	2573.0	3855.0
chr16	23626245	23626247	PALB2_X7B	11690	3796	3872	3184.0				4673.0	2290.0	3134.0
chr16	23626246	23626248	PALB2_X7B	12106	971	1459	1307.0				1086.0	1013.0	859.0
chr16	23626247	23626249	PALB2_X7B	11276	1179	1489	1861.0				1027.0	681.0	1232.0
chr16	23626248	23626250	PALB2_X7B	11436	825	1222	1301.0				847.0	621.0	1244.0
chr16	23626249	23626251	PALB2_X7B	11503	1438	1365	1521.0				1405.0	968.0	1557.0
chr16	23626250	23626252	PALB2_X7B	10823	849	1588	1207.0				1020.0	653.0	516.0
chr16	23626251	23626253	PALB2_X7B	11392	1615	1315	1370.0				1437.0	145.0	1019.0
chr16	23626252	23626254	PALB2_X7B	11564	1089	1264	1637.0				375.0	552.0	1437.0
chr16	23626253	23626255	PALB2_X7B	11401	1087	1491	1938.0				1436.0	836.0	1356.0
chr16	23626254	23626256	PALB2_X7B	24631	2592	3729	3223.0				2081.0	1504.0	2723.0
chr16	23626256	23626258	PALB2_X7B	10574	1386	2094	1416.0				734.0	1308.0	898.0
chr16	23626257	23626259	PALB2_X7B	11449	1633	1067	2091.0				943.0	701.0	1710.0
chr16	23626258	23626260	PALB2_X7B	11427	1016	1564	1676.0				222.0	607.0	903.0
chr16	23626259	23626261	PALB2_X7B	10760	1570	1577	1247.0				1134.0	1021.0	1097.0
chr16	23626260	23626262	PALB2_X7B	35946	4266	4739	5504.0				3172.0	2107.0	3185.0
chr16	23626263	23626265	PALB2_X7B	11630	1432	1947	1746.0				898.0	494.0	946.0
chr16	23626264	23626266	PALB2_X7B	11676	1098	1278	1314.0				1238.0	238.0	715.0
chr16	23626265	23626267	PALB2_X7B	10636	1451	1371	1315.0				1141.0	509.0	709.0
chr16	23626266	23626268	PALB2_X7B	23019	3937	3196	3432.0				2208.0	1181.0	2254.0
chr16	23626268	23626270	PALB2_X7B	11834	1439	1704	2053.0				1463.0	1122.0	1853.0
chr16	23626269	23626271	PALB2_X7B	22137	5526	6717	6520.0				6485.0	5872.0	7686.0
chr16	23626271	23626273	PALB2_X7B	11335	1228	913	1487.0				718.0	177.0	794.0
chr16	23626272	23626274	PALB2_X7B	12174	3625	3235	3811.0				4104.0	2648.0	5155.0
chr16	23626273	23626275	PALB2_X7B	11778	2788	3708	3792.0				3625.0	2738.0	3970.0
chr16	23626274	23626276	PALB2_X7B	12156	2540	2793	2519.0				3844.0	2154.0	3328.0
chr16	23626275	23626277	PALB2_X7B	22851	6995	7480	7085.0				7864.0	6196.0	9752.0
chr16	23626277	23626279	PALB2_X7B	23946	7103	8072	7730.0				6685.0	6098.0	7753.0
chr16	23626279	23626281	PALB2_X7B	12400	3566	4075	3120.0				2882.0	2959.0	3006.0
chr16	23626280	23626282	PALB2_X7B	11502	3341	3248	2752.0				5246.0	2629.0	3104.0
chr16	23626281	23626283	PALB2_X7B	11364	2868	3119	3692.0				3347.0	3200.0	4336.0
chr16	23626283	23626285	PALB2_X7B	11982	3081	4485	2542.0				4564.0	3442.0	2716.0
chr16	23626284	23626286	PALB2_X7B	11857	3545	3697	3615.0				3928.0	2909.0	4945.0
chr16	23626285	23626287	PALB2_X7B	10614	1686	2024	3143.0				1194.0	1474.0	3381.0
chr16	23626286	23626288	PALB2_X7B	12549	4095	3945	3518.0				6850.0	3715.0	3878.0
chr16	23626287	23626289	PALB2_X7B	12603	2996	3922	3293.0				4019.0	4162.0	2743.0
chr16	23626288	23626290	PALB2_X7B	10858	708	855	894.0				488.0	391.0	1044.0
chr16	23626289	23626291	PALB2_X7B	11897	1235	1417	818.0				536.0	846.0	787.0
chr16	23626290	23626292	PALB2_X7B	11451	1155	914	760.0				1417.0	297.0	454.0
chr16	23626291	23626293	PALB2_X7B	11825	850	684	1065.0				435.0	243.0	696.0
chr16	23626292	23626294	PALB2_X7B	10454	662	789	1078.0				307.0	311.0	1293.0
chr16	23626293	23626295	PALB2_X7B	24303	1203	1507	1782.0				237.0	777.0	1241.0
chr16	23626295	23626297	PALB2_X7B	11281	588	871	596.0				289.0	511.0	318.0
chr16	23626296	23626298	PALB2_X7B	23597	1496	2558	2194.0				784.0	2052.0	617.0
chr16	23626298	23626300	PALB2_X7B	13021	970	682	742.0				378.0	361.0	200.0
chr16	23626299	23626301	PALB2_X7B	11581	446	932	1088.0				255.0	581.0	200.0
chr16	23626300	23626302	PALB2_X7B	32507	2411	2279	2641.0				1793.0	1708.0	1290.0
chr16	23626303	23626305	PALB2_X7B	10377	533	976	620.0				36.0	231.0	44.0
chr16	23626304	23626306	PALB2_X7B	20599	1684	1969	1895.0				718.0	837.0	479.0
chr16	23626306	23626308	PALB2_X7B	22367	1276	1345	1056.0				960.0	678.0	570.0
chr16	23623998	23624000	PALB2_X8	1634	187	112	189.0				349.0	49.0	259.0
chr16	23623999	23624001	PALB2_X8	1972	392	302	311.0				619.0	212.0	377.0
chr16	23624000	23624002	PALB2_X8	3992	497	683	862.0				1318.0	890.0	1412.0
chr16	23624002	23624004	PALB2_X8	1676	153	260	311.0				424.0	51.0	119.0
chr16	23624003	23624005	PALB2_X8	1763	124	246	333.0				250.0	688.0	515.0
chr16	23624004	23624006	PALB2_X8	1394	57	183	159.0				2.0	133.0	0.0
chr16	23624005	23624007	PALB2_X8	1791	90	68	140.0				51.0	75.0	106.0
chr16	23624006	23624008	PALB2_X8	2050	93	200	125.0				134.0	106.0	153.0
chr16	23624007	23624009	PALB2_X8	1714	33	113	96.0				0.0	42.0	1.0
chr16	23624008	23624010	PALB2_X8	1580	67	67	164.0				4.0	31.0	40.0
chr16	23624009	23624011	PALB2_X8	2276	129	163	93.0				71.0	11.0	7.0
chr16	23624010	23624012	PALB2_X8	4000	257	550	299.0				362.0	278.0	327.0
chr16	23624012	23624014	PALB2_X8	1604	51	100	52.0				0.0	3.0	0.0
chr16	23624013	23624015	PALB2_X8	1760	100	260	148.0				44.0	140.0	5.0
chr16	23624014	23624016	PALB2_X8	2047	83	164	77.0				0.0	4.0	0.0
chr16	23624015	23624017	PALB2_X8	1837	94	54	89.0				0.0	84.0	31.0
chr16	23624016	23624018	PALB2_X8	1977	86	130	204.0				0.0	65.0	77.0
chr16	23624017	23624019	PALB2_X8	1979	242	386	200.0				187.0	217.0	46.0
chr16	23624018	23624020	PALB2_X8	1695	381	389	190.0				453.0	251.0	42.0
chr16	23624019	23624021	PALB2_X8	3977	555	783	798.0				271.0	295.0	657.0
chr16	23624021	23624023	PALB2_X8	1997	355	424	357.0				158.0	25.0	29.0
chr16	23624022	23624024	PALB2_X8	2191	254	177	207.0				4.0	6.0	257.0
chr16	23624023	23624025	PALB2_X8	2371	306	143	290.0				78.0	7.0	381.0
chr16	23624024	23624026	PALB2_X8	1719	283	204	167.0				403.0	70.0	30.0
chr16	23624025	23624027	PALB2_X8	1360	302	303	328.0				322.0	191.0	399.0
chr16	23624026	23624028	PALB2_X8	1484	391	400	420.0				587.0	470.0	469.0
chr16	23624028	23624030	PALB2_X8	1861	552	402	320.0				337.0	171.0	141.0
chr16	23624030	23624032	PALB2_X8	1840	357	465	582.0				120.0	51.0	298.0
chr16	23624031	23624033	PALB2_X8	1685	171	114	204.0				32.0	2.0	229.0
chr16	23624032	23624034	PALB2_X8	1905	124	204	296.0				93.0	1.0	173.0
chr16	23624033	23624035	PALB2_X8	2077	283	299	266.0				0.0	136.0	183.0
chr16	23624034	23624036	PALB2_X8	1851	169	261	324.0				104.0	119.0	415.0
chr16	23624035	23624037	PALB2_X8	1818	342	336	230.0				9.0	283.0	17.0
chr16	23624036	23624038	PALB2_X8	1815	195	291	176.0				87.0	127.0	81.0
chr16	23624037	23624039	PALB2_X8	1580	466	305	282.0				4.0	52.0	23.0
chr16	23624038	23624040	PALB2_X8	1863	204	546	208.0				276.0	254.0	103.0
chr16	23624039	23624041	PALB2_X8	1993	431	197	398.0				260.0	158.0	72.0
chr16	23624040	23624042	PALB2_X8	3917	360	506	339.0				354.0	343.0	184.0
chr16	23624042	23624044	PALB2_X8	1719	165	204	150.0				284.0	24.0	473.0
chr16	23624043	23624045	PALB2_X8	1571	335	232	147.0				270.0	148.0	8.0
chr16	23624044	23624046	PALB2_X8	2015	509	378	361.0				47.0	43.0	261.0
chr16	23624045	23624047	PALB2_X8	1912	385	276	481.0				21.0	42.0	24.0
chr16	23624046	23624048	PALB2_X8	1684	228	323	185.0				209.0	196.0	181.0
chr16	23624047	23624049	PALB2_X8	1632	174	234	359.0				5.0	18.0	596.0
chr16	23624048	23624050	PALB2_X8	3767	625	525	414.0				320.0	249.0	79.0
chr16	23624050	23624052	PALB2_X8	1898	422	541	358.0				277.0	77.0	28.0
chr16	23624051	23624053	PALB2_X8	1953	235	513	294.0				33.0	55.0	84.0
chr16	23624052	23624054	PALB2_X8	1711	590	514	543.0				542.0	195.0	375.0
chr16	23624053	23624055	PALB2_X8	5544	1879	1638	1419.0				1627.0	931.0	1065.0
chr16	23624056	23624058	PALB2_X8	1705	464	406	506.0				793.0	548.0	1110.0
chr16	23624057	23624059	PALB2_X8	1984	378	665	439.0				573.0	1238.0	1124.0
chr16	23624058	23624060	PALB2_X8	1593	303	740	409.0				457.0	505.0	677.0
chr16	23624059	23624061	PALB2_X8	1795	299	580	346.0				360.0	479.0	385.0
chr16	23624060	23624062	PALB2_X8	1910	346	421	562.0				169.0	84.0	244.0
chr16	23624061	23624063	PALB2_X8	5674	682	923	1240.0				36.0	343.0	770.0
chr16	23624064	23624066	PALB2_X8	1665	303	694	267.0				148.0	272.0	109.0
chr16	23624065	23624067	PALB2_X8	1926	449	535	522.0				776.0	495.0	615.0
chr16	23624066	23624068	PALB2_X8	1560	445	428	548.0				360.0	506.0	606.0
chr16	23624067	23624069	PALB2_X8	1783	282	150	320.0				106.0	28.0	241.0
chr16	23624068	23624070	PALB2_X8	1705	247	224	231.0				552.0	248.0	138.0
chr16	23624069	23624071	PALB2_X8	1936	372	287	293.0				323.0	188.0	217.0
chr16	23624070	23624072	PALB2_X8	1677	120	193	214.0				105.0	47.0	0.0
chr16	23624071	23624073	PALB2_X8	1842	94	347	226.0				19.0	348.0	1.0
chr16	23624072	23624074	PALB2_X8	1663	159	322	153.0				296.0	97.0	26.0
chr16	23624073	23624075	PALB2_X8	1731	313	303	288.0				245.0	196.0	96.0
chr16	23624074	23624076	PALB2_X8	1591	187	299	173.0				409.0	69.0	15.0
chr16	23624075	23624077	PALB2_X8	3386	419	461	546.0				250.0	156.0	132.0
chr16	23624077	23624079	PALB2_X8	1864	161	231	174.0				5.0	259.0	9.0
chr16	23624078	23624080	PALB2_X8	1989	211	270	281.0				28.0	7.0	340.0
chr16	23624079	23624081	PALB2_X8	2055	519	516	330.0				329.0	414.0	122.0
chr16	23624080	23624082	PALB2_X8	1579	270	232	419.0				56.0	171.0	351.0
chr16	23624081	23624083	PALB2_X8	1958	475	670	376.0				90.0	300.0	122.0
chr16	23624082	23624084	PALB2_X8	1884	125	349	179.0				82.0	497.0	24.0
chr16	23624083	23624085	PALB2_X8	5976	1455	2255	1684.0				1976.0	1697.0	1804.0
chr16	23624086	23624088	PALB2_X8	3866	866	900	585.0				625.0	575.0	443.0
chr16	23624088	23624090	PALB2_X8	2004	347	652	332.0				206.0	190.0	205.0
chr16	23624089	23624091	PALB2_X8	2018	565	942	745.0				1094.0	1216.0	1254.0
chr16	23624090	23624092	PALB2_X8	2136	533	689	557.0				869.0	531.0	1685.0
chr16	23624091	23624093	PALB2_X8	1846	270	749	422.0				787.0	1147.0	530.0
chr16	23624092	23624094	PALB2_X8	2130	514	369	475.0				232.0	386.0	106.0
chr16	23624093	23624095	PALB2_X8	1583	151	162	132.0				30.0	0.0	3.0
chr16	23624094	23624096	PALB2_X8	2388	129	201	311.0				1.0	36.0	80.0
chr16	23624095	23624097	PALB2_X8	1928	132	281	226.0				5.0	27.0	147.0
chr16	23624096	23624098	PALB2_X8	2191	496	219	297.0				423.0	104.0	125.0
chr16	23624097	23624099	PALB2_X8	2367	803	708	534.0				1418.0	1036.0	1043.0
chr16	23624098	23624100	PALB2_X8	6481	1731	2111	1913.0				3711.0	3666.0	3700.0
chr16	23624101	23624103	PALB2_X8	3400	892	995	1086.0				1589.0	1836.0	2236.0
chr16	23624103	23624105	PALB2_X8	4730	937	1427	1233.0				2857.0	2285.0	2447.0
chr16	23623042	23623044	PALB2_X9A	3317	913	1544	1885.0	784.0	902.0	1078.0			
chr16	23623048	23623050	PALB2_X9A	1473	178	260	406.0	28.0	105.0	152.0			
chr16	23623049	23623051	PALB2_X9A	1836	374	653	822.0	161.0	169.0	279.0			
chr16	23623050	23623052	PALB2_X9A	2073	372	508	636.0	280.0	137.0	241.0			
chr16	23623051	23623053	PALB2_X9A	2266	295	525	603.0	185.0	205.0	285.0			
chr16	23623052	23623054	PALB2_X9A	2197	262	380	607.0	114.0	174.0	190.0			
chr16	23623053	23623055	PALB2_X9A	2187	307	286	567.0	165.0	127.0	115.0			
chr16	23623054	23623056	PALB2_X9A	2180	260	478	503.0	155.0	162.0	184.0			
chr16	23623055	23623057	PALB2_X9A	1943	255	321	467.0	159.0	61.0	161.0			
chr16	23623056	23623058	PALB2_X9A	4081	503	860	764.0	267.0	303.0	247.0			
chr16	23623058	23623060	PALB2_X9A	1774	205	467	458.0	107.0	174.0	166.0			
chr16	23623059	23623061	PALB2_X9A	1670	297	332	534.0	128.0	118.0	113.0			
chr16	23623060	23623062	PALB2_X9A	4242	564	1074	1337.0	186.0	244.0	518.0			
chr16	23623062	23623064	PALB2_X9A	2363	399	587	746.0	85.0	201.0	170.0			
chr16	23623063	23623065	PALB2_X9A	2319	515	744	1092.0	154.0	217.0	269.0			
chr16	23623064	23623066	PALB2_X9A	4556	1348	2197	2432.0	601.0	519.0	639.0			
chr16	23623066	23623068	PALB2_X9A	4303	760	1101	1254.0	355.0	367.0	473.0			
chr16	23623068	23623070	PALB2_X9A	1866	263	501	582.0	104.0	135.0	200.0			
chr16	23623069	23623071	PALB2_X9A	4361	1369	2609	3028.0	1276.0	1276.0	1791.0			
chr16	23623071	23623073	PALB2_X9A	2361	854	1210	1407.0	917.0	611.0	1074.0			
chr16	23623072	23623074	PALB2_X9A	1860	565	882	1442.0	679.0	532.0	1156.0			
chr16	23623073	23623075	PALB2_X9A	1901	557	1057	1223.0	694.0	647.0	824.0			
chr16	23623074	23623076	PALB2_X9A	1728	479	887	1081.0	564.0	500.0	906.0			
chr16	23623075	23623077	PALB2_X9A	1759	180	394	439.0	130.0	138.0	197.0			
chr16	23623076	23623078	PALB2_X9A	1925	484	1038	1151.0	540.0	460.0	731.0			
chr16	23623077	23623079	PALB2_X9A	2124	506	801	856.0	378.0	275.0	307.0			
chr16	23623078	23623080	PALB2_X9A	1822	536	994	1052.0	520.0	398.0	737.0			
chr16	23623079	23623081	PALB2_X9A	3813	1032	1770	2115.0	972.0	879.0	1080.0			
chr16	23623081	23623083	PALB2_X9A	1970	535	661	758.0	197.0	117.0	235.0			
chr16	23623082	23623084	PALB2_X9A	1931	525	1298	1610.0	708.0	628.0	1081.0			
chr16	23623083	23623085	PALB2_X9A	9747	3230	4759	6105.0	3357.0	2800.0	3908.0			
chr16	23623088	23623090	PALB2_X9A	3485	1221	2502	2579.0	1843.0	1294.0	1840.0			
chr16	23623090	23623092	PALB2_X9A	1855	629	850	1168.0	810.0	815.0	945.0			
chr16	23623091	23623093	PALB2_X9A	1984	607	1262	1126.0	731.0	892.0	1006.0			
chr16	23623092	23623094	PALB2_X9A	4277	1366	2245	2251.0	2104.0	1811.0	2636.0			
chr16	23623094	23623096	PALB2_X9A	2232	803	1310	1743.0	1210.0	1054.0	1052.0			
chr16	23623095	23623097	PALB2_X9A	4603	1431	3230	2894.0	2079.0	2050.0	2433.0			
chr16	23623097	23623099	PALB2_X9A	2108	683	1285	1687.0	974.0	1011.0	1514.0			
chr16	23623098	23623100	PALB2_X9A	1864	533	1096	1292.0	710.0	683.0	936.0			
chr16	23623099	23623101	PALB2_X9A	2094	552	1301	1528.0	911.0	1081.0	1593.0			
chr16	23623100	23623102	PALB2_X9A	2161	681	1058	1300.0	748.0	951.0	1255.0			
chr16	23623101	23623103	PALB2_X9A	2153	679	939	1197.0	997.0	953.0	1103.0			
chr16	23623102	23623104	PALB2_X9A	1940	587	874	810.0	714.0	610.0	654.0			
chr16	23623103	23623105	PALB2_X9A	1988	822	1226	1268.0	1075.0	911.0	1058.0			
chr16	23623104	23623106	PALB2_X9A	13284	4450	6992	8904.0	6763.0	5643.0	7450.0			
chr16	23623111	23623113	PALB2_X9A	1903	656	922	1598.0	943.0	776.0	1294.0			
chr16	23623112	23623114	PALB2_X9A	2099	703	1155	1618.0	949.0	928.0	1422.0			
chr16	23623113	23623115	PALB2_X9A	6648	2191	3970	4612.0	3318.0	3250.0	3665.0			
chr16	23623116	23623118	PALB2_X9A	1875	749	1529	1259.0	880.0	960.0	1100.0			
chr16	23623117	23623119	PALB2_X9A	6884	2522	4174	5029.0	3491.0	3298.0	4342.0			
chr16	23623120	23623122	PALB2_X9A	4999	1576	3169	3310.0	2430.0	2364.0	2914.0			
chr16	23623122	23623124	PALB2_X9A	5475	845	1682	1650.0	390.0	450.0	328.0			
chr16	23623125	23623127	PALB2_X9A	1964	350	502	456.0	172.0	166.0	200.0			
chr16	23623126	23623128	PALB2_X9A	2114	304	824	551.0	154.0	249.0	127.0			
chr16	23623127	23623129	PALB2_X9A	2425	427	599	773.0	396.0	194.0	254.0			
chr16	23623128	23623130	PALB2_X9A	2164	486	369	607.0	238.0	165.0	261.0			
chr16	23623129	23623131	PALB2_X9A	2445	297	589	623.0	159.0	137.0	260.0			
chr16	23623130	23623132	PALB2_X9A	2183	403	359	824.0	162.0	142.0	325.0			
chr16	23623131	23623133	PALB2_X9A	1949	305	525	646.0	177.0	198.0	183.0			
chr16	23623132	23623134	PALB2_X9A	1760	276	453	487.0	119.0	85.0	205.0			
chr16	23623133	23623135	PALB2_X9A	1835	638	793	1159.0	511.0	433.0	538.0			
chr16	23623134	23623136	PALB2_X9A	2046	617	1195	1061.0	863.0	983.0	1215.0			
chr16	23623135	23623137	PALB2_X9A	2083	682	1056	1504.0	1229.0	860.0	1256.0			
chr16	23623136	23623138	PALB2_X9A	1838	631	1104	1220.0	989.0	938.0	1156.0			
chr16	23623137	23623139	PALB2_X9A	1728	728	982	1143.0	1056.0	810.0	1153.0			
chr16	23623138	23623140	PALB2_X9A	1621	291	587	515.0	196.0	177.0	43.0			
chr16	23623139	23623141	PALB2_X9A	3510	1180	1507	2189.0	1526.0	1397.0	2007.0			
chr16	23623141	23623143	PALB2_X9A	1718	528	907	981.0	880.0	667.0	924.0			
chr16	23623142	23623144	PALB2_X9A	3583	1112	2306	2114.0	1881.0	1648.0	2182.0			
chr16	23623144	23623146	PALB2_X9A	1966	845	1354	1373.0	949.0	855.0	1227.0			
chr16	23623145	23623147	PALB2_X9A	3815	1237	2577	2486.0	1725.0	1747.0	2308.0			
chr16	23623147	23623149	PALB2_X9A	1984	796	1244	1397.0	1149.0	1027.0	1153.0			
chr16	23623148	23623150	PALB2_X9A	6436	2005	4104	4274.0	3220.0	2987.0	3935.0			
chr16	23623151	23623153	PALB2_X9A	1776	713	883	1287.0	933.0	820.0	1251.0			
chr16	23623152	23623154	PALB2_X9A	1638	573	1147	1280.0	994.0	927.0	1039.0			
chr16	23622936	23622938	PALB2_X9B	5962	1328	1272	2407.0	3009.0	2683.0	2888.0			
chr16	23622939	23622941	PALB2_X9B	7408	1874	1196	2634.0	3748.0	3811.0	4331.0			
chr16	23622941	23622943	PALB2_X9B	7907	1738	1284	2551.0	3213.0	2822.0	3556.0			
chr16	23622942	23622944	PALB2_X9B	8413	1871	1708	2732.0	4363.0	3377.0	4064.0			
chr16	23622943	23622945	PALB2_X9B	7568	1724	1825	3409.0	3320.0	4888.0	3732.0			
chr16	23622944	23622946	PALB2_X9B	2105	434	463	1010.0	936.0	1314.0	1473.0			
chr16	23622947	23622949	PALB2_X9B	7041	1354	1358	2940.0	2255.0	2420.0	3361.0			
chr16	23622948	23622950	PALB2_X9B	8414	1550	1669	3620.0	3009.0	5464.0	5008.0			
chr16	23622950	23622952	PALB2_X9B	8176	1734	2119	3147.0	3283.0	5365.0	4948.0			
chr16	23622951	23622953	PALB2_X9B	6632	1406	1271	1913.0	1805.0	3236.0	2818.0			
chr16	23622952	23622954	PALB2_X9B	8970	1879	1875	3888.0	3962.0	4640.0	4595.0			
chr16	23622954	23622956	PALB2_X9B	7239	1505	1889	2119.0	3396.0	3714.0	2753.0			
chr16	23622955	23622957	PALB2_X9B	7747	1666	1341	2455.0	2775.0	3044.0	2929.0			
chr16	23622956	23622958	PALB2_X9B	6035	1396	1415	2950.0	2588.0	3096.0	3439.0			
chr16	23622957	23622959	PALB2_X9B	6171	1219	1201	2366.0	2486.0	3647.0	3982.0			
chr16	23622959	23622961	PALB2_X9B	7714	1963	1671	3836.0	3784.0	3169.0	6046.0			
chr16	23622960	23622962	PALB2_X9B	6599	1097	1716	2988.0	1850.0	3737.0	3544.0			
chr16	23622962	23622964	PALB2_X9B	9075	1779	1739	3046.0	2522.0	2721.0	2571.0			
chr16	23622965	23622967	PALB2_X9B	5776	204	197	233.0	73.0	0.0	17.0			
chr16	23622966	23622968	PALB2_X9B	5592	147	352	351.0	0.0	193.0	0.0			
chr16	23622967	23622969	PALB2_X9B	6270	173	174	549.0	0.0	138.0	22.0			
chr16	23622968	23622970	PALB2_X9B	7181	292	266	630.0	100.0	264.0	211.0			
chr16	23622969	23622971	PALB2_X9B	10413	1870	2204	4194.0	3251.0	6704.0	5545.0			
chr16	23622972	23622974	PALB2_X9B	7992	1463	2170	3266.0	2984.0	4887.0	4150.0			
chr16	23622973	23622975	PALB2_X9B	8360	1762	1751	3209.0	3692.0	4354.0	4750.0			
chr16	23622975	23622977	PALB2_X9B	6131	1558	1569	2619.0	3359.0	3525.0	3225.0			
chr16	23622979	23622981	PALB2_X9B	5041	947	1296	1575.0	1975.0	3763.0	2395.0			
chr16	23622981	23622983	PALB2_X9B	5850	1362	1721	1956.0	3395.0	5395.0	3578.0			
chr16	23622982	23622984	PALB2_X9B	8772	416	405	764.0	317.0	662.0	719.0			
chr16	23622983	23622985	PALB2_X9B	7048	1517	1536	2741.0	2656.0	2547.0	2952.0			
chr16	23622984	23622986	PALB2_X9B	8827	1937	1326	2567.0	3247.0	2579.0	2738.0			
chr16	23622985	23622987	PALB2_X9B	10158	2373	1939	3408.0	3241.0	4337.0	4531.0			
chr16	23622986	23622988	PALB2_X9B	5477	1378	1198	1985.0	2183.0	2658.0	2493.0			
chr16	23622988	23622990	PALB2_X9B	6753	1339	1770	2059.0	2001.0	2265.0	1421.0			
chr16	23622990	23622992	PALB2_X9B	7042	1145	972	2187.0	1185.0	1120.0	2355.0			
chr16	23622992	23622994	PALB2_X9B	6153	342	489	380.0	284.0	227.0	3.0			
chr16	23622993	23622995	PALB2_X9B	7358	246	499	452.0	170.0	0.0	0.0			
chr16	23622994	23622996	PALB2_X9B	7193	402	432	646.0	156.0	48.0	374.0			
chr16	23622997	23622999	PALB2_X9B	8066	372	364	465.0	300.0	3.0	261.0			
chr16	23623000	23623002	PALB2_X9B	6463	1116	1142	2633.0	1207.0	2094.0	2392.0			
chr16	23623001	23623003	PALB2_X9B	8116	1328	1730	2571.0	2204.0	2790.0	2660.0			
chr16	23623005	23623007	PALB2_X9B	4959	1033	854	1506.0	1239.0	1904.0	1563.0			
chr16	23623007	23623009	PALB2_X9B	6591	1396	960	2818.0	2133.0	2179.0	3104.0			
chr16	23623009	23623011	PALB2_X9B	6651	918	1023	2029.0	1483.0	1769.0	2394.0			
chr16	23623010	23623012	PALB2_X9B	5027	739	995	1353.0	1738.0	2440.0	1944.0			
chr16	23623012	23623014	PALB2_X9B	7840	1754	1280	2125.0	3424.0	2983.0	2542.0			
chr16	23623013	23623015	PALB2_X9B	7636	1366	1564	2270.0	2655.0	3936.0	3072.0			
chr16	23623014	23623016	PALB2_X9B	6536	1303	1709	1923.0	1920.0	3174.0	2762.0			
chr16	23623015	23623017	PALB2_X9B	7271	1659	1423	2914.0	2786.0	2883.0	3379.0			
chr16	23623017	23623019	PALB2_X9B	6813	1445	2363	1992.0	2628.0	5097.0	2635.0			
chr16	23623018	23623020	PALB2_X9B	8445	2150	1822	2981.0	3854.0	3555.0	3559.0			
chr16	23623019	23623021	PALB2_X9B	8036	2315	2468	4285.0	4355.0	6126.0	6127.0			
chr16	23623022	23623024	PALB2_X9B	7613	2015	2673	3716.0	2653.0	5743.0	4011.0			
chr16	23623023	23623025	PALB2_X9B	7090	2248	2917	5098.0	3544.0	4902.0	5375.0			
chr16	23623026	23623028	PALB2_X9B	5800	1526	1196	2062.0	2909.0	2188.0	1871.0			
chr16	23623030	23623032	PALB2_X9B	8957	371	487	784.0	328.0	250.0	239.0			
chr16	23623031	23623033	PALB2_X9B	7086	347	375	418.0	237.0	284.0	16.0			
chr16	23623032	23623034	PALB2_X9B	8073	458	213	523.0	341.0	114.0	325.0			
chr16	23623034	23623036	PALB2_X9B	5059	168	104	279.0	0.0	20.0	236.0			
chr16	23623035	23623037	PALB2_X9B	4990	201	163	332.0	170.0	248.0	586.0			
chr16	23623036	23623038	PALB2_X9B	6449	638	1014	1025.0	386.0	910.0	432.0			
chr16	23623037	23623039	PALB2_X9B	7539	498	376	1070.0	146.0	594.0	453.0			
chr16	23623042	23623044	PALB2_X9B	6765	701	652	738.0	459.0	810.0	421.0			
chr16	23623044	23623046	PALB2_X9B	5671	570	212	571.0	251.0	49.0	204.0			
chr16	23623045	23623047	PALB2_X9B	7223	483	705	1119.0	623.0	1044.0	733.0			
chr16	23623047	23623049	PALB2_X9B	6966	863	741	1109.0	876.0	1073.0	552.0			
chr16	23623048	23623050	PALB2_X9B	4940	150	64	134.0	25.0	9.0	31.0			
chr16	23623049	23623051	PALB2_X9B	7912	249	333	438.0	25.0	20.0	119.0			
chr16	23623050	23623052	PALB2_X9B	5515	296	219	350.0	122.0	95.0	75.0			
chr16	23623051	23623053	PALB2_X9B	6880	180	135	302.0	37.0	464.0	2.0			
chr16	23623052	23623054	PALB2_X9B	4207	40	176	56.0	0.0	326.0	9.0			
chr16	23623053	23623055	PALB2_X9B	6063	146	214	105.0	1.0	31.0	0.0			
chr16	23623054	23623056	PALB2_X9B	4623	78	54	109.0	5.0	3.0	106.0			
chr16	23623055	23623057	PALB2_X9B	6421	173	95	311.0	4.0	26.0	237.0			
chr16	23623056	23623058	PALB2_X9B	6109	104	94	63.0	116.0	7.0	1.0			
chr16	23621357	23621359	PALB2_X10	595	69	146	80.0	79.0	12.0	34.0			
chr16	23621358	23621360	PALB2_X10	499	49	164	105.0	77.0	27.0	14.0			
chr16	23621359	23621361	PALB2_X10	440	171	89	63.0	44.0	28.0	74.0			
chr16	23621360	23621362	PALB2_X10	774	187	253	193.0	65.0	58.0	133.0			
chr16	23621362	23621364	PALB2_X10	363	55	187	89.0	12.0	69.0	11.0			
chr16	23621363	23621365	PALB2_X10	377	88	136	76.0	255.0	114.0	39.0			
chr16	23621364	23621366	PALB2_X10	1458	272	417	416.0	226.0	226.0	494.0			
chr16	23621367	23621369	PALB2_X10	1324	146	270	486.0	127.0	87.0	208.0			
chr16	23621370	23621372	PALB2_X10	531	118	97	176.0	123.0	23.0	203.0			
chr16	23621371	23621373	PALB2_X10	461	96	187	186.0	20.0	31.0	59.0			
chr16	23621372	23621374	PALB2_X10	2518	997	1782	2051.0	1533.0	858.0	1688.0			
chr16	23621377	23621379	PALB2_X10	507	261	289	436.0	212.0	121.0	274.0			
chr16	23621378	23621380	PALB2_X10	998	684	868	937.0	1388.0	498.0	1637.0			
chr16	23621380	23621382	PALB2_X10	2023	1166	1465	2076.0	2383.0	1015.0	3037.0			
chr16	23621384	23621386	PALB2_X10	2936	994	1273	1497.0	905.0	321.0	896.0			
chr16	23621390	23621392	PALB2_X10	496	129	247	166.0	101.0	82.0	71.0			
chr16	23621391	23621393	PALB2_X10	948	171	193	363.0	97.0	74.0	173.0			
chr16	23621393	23621395	PALB2_X10	497	101	78	117.0	27.0	2.0	29.0			
chr16	23621394	23621396	PALB2_X10	452	76	148	194.0	156.0	62.0	55.0			
chr16	23621395	23621397	PALB2_X10	1391	253	662	645.0	144.0	178.0	437.0			
chr16	23621398	23621400	PALB2_X10	472	118	240	208.0	84.0	126.0	385.0			
chr16	23621399	23621401	PALB2_X10	506	147	230	220.0	7.0	52.0	197.0			
chr16	23621400	23621402	PALB2_X10	381	141	256	238.0	106.0	63.0	130.0			
chr16	23621401	23621403	PALB2_X10	535	148	214	260.0	75.0	51.0	335.0			
chr16	23621402	23621404	PALB2_X10	2019	2103	3316	3127.0	3968.0	2833.0	3890.0			
chr16	23621406	23621408	PALB2_X10	509	489	965	928.0	1115.0	573.0	1246.0			
chr16	23621407	23621409	PALB2_X10	473	597	1189	1089.0	1277.0	726.0	1625.0			
chr16	23621408	23621410	PALB2_X10	474	588	1011	793.0	1071.0	715.0	961.0			
chr16	23621409	23621411	PALB2_X10	1021	1278	2396	2127.0	2382.0	1653.0	2378.0			
chr16	23621411	23621413	PALB2_X10	521	689	1252	995.0	1186.0	965.0	1605.0			
chr16	23621412	23621414	PALB2_X10	519	670	1252	1124.0	1256.0	822.0	1101.0			
chr16	23621413	23621415	PALB2_X10	517	680	1134	1228.0	1499.0	894.0	1669.0			
chr16	23621414	23621416	PALB2_X10	581	577	992	1180.0	828.0	556.0	1583.0			
chr16	23621415	23621417	PALB2_X10	479	651	1194	1124.0	1325.0	951.0	1113.0			
chr16	23621416	23621418	PALB2_X10	477	479	812	748.0	319.0	271.0	179.0			
chr16	23621417	23621419	PALB2_X10	448	418	611	466.0	316.0	202.0	40.0			
chr16	23621418	23621420	PALB2_X10	1014	277	553	477.0	193.0	166.0	124.0			
chr16	23621422	23621424	PALB2_X10	421	80	233	235.0	31.0	98.0	211.0			
chr16	23621423	23621425	PALB2_X10	990	307	565	584.0	243.0	232.0	697.0			
chr16	23621426	23621428	PALB2_X10	415	101	213	215.0	31.0	179.0	88.0			
chr16	23621427	23621429	PALB2_X10	882	350	362	614.0	248.0	96.0	475.0			
chr16	23621429	23621431	PALB2_X10	501	192	254	358.0	27.0	116.0	394.0			
chr16	23621430	23621432	PALB2_X10	494	185	203	431.0	177.0	44.0	212.0			
chr16	23621431	23621433	PALB2_X10	510	228	219	519.0	280.0	88.0	611.0			
chr16	23621432	23621434	PALB2_X10	491	172	300	178.0	91.0	82.0	49.0			
chr16	23621433	23621435	PALB2_X10	1347	572	968	926.0	346.0	281.0	740.0			
chr16	23621436	23621438	PALB2_X10	476	93	161	182.0	69.0	55.0	218.0			
chr16	23621437	23621439	PALB2_X10	492	222	381	316.0	120.0	117.0	89.0			
chr16	23621438	23621440	PALB2_X10	950	923	1460	1546.0	605.0	452.0	679.0			
chr16	23621440	23621442	PALB2_X10	605	490	673	814.0	312.0	132.0	643.0			
chr16	23621441	23621443	PALB2_X10	541	386	637	576.0	182.0	68.0	311.0			
chr16	23621442	23621444	PALB2_X10	1849	1241	2522	2343.0	1006.0	791.0	922.0			
chr16	23621446	23621448	PALB2_X10	554	432	921	610.0	249.0	403.0	155.0			
chr16	23621447	23621449	PALB2_X10	493	301	618	731.0	143.0	139.0	522.0			
chr16	23621448	23621450	PALB2_X10	508	345	552	603.0	230.0	87.0	433.0			
chr16	23621449	23621451	PALB2_X10	1532	1063	1556	1385.0	987.0	450.0	822.0			
chr16	23621452	23621454	PALB2_X10	471	254	629	460.0	326.0	205.0	715.0			
chr16	23621453	23621455	PALB2_X10	502	461	689	593.0	288.0	170.0	273.0			
chr16	23621454	23621456	PALB2_X10	1344	1254	1580	1503.0	1064.0	327.0	873.0			
chr16	23621457	23621459	PALB2_X10	440	496	735	592.0	560.0	166.0	299.0			
chr16	23621458	23621460	PALB2_X10	1290	1394	2247	2393.0	2464.0	1473.0	2682.0			
chr16	23621461	23621463	PALB2_X10	485	444	1000	613.0	737.0	711.0	628.0			
chr16	23621462	23621464	PALB2_X10	462	440	903	1263.0	673.0	702.0	1487.0			
chr16	23621463	23621465	PALB2_X10	470	625	1153	992.0	947.0	633.0	1120.0			
chr16	23621464	23621466	PALB2_X10	938	1352	2336	1950.0	2978.0	1489.0	3100.0			
chr16	23621466	23621468	PALB2_X10	445	626	1085	998.0	1483.0	826.0	1514.0			
chr16	23621467	23621469	PALB2_X10	943	1134	1750	1934.0	2298.0	1095.0	2781.0			
chr16	23621469	23621471	PALB2_X10	1356	1661	2874	3013.0	3323.0	1956.0	4353.0			
chr16	23621472	23621474	PALB2_X10	561	611	933	1086.0	1827.0	675.0	1400.0			
chr16	23621473	23621475	PALB2_X10	457	501	981	1003.0	1250.0	1035.0	892.0			
chr16	23621474	23621476	PALB2_X10	510	477	1160	933.0	1148.0	784.0	1359.0			
chr16	23621475	23621477	PALB2_X10	425	446	926	757.0	1415.0	652.0	928.0			
chr16	23621476	23621478	PALB2_X10	917	750	1687	1762.0	1656.0	1264.0	2282.0			
chr16	23621478	23621480	PALB2_X10	532	122	294	410.0	131.0	184.0	266.0			
chr16	23621479	23621481	PALB2_X10	405	284	233	224.0	250.0	114.0	101.0			
chr16	23621480	23621482	PALB2_X10	538	250	368	360.0	492.0	124.0	450.0			
chr16	23613994	23613996	PALB2_X11	2252	344	167	229.0	303.0	83.0	322.0			
chr16	23613995	23613997	PALB2_X11	5251	165	205	155.0	39.0	16.0	7.0			
chr16	23613997	23613999	PALB2_X11	6585	290	335	443.0	207.0	124.0	145.0			
chr16	23613999	23614001	PALB2_X11	2739	108	59	69.0	103.0	2.0	119.0			
chr16	23614000	23614002	PALB2_X11	2513	192	242	222.0	21.0	174.0	48.0			
chr16	23614001	23614003	PALB2_X11	2591	131	203	32.0	123.0	156.0	0.0			
chr16	23614002	23614004	PALB2_X11	6314	257	192	327.0	337.0	17.0	328.0			
chr16	23614004	23614006	PALB2_X11	2210	247	57	32.0	76.0	7.0	0.0			
chr16	23614005	23614007	PALB2_X11	2828	426	235	228.0	178.0	38.0	23.0			
chr16	23614006	23614008	PALB2_X11	2599	95	124	323.0	33.0	65.0	301.0			
chr16	23614007	23614009	PALB2_X11	3093	60	133	87.0	57.0	16.0	32.0			
chr16	23614008	23614010	PALB2_X11	2700	249	343	84.0	284.0	295.0	50.0			
chr16	23614009	23614011	PALB2_X11	2703	131	118	244.0	82.0	42.0	685.0			
chr16	23614010	23614012	PALB2_X11	6380	251	188	157.0	114.0	49.0	128.0			
chr16	23614012	23614014	PALB2_X11	5571	369	362	390.0	309.0	257.0	272.0			
chr16	23614014	23614016	PALB2_X11	3473	220	133	273.0	51.0	312.0	192.0			
chr16	23614015	23614017	PALB2_X11	3561	379	313	136.0	212.0	124.0	173.0			
chr16	23614016	23614018	PALB2_X11	3259	389	315	302.0	310.0	320.0	344.0			
chr16	23614017	23614019	PALB2_X11	2806	882	472	386.0	594.0	501.0	73.0			
chr16	23614018	23614020	PALB2_X11	2529	543	783	408.0	539.0	767.0	436.0			
chr16	23614019	23614021	PALB2_X11	2625	1074	728	773.0	639.0	867.0	537.0			
chr16	23614020	23614022	PALB2_X11	6458	1019	1513	1130.0	851.0	1314.0	1194.0			
chr16	23614022	23614024	PALB2_X11	3694	506	928	972.0	294.0	660.0	752.0			
chr16	23614023	23614025	PALB2_X11	2861	324	882	989.0	208.0	301.0	1072.0			
chr16	23614024	23614026	PALB2_X11	2430	1274	615	1082.0	1360.0	439.0	1622.0			
chr16	23614025	23614027	PALB2_X11	2765	995	1707	835.0	683.0	1095.0	883.0			
chr16	23614026	23614028	PALB2_X11	3810	984	1342	1191.0	1388.0	1406.0	1501.0			
chr16	23614027	23614029	PALB2_X11	2226	940	819	711.0	1451.0	561.0	569.0			
chr16	23614028	23614030	PALB2_X11	2670	1292	1398	614.0	1330.0	1588.0	487.0			
chr16	23614029	23614031	PALB2_X11	3466	2132	1459	794.0	2385.0	1009.0	673.0			
chr16	23614030	23614032	PALB2_X11	3062	913	1468	1467.0	659.0	1487.0	1237.0			
chr16	23614031	23614033	PALB2_X11	3673	1361	1871	1572.0	1234.0	963.0	1833.0			
chr16	23614032	23614034	PALB2_X11	5393	1919	2374	1988.0	2353.0	2091.0	1766.0			
chr16	23614034	23614036	PALB2_X11	2989	968	624	557.0	207.0	160.0	277.0			
chr16	23614036	23614038	PALB2_X11	3304	1861	1137	893.0	841.0	902.0	493.0			
chr16	23614037	23614039	PALB2_X11	2791	1235	1019	1217.0	1302.0	799.0	1827.0			
chr16	23614040	23614042	PALB2_X11	3298	1603	2499	1803.0	1565.0	3036.0	1265.0			
chr16	23614041	23614043	PALB2_X11	3231	1726	2082	1815.0	2086.0	1586.0	1188.0			
chr16	23614042	23614044	PALB2_X11	9870	4941	6450	4230.0	5471.0	5164.0	4027.0			
chr16	23614045	23614047	PALB2_X11	2870	1261	1695	1458.0	1070.0	1042.0	1426.0			
chr16	23614046	23614048	PALB2_X11	14303	8354	7914	6555.0	6860.0	5419.0	5241.0			
chr16	23614051	23614053	PALB2_X11	3883	2676	1873	1784.0	1928.0	1518.0	1667.0			
chr16	23614052	23614054	PALB2_X11	3200	948	1532	774.0	329.0	909.0	341.0			
chr16	23614053	23614055	PALB2_X11	2954	1001	1395	936.0	706.0	764.0	471.0			
chr16	23614054	23614056	PALB2_X11	3774	2371	1681	2182.0	1509.0	966.0	1412.0			
chr16	23614055	23614057	PALB2_X11	3316	1817	1694	1755.0	1383.0	966.0	1317.0			
chr16	23614056	23614058	PALB2_X11	3293	2101	2162	1393.0	1736.0	1755.0	1099.0			
chr16	23614057	23614059	PALB2_X11	2784	410	369	454.0	306.0	133.0	426.0			
chr16	23614058	23614060	PALB2_X11	5860	1848	1328	1103.0	1708.0	778.0	807.0			
chr16	23614060	23614062	PALB2_X11	7683	1437	1399	796.0	957.0	1089.0	1182.0			
chr16	23614062	23614064	PALB2_X11	10571	1962	2470	1364.0	1869.0	1815.0	821.0			
chr16	23614065	23614067	PALB2_X11	4329	1149	636	373.0	440.0	347.0	176.0			
chr16	23614066	23614068	PALB2_X11	3127	433	533	908.0	409.0	269.0	1291.0			
chr16	23614067	23614069	PALB2_X11	3114	329	193	708.0	144.0	239.0	421.0			
chr16	23614068	23614070	PALB2_X11	10399	1371	1858	1082.0	767.0	1618.0	485.0			
chr16	23614071	23614073	PALB2_X11	4006	548	1016	966.0	278.0	1138.0	846.0			
chr16	23614072	23614074	PALB2_X11	7231	1916	1077	797.0	1777.0	830.0	531.0			
chr16	23614074	23614076	PALB2_X11	3576	932	911	508.0	717.0	303.0	495.0			
chr16	23614075	23614077	PALB2_X11	2407	302	566	491.0	499.0	237.0	640.0			
chr16	23614076	23614078	PALB2_X11	7603	1351	1212	849.0	1398.0	1542.0	802.0			
chr16	23614078	23614080	PALB2_X11	3872	590	752	408.0	213.0	261.0	197.0			
chr16	23614079	23614081	PALB2_X11	3145	1017	1329	818.0	379.0	663.0	557.0			
chr16	23614080	23614082	PALB2_X11	3743	1000	1297	1175.0	275.0	547.0	541.0			
chr16	23614081	23614083	PALB2_X11	10673	2612	2628	1630.0	2303.0	1989.0	946.0			
chr16	23614084	23614086	PALB2_X11	3314	482	346	159.0	297.0	180.0	69.0			
chr16	23614085	23614087	PALB2_X11	3093	712	558	687.0	360.0	172.0	388.0			
chr16	23614086	23614088	PALB2_X11	3152	465	665	644.0	215.0	525.0	348.0			
chr16	23614087	23614089	PALB2_X11	3105	571	498	461.0	511.0	142.0	235.0			
chr16	23614088	23614090	PALB2_X11	3694	384	643	592.0	88.0	485.0	912.0			
chr16	23614089	23614091	PALB2_X11	4015	794	450	412.0	631.0	342.0	660.0			
chr16	23614090	23614092	PALB2_X11	6790	1535	1795	1377.0	1186.0	1728.0	1331.0			
chr16	23614092	23614094	PALB2_X11	3260	499	539	857.0	109.0	290.0	824.0			
chr16	23614093	23614095	PALB2_X11	3293	528	549	397.0	274.0	480.0	210.0			
chr16	23614094	23614096	PALB2_X11	2667	986	1435	1062.0	849.0	1197.0	1466.0			
chr16	23614095	23614097	PALB2_X11	3243	1465	1719	2021.0	1457.0	2095.0	2496.0			
chr16	23614096	23614098	PALB2_X11	3465	2664	2404	1525.0	2669.0	2380.0	1319.0			
chr16	23614097	23614099	PALB2_X11	7178	4032	3434	4142.0	3718.0	3072.0	5049.0			
chr16	23614099	23614101	PALB2_X11	10082	6103	5917	4440.0	6738.0	5031.0	4278.0			
chr16	23614102	23614104	PALB2_X11	9370	2703	2305	1599.0	1877.0	1190.0	1005.0			
chr16	23614105	23614107	PALB2_X11	8620	4225	4785	3855.0	2848.0	4047.0	3760.0			
chr16	23614108	23614110	PALB2_X11	3209	1140	1116	704.0	1048.0	814.0	555.0			
chr16	23614109	23614111	PALB2_X11	4874	2291	3359	2004.0	1095.0	1899.0	1505.0			
chr16	23607920	23607922	PALB2_X12A	3154	720	773	949.0				222.0	180.0	272.0
chr16	23607921	23607923	PALB2_X12A	3421	936	893	947.0				456.0	418.0	388.0
chr16	23607922	23607924	PALB2_X12A	3665	596	278	457.0				645.0	308.0	387.0
chr16	23607923	23607925	PALB2_X12A	2913	284	377	300.0				235.0	255.0	237.0
chr16	23607924	23607926	PALB2_X12A	3294	376	498	594.0				133.0	653.0	648.0
chr16	23607925	23607927	PALB2_X12A	4847	545	900	697.0				265.0	464.0	585.0
chr16	23607926	23607928	PALB2_X12A	5359	799	1227	880.0				877.0	1010.0	337.0
chr16	23607927	23607929	PALB2_X12A	5543	634	882	622.0				444.0	800.0	296.0
chr16	23607928	23607930	PALB2_X12A	9265	1620	1325	1654.0				1970.0	613.0	822.0
chr16	23607930	23607932	PALB2_X12A	4475	674	692	815.0				917.0	297.0	211.0
chr16	23607932	23607934	PALB2_X12A	2499	535	583	512.0				424.0	507.0	409.0
chr16	23607933	23607935	PALB2_X12A	6451	896	932	1038.0				842.0	673.0	727.0
chr16	23607935	23607937	PALB2_X12A	4375	1071	1069	965.0				742.0	506.0	306.0
chr16	23607936	23607938	PALB2_X12A	8785	1869	2359	2238.0				705.0	1472.0	1044.0
chr16	23607938	23607940	PALB2_X12A	4270	821	950	911.0				814.0	842.0	665.0
chr16	23607939	23607941	PALB2_X12A	4050	541	762	734.0				562.0	452.0	524.0
chr16	23607940	23607942	PALB2_X12A	8309	3025	3367	3584.0				3078.0	1959.0	2559.0
chr16	23607942	23607944	PALB2_X12A	4151	1847	1522	1924.0				1364.0	845.0	816.0
chr16	23607943	23607945	PALB2_X12A	4490	458	1125	630.0				404.0	1545.0	328.0
chr16	23607944	23607946	PALB2_X12A	13492	6032	6878	6209.0				7779.0	8331.0	5433.0
chr16	23607947	23607949	PALB2_X12A	3855	1956	1697	2387.0				3047.0	2354.0	2284.0
chr16	23607949	23607951	PALB2_X12A	4405	1868	1916	2529.0				2382.0	2178.0	2386.0
chr16	23607950	23607952	PALB2_X12A	5134	2024	1863	1999.0				2399.0	1785.0	1748.0
chr16	23607951	23607953	PALB2_X12A	4733	2174	2861	2356.0				3604.0	4235.0	1964.0
chr16	23607952	23607954	PALB2_X12A	5301	2194	2541	2334.0				2748.0	2700.0	2381.0
chr16	23607953	23607955	PALB2_X12A	5063	2408	2543	2212.0				3137.0	3065.0	1988.0
chr16	23607954	23607956	PALB2_X12A	10067	4607	5594	4411.0				7737.0	6093.0	4167.0
chr16	23607956	23607958	PALB2_X12A	3806	1940	2598	1489.0				2748.0	2090.0	1247.0
chr16	23607957	23607959	PALB2_X12A	4693	2175	2383	2493.0				3114.0	2703.0	2782.0
chr16	23607958	23607960	PALB2_X12A	4207	506	668	612.0				261.0	266.0	274.0
chr16	23607959	23607961	PALB2_X12A	8820	4039	5703	4417.0				5710.0	6654.0	3966.0
chr16	23607961	23607963	PALB2_X12A	12974	6565	7586	6549.0				8096.0	8754.0	6152.0
chr16	23607964	23607966	PALB2_X12A	4710	2172	2339	2321.0				4105.0	2522.0	1936.0
chr16	23607965	23607967	PALB2_X12A	4244	2421	2255	2573.0				4466.0	2519.0	2320.0
chr16	23607966	23607968	PALB2_X12A	4609	2525	2519	2403.0				4550.0	2713.0	3027.0
chr16	23607967	23607969	PALB2_X12A	4230	1964	1994	2458.0				2852.0	1731.0	2254.0
chr16	23607968	23607970	PALB2_X12A	4018	2029	2468	2414.0				2224.0	3133.0	1933.0
chr16	23607969	23607971	PALB2_X12A	4788	2433	2675	2224.0				3738.0	3515.0	2426.0
chr16	23607970	23607972	PALB2_X12A	4673	1764	2628	2999.0				2716.0	3626.0	3145.0
chr16	23607971	23607973	PALB2_X12A	5372	2982	2747	2868.0				4036.0	3627.0	3413.0
chr16	23607972	23607974	PALB2_X12A	9295	4774	4622	5594.0				6756.0	4861.0	5245.0
chr16	23607974	23607976	PALB2_X12A	4742	3165	3021	3304.0				4401.0	3721.0	2809.0
chr16	23607975	23607977	PALB2_X12A	4295	2552	2850	2638.0				3662.0	3400.0	2472.0
chr16	23607976	23607978	PALB2_X12A	5181	3325	3553	3662.0				4207.0	3729.0	3803.0
chr16	23607977	23607979	PALB2_X12A	3921	1958	2335	1750.0				2503.0	2622.0	1601.0
chr16	23607978	23607980	PALB2_X12A	4534	2754	2865	2554.0				3588.0	3065.0	2027.0
chr16	23607979	23607981	PALB2_X12A	4704	2910	2847	2973.0				3530.0	2888.0	2909.0
chr16	23607980	23607982	PALB2_X12A	5306	3075	2691	3477.0				4704.0	3386.0	2750.0
chr16	23607981	23607983	PALB2_X12A	4504	2192	2800	3141.0				3886.0	2965.0	3048.0
chr16	23607982	23607984	PALB2_X12A	4959	2688	2764	2738.0				3861.0	3216.0	2404.0
chr16	23607983	23607985	PALB2_X12A	4220	2177	2541	2920.0				3835.0	3214.0	2858.0
chr16	23607984	23607986	PALB2_X12A	4216	2300	2001	2629.0				3050.0	1920.0	2384.0
chr16	23607985	23607987	PALB2_X12A	13977	6500	8300	7494.0				8087.0	8201.0	6691.0
chr16	23607988	23607990	PALB2_X12A	4373	2395	2590	2981.0				3044.0	3074.0	2535.0
chr16	23607989	23607991	PALB2_X12A	4514	2427	3132	3284.0				3636.0	3542.0	2523.0
chr16	23607990	23607992	PALB2_X12A	4668	3295	3327	2765.0				5470.0	3521.0	3212.0
chr16	23607991	23607993	PALB2_X12A	3866	1598	2081	2555.0				1989.0	1981.0	2591.0
chr16	23607993	23607995	PALB2_X12A	12970	8314	8849	8476.0				13642.0	10618.0	6646.0
chr16	23607995	23607997	PALB2_X12A	3934	880	1144	1048.0				1526.0	1046.0	1543.0
chr16	23607998	23608000	PALB2_X12A	13670	4929	4600	4982.0				7847.0	5491.0	4796.0
chr16	23608001	23608003	PALB2_X12A	5841	1561	2135	2033.0				1668.0	1754.0	1868.0
chr16	23608002	23608004	PALB2_X12A	8832	2963	3477	2723.0				4202.0	4534.0	2378.0
chr16	23608004	23608006	PALB2_X12A	4108	213	534	424.0				169.0	746.0	189.0
chr16	23608005	23608007	PALB2_X12A	13574	1389	1271	1541.0				939.0	1175.0	1058.0
chr16	23608008	23608010	PALB2_X12A	4785	254	399	412.0				336.0	270.0	438.0
chr16	23608009	23608011	PALB2_X12A	4031	296	329	499.0				298.0	213.0	276.0
chr16	23608010	23608012	PALB2_X12A	9125	1143	886	1188.0				688.0	661.0	542.0
chr16	23608012	23608014	PALB2_X12A	4210	403	308	312.0				467.0	84.0	261.0
chr16	23608013	23608015	PALB2_X12A	4548	381	443	444.0				227.0	576.0	425.0
chr16	23608014	23608016	PALB2_X12A	7880	1686	1768	1977.0				2798.0	2080.0	1547.0
chr16	23608016	23608018	PALB2_X12A	4167	1094	974	948.0				1986.0	1198.0	1144.0
chr16	23608017	23608019	PALB2_X12A	3860	673	723	937.0				1364.0	1000.0	803.0
chr16	23608018	23608020	PALB2_X12A	3540	1142	964	950.0				1989.0	1022.0	995.0
chr16	23608019	23608021	PALB2_X12A	3589	660	942	1024.0				829.0	1227.0	1216.0
chr16	23608020	23608022	PALB2_X12A	2894	642	572	755.0				954.0	681.0	629.0
chr16	23608021	23608023	PALB2_X12A	7975	1941	2667	2080.0				2641.0	3087.0	1811.0
chr16	23607848	23607850	PALB2_X12B	2441	1636	1553	1078.0	1606.0	1708.0	1335.0			
chr16	23607850	23607852	PALB2_X12B	4556	3430	2648	3034.0	2745.0	2917.0	2494.0			
chr16	23607852	23607854	PALB2_X12B	2652	2005	1556	1604.0	1918.0	1915.0	1507.0			
chr16	23607853	23607855	PALB2_X12B	3012	1904	1923	1727.0	2007.0	2559.0	1826.0			
chr16	23607854	23607856	PALB2_X12B	2398	1713	1894	1466.0	1856.0	2065.0	1390.0			
chr16	23607855	23607857	PALB2_X12B	2521	2008	1780	1362.0	1599.0	1976.0	1203.0			
chr16	23607856	23607858	PALB2_X12B	2959	880	574	727.0	282.0	198.0	267.0			
chr16	23607857	23607859	PALB2_X12B	2771	796	476	651.0	426.0	197.0	124.0			
chr16	23607858	23607860	PALB2_X12B	2743	772	513	542.0	367.0	127.0	201.0			
chr16	23607859	23607861	PALB2_X12B	3180	966	610	736.0	387.0	392.0	306.0			
chr16	23607860	23607862	PALB2_X12B	2979	797	704	656.0	373.0	250.0	166.0			
chr16	23607861	23607863	PALB2_X12B	2695	666	753	526.0	352.0	372.0	214.0			
chr16	23607862	23607864	PALB2_X12B	3142	687	515	567.0	230.0	352.0	181.0			
chr16	23607863	23607865	PALB2_X12B	3297	926	567	696.0	232.0	243.0	149.0			
chr16	23607864	23607866	PALB2_X12B	6909	2270	2863	1968.0	534.0	969.0	698.0			
chr16	23607866	23607868	PALB2_X12B	3227	1848	1788	1390.0	945.0	587.0	546.0			
chr16	23607867	23607869	PALB2_X12B	3562	2884	2311	2388.0	2309.0	2527.0	2182.0			
chr16	23607868	23607870	PALB2_X12B	6129	4892	3930	3603.0	3939.0	4677.0	3166.0			
chr16	23607870	23607872	PALB2_X12B	3426	2930	2663	2229.0	2771.0	2219.0	2234.0			
chr16	23607871	23607873	PALB2_X12B	3569	3413	2571	2235.0	2937.0	2623.0	2001.0			
chr16	23607872	23607874	PALB2_X12B	6788	5266	4006	4556.0	4863.0	5154.0	4635.0			
chr16	23607874	23607876	PALB2_X12B	3150	2911	2114	2435.0	2493.0	2425.0	2171.0			
chr16	23607875	23607877	PALB2_X12B	3692	3105	2178	2810.0	3063.0	2694.0	2382.0			
chr16	23607876	23607878	PALB2_X12B	3346	2685	2217	2014.0	2608.0	2592.0	1899.0			
chr16	23607877	23607879	PALB2_X12B	3231	3417	2226	1974.0	3615.0	3114.0	1797.0			
chr16	23607878	23607880	PALB2_X12B	3025	2444	2278	1780.0	2486.0	2059.0	2156.0			
chr16	23607879	23607881	PALB2_X12B	12905	10139	9246	8730.0	9378.0	11120.0	7476.0			
chr16	23607883	23607885	PALB2_X12B	8776	6825	5394	5006.0	6049.0	6330.0	4452.0			
chr16	23607886	23607888	PALB2_X12B	3274	2528	1979	1974.0	1702.0	2198.0	1479.0			
chr16	23607887	23607889	PALB2_X12B	3151	2499	2147	1415.0	2643.0	2209.0	1737.0			
chr16	23607888	23607890	PALB2_X12B	2570	1373	1990	1197.0	1374.0	2457.0	1251.0			
chr16	23607889	23607891	PALB2_X12B	5813	5520	3958	4043.0	4675.0	5526.0	3666.0			
chr16	23607891	23607893	PALB2_X12B	3117	2536	2296	2342.0	2581.0	2469.0	1650.0			
chr16	23607892	23607894	PALB2_X12B	2779	2307	1997	1968.0	2074.0	1843.0	1422.0			
chr16	23607893	23607895	PALB2_X12B	9850	8767	7120	6202.0	7807.0	8665.0	5547.0			
chr16	23607896	23607898	PALB2_X12B	8532	8042	6162	6750.0	7095.0	7152.0	5709.0			
chr16	23607899	23607901	PALB2_X12B	3405	2466	2520	2392.0	2085.0	2505.0	1918.0			
chr16	23607900	23607902	PALB2_X12B	3559	3439	2123	2642.0	3055.0	2761.0	2158.0			
chr16	23607901	23607903	PALB2_X12B	6389	5773	4884	4685.0	4612.0	4855.0	3606.0			
chr16	23607903	23607905	PALB2_X12B	3443	3674	2305	2588.0	2993.0	2354.0	2130.0			
chr16	23607904	23607906	PALB2_X12B	6979	5491	5176	4568.0	4169.0	5486.0	3791.0			
chr16	23607906	23607908	PALB2_X12B	3138	2015	2177	1317.0	1625.0	2084.0	1134.0			
chr16	23607907	23607909	PALB2_X12B	3454	3236	2198	1989.0	2901.0	2655.0	2226.0			
chr16	23607908	23607910	PALB2_X12B	6572	5318	3848	3670.0	4626.0	4984.0	3551.0			
chr16	23607910	23607912	PALB2_X12B	3133	2675	2398	1849.0	2004.0	2612.0	1871.0			
chr16	23607911	23607913	PALB2_X12B	3056	2399	2266	1947.0	2173.0	2109.0	1648.0			
chr16	23607912	23607914	PALB2_X12B	3286	2639	2467	1935.0	2310.0	3289.0	1605.0			
chr16	23607913	23607915	PALB2_X12B	3216	2235	1562	1745.0	1943.0	1737.0	1293.0			
chr16	23607914	23607916	PALB2_X12B	3792	2559	2162	2239.0	995.0	1375.0	1130.0			
chr16	23607915	23607917	PALB2_X12B	12709	8535	6646	6580.0	3450.0	3283.0	2912.0			
chr16	23607919	23607921	PALB2_X12B	5876	2927	1927	1867.0	868.0	802.0	591.0			
chr16	23607921	23607923	PALB2_X12B	2893	1357	1030	986.0	274.0	538.0	142.0			
chr16	23607922	23607924	PALB2_X12B	3402	637	588	696.0	197.0	186.0	312.0			
chr16	23607923	23607925	PALB2_X12B	2917	454	701	551.0	171.0	91.0	213.0			
chr16	23607924	23607926	PALB2_X12B	2995	627	729	421.0	181.0	172.0	167.0			
chr16	23607925	23607927	PALB2_X12B	2796	655	580	594.0	182.0	382.0	164.0			
chr16	23607926	23607928	PALB2_X12B	2930	595	595	489.0	65.0	183.0	180.0			
chr16	23607927	23607929	PALB2_X12B	2957	651	289	641.0	236.0	143.0	347.0			
chr16	23607928	23607930	PALB2_X12B	5817	1495	1302	1110.0	595.0	547.0	531.0			
chr16	23607930	23607932	PALB2_X12B	6392	1310	1674	1065.0	593.0	458.0	510.0			
chr16	23607932	23607934	PALB2_X12B	2855	655	617	554.0	242.0	260.0	179.0			
chr16	23607933	23607935	PALB2_X12B	5881	1272	1082	1353.0	362.0	553.0	670.0			
chr16	23607935	23607937	PALB2_X12B	3070	843	995	840.0	106.0	209.0	239.0			
chr16	23607936	23607938	PALB2_X12B	5135	1825	1689	1311.0	215.0	272.0	378.0			
chr16	23607938	23607940	PALB2_X12B	2937	773	1135	763.0	334.0	219.0	180.0			
chr16	23607939	23607941	PALB2_X12B	3312	723	443	491.0	206.0	141.0	374.0			
chr16	23607940	23607942	PALB2_X12B	6337	4193	3260	3627.0	2465.0	2562.0	2009.0			
chr16	23607942	23607944	PALB2_X12B	3164	2282	1160	1541.0	669.0	507.0	770.0			
chr16	23607943	23607945	PALB2_X12B	3404	877	660	537.0	376.0	246.0	178.0			
chr16	23607944	23607946	PALB2_X12B	8865	7298	5165	4866.0	6715.0	6845.0	5096.0			
chr16	23607947	23607949	PALB2_X12B	2274	1667	1329	1371.0	1814.0	1590.0	1242.0			
chr16	23607949	23607951	PALB2_X12B	2397	1286	1247	1007.0	1286.0	1261.0	949.0			
chr16	23607950	23607952	PALB2_X12B	2790	1798	1078	1498.0	1436.0	1253.0	1286.0			
chr16	23607951	23607953	PALB2_X12B	3118	2014	1419	1397.0	2090.0	1498.0	1112.0			
chr16	23607952	23607954	PALB2_X12B	2687	1230	1444	850.0	1462.0	1717.0	898.0			
chr16	23603562	23603564	PALB2_X13A	4910	855	879	1319.0	2138.0	1759.0	2281.0			
chr16	23603565	23603567	PALB2_X13A	1564	323	348	176.0	452.0	794.0	310.0			
chr16	23603566	23603568	PALB2_X13A	8728	1851	3327	2276.0	3962.0	5330.0	6589.0			
chr16	23603572	23603574	PALB2_X13A	1848	183	647	370.0	719.0	1264.0	797.0			
chr16	23603573	23603575	PALB2_X13A	2052	271	781	440.0	822.0	976.0	2166.0			
chr16	23603574	23603576	PALB2_X13A	3561	893	1751	881.0	1588.0	1945.0	2377.0			
chr16	23603576	23603578	PALB2_X13A	3904	813	1117	590.0	1549.0	1455.0	2463.0			
chr16	23603578	23603580	PALB2_X13A	1704	302	643	260.0	1220.0	875.0	929.0			
chr16	23603579	23603581	PALB2_X13A	2202	357	472	583.0	1099.0	698.0	1424.0			
chr16	23603580	23603582	PALB2_X13A	1765	521	320	568.0	979.0	513.0	1165.0			
chr16	23603581	23603583	PALB2_X13A	1400	206	343	426.0	551.0	700.0	647.0			
chr16	23603582	23603584	PALB2_X13A	1605	218	444	142.0	596.0	1142.0	650.0			
chr16	23603583	23603585	PALB2_X13A	1817	596	427	350.0	1424.0	884.0	840.0			
chr16	23603584	23603586	PALB2_X13A	1590	214	533	518.0	586.0	657.0	1179.0			
chr16	23603585	23603587	PALB2_X13A	1984	490	778	643.0	817.0	1484.0	972.0			
chr16	23603586	23603588	PALB2_X13A	1680	373	970	620.0	575.0	966.0	1350.0			
chr16	23603587	23603589	PALB2_X13A	1657	272	545	369.0	949.0	805.0	802.0			
chr16	23603588	23603590	PALB2_X13A	1723	404	711	293.0	1373.0	1009.0	814.0			
chr16	23603589	23603591	PALB2_X13A	4279	1516	2128	1688.0	3705.0	3599.0	3727.0			
chr16	23603592	23603594	PALB2_X13A	2412	1057	1113	907.0	2063.0	1978.0	2338.0			
chr16	23603594	23603596	PALB2_X13A	1335	392	860	805.0	1110.0	1373.0	1315.0			
chr16	23603595	23603597	PALB2_X13A	1291	564	970	702.0	1367.0	1131.0	1147.0			
chr16	23603596	23603598	PALB2_X13A	1484	298	545	347.0	252.0	366.0	672.0			
chr16	23603597	23603599	PALB2_X13A	1514	577	837	434.0	990.0	339.0	231.0			
chr16	23603598	23603600	PALB2_X13A	1666	284	521	392.0	680.0	516.0	609.0			
chr16	23603599	23603601	PALB2_X13A	1566	650	479	431.0	604.0	641.0	1102.0			
chr16	23603600	23603602	PALB2_X13A	1386	418	382	301.0	450.0	312.0	338.0			
chr16	23603601	23603603	PALB2_X13A	1547	337	608	197.0	517.0	693.0	90.0			
chr16	23603602	23603604	PALB2_X13A	1241	329	669	456.0	217.0	615.0	794.0			
chr16	23603603	23603605	PALB2_X13A	1374	405	402	163.0	670.0	488.0	236.0			
chr16	23603604	23603606	PALB2_X13A	1647	598	521	649.0	622.0	707.0	262.0			
chr16	23603605	23603607	PALB2_X13A	931	395	605	379.0	965.0	512.0	270.0			
chr16	23603606	23603608	PALB2_X13A	1370	356	488	512.0	155.0	269.0	555.0			
chr16	23603608	23603610	PALB2_X13A	1210	388	450	280.0	408.0	905.0	389.0			
chr16	23603609	23603611	PALB2_X13A	1253	317	524	744.0	686.0	359.0	560.0			
chr16	23603610	23603612	PALB2_X13A	1715	677	971	600.0	1028.0	846.0	842.0			
chr16	23603611	23603613	PALB2_X13A	4391	2374	3670	2541.0	6201.0	5337.0	9121.0			
chr16	23603614	23603616	PALB2_X13A	1116	629	861	408.0	981.0	1083.0	1231.0			
chr16	23603615	23603617	PALB2_X13A	1124	809	392	585.0	1419.0	739.0	1151.0			
chr16	23603616	23603618	PALB2_X13A	975	489	976	401.0	1473.0	1257.0	1053.0			
chr16	23603617	23603619	PALB2_X13A	1219	383	281	233.0	659.0	266.0	236.0			
chr16	23603618	23603620	PALB2_X13A	3744	1844	2359	2252.0	4849.0	4804.0	5375.0			
chr16	23603621	23603623	PALB2_X13A	1284	1018	1082	687.0	2208.0	1535.0	1775.0			
chr16	23603622	23603624	PALB2_X13A	1335	694	1306	836.0	1835.0	1926.0	2212.0			
chr16	23603623	23603625	PALB2_X13A	1275	694	1234	597.0	2053.0	1613.0	1217.0			
chr16	23603624	23603626	PALB2_X13A	1440	1125	890	973.0	2014.0	2669.0	3188.0			
chr16	23603625	23603627	PALB2_X13A	2452	1661	2082	1233.0	3097.0	3420.0	3852.0			
chr16	23603627	23603629	PALB2_X13A	1401	845	1098	667.0	2291.0	2045.0	2849.0			
chr16	23603628	23603630	PALB2_X13A	1678	645	1090	808.0	2104.0	2895.0	2099.0			
chr16	23603629	23603631	PALB2_X13A	1525	709	1145	862.0	1698.0	1457.0	2109.0			
chr16	23603630	23603632	PALB2_X13A	8630	5859	7870	5899.0	11585.0	11287.0	16054.0			
chr16	23603637	23603639	PALB2_X13A	1344	414	493	509.0	773.0	403.0	483.0			
chr16	23603638	23603640	PALB2_X13A	1217	581	1535	394.0	1510.0	1866.0	1181.0			
chr16	23603639	23603641	PALB2_X13A	1306	832	1095	444.0	1652.0	1894.0	1849.0			
chr16	23603640	23603642	PALB2_X13A	1634	1105	2138	938.0	2053.0	3374.0	2466.0			
chr16	23603641	23603643	PALB2_X13A	1611	643	1078	971.0	1581.0	2191.0	2410.0			
chr16	23603642	23603644	PALB2_X13A	1640	1071	1149	1147.0	1931.0	1664.0	2908.0			
chr16	23603643	23603645	PALB2_X13A	2406	1524	2138	1496.0	2992.0	3118.0	3712.0			
chr16	23603645	23603647	PALB2_X13A	1596	1105	939	1452.0	1861.0	1358.0	3439.0			
chr16	23603646	23603648	PALB2_X13A	2777	1454	2517	1477.0	3228.0	3914.0	3427.0			
chr16	23603648	23603650	PALB2_X13A	1211	695	747	593.0	1645.0	1297.0	1094.0			
chr16	23603649	23603651	PALB2_X13A	1577	833	1494	1120.0	1771.0	2441.0	3125.0			
chr16	23603650	23603652	PALB2_X13A	1656	703	755	798.0	871.0	887.0	363.0			
chr16	23603651	23603653	PALB2_X13A	1885	530	885	530.0	694.0	975.0	526.0			
chr16	23603652	23603654	PALB2_X13A	1749	615	859	574.0	521.0	577.0	1233.0			
chr16	23603653	23603655	PALB2_X13A	4014	1437	2060	1367.0	1303.0	1546.0	3142.0			
chr16	23603655	23603657	PALB2_X13A	1765	884	408	661.0	423.0	1165.0	683.0			
chr16	23603656	23603658	PALB2_X13A	3676	1952	3078	1446.0	3983.0	4238.0	4664.0			
chr16	23603658	23603660	PALB2_X13A	1774	776	1295	883.0	2368.0	2267.0	2235.0			
chr16	23603659	23603661	PALB2_X13A	3073	2156	2784	1484.0	4963.0	3590.0	3115.0			
chr16	23603661	23603663	PALB2_X13A	1714	1125	2105	1382.0	1861.0	2229.0	2553.0			
chr16	23603662	23603664	PALB2_X13A	1926	1127	1122	977.0	1433.0	1424.0	1932.0			
chr16	23603663	23603665	PALB2_X13A	1835	1063	1497	1489.0	1752.0	1354.0	3368.0			
chr16	23603664	23603666	PALB2_X13A	5896	3795	4666	3140.0	7498.0	6503.0	7577.0			
chr16	23603666	23603668	PALB2_X13A	2206	1162	1427	743.0	3154.0	2537.0	2467.0			
chr16	23603667	23603669	PALB2_X13A	1524	1193	1268	1008.0	3600.0	2601.0	2818.0			
chr16	23603668	23603670	PALB2_X13A	1755	479	893	577.0	1102.0	1523.0	744.0			
chr16	23603669	23603671	PALB2_X13A	1856	409	435	528.0	891.0	512.0	1394.0			
chr16	23603670	23603672	PALB2_X13A	1906	548	887	501.0	679.0	789.0	825.0			
chr16	23603671	23603673	PALB2_X13A	2988	2515	2354	1873.0	5831.0	3602.0	5102.0			
chr16	23603673	23603675	PALB2_X13A	1223	771	1006	622.0	2326.0	1788.0	1831.0			
chr16	23603674	23603676	PALB2_X13A	1553	919	1104	356.0	2478.0	2624.0	1478.0			
chr16	23603675	23603677	PALB2_X13A	3179	2371	3259	933.0	5252.0	4629.0	5599.0			
chr16	23603677	23603679	PALB2_X13A	1294	1103	1034	662.0	2337.0	2257.0	2497.0			
chr16	23603437	23603439	PALB2_X13B	177	11	93	60.0	85.0	84.0	122.0			
chr16	23603439	23603441	PALB2_X13B	3974	167	929	610.0	1912.0	865.0	1179.0			
chr16	23603441	23603443	PALB2_X13B	5389	217	1237	1373.0	2094.0	1528.0	2140.0			
chr16	23603443	23603445	PALB2_X13B	7222	253	1589	1523.0	2205.0	1747.0	2164.0			
chr16	23603444	23603446	PALB2_X13B	7373	246	1257	1659.0	2127.0	1546.0	2740.0			
chr16	23603445	23603447	PALB2_X13B	5286	254	1095	1406.0	1976.0	1357.0	2277.0			
chr16	23603446	23603448	PALB2_X13B	7236	447	2243	1535.0	3436.0	2155.0	2353.0			
chr16	23603447	23603449	PALB2_X13B	9553	388	1426	1908.0	2732.0	2254.0	4099.0			
chr16	23603448	23603450	PALB2_X13B	8639	352	3154	1719.0	2603.0	2986.0	3017.0			
chr16	23603449	23603451	PALB2_X13B	11505	457	3041	2607.0	3812.0	2686.0	6194.0			
chr16	23603450	23603452	PALB2_X13B	8128	332	1408	1643.0	2957.0	1756.0	2882.0			
chr16	23603451	23603453	PALB2_X13B	7560	325	1519	1230.0	2763.0	1525.0	2358.0			
chr16	23603452	23603454	PALB2_X13B	7705	327	1653	871.0	2654.0	1660.0	1947.0			
chr16	23603453	23603455	PALB2_X13B	11814	437	2907	2514.0	3807.0	2398.0	4187.0			
chr16	23603454	23603456	PALB2_X13B	6377	363	1079	1170.0	3062.0	1329.0	2315.0			
chr16	23603455	23603457	PALB2_X13B	10104	444	2359	1802.0	4346.0	2656.0	3828.0			
chr16	23603456	23603458	PALB2_X13B	9017	405	2115	2013.0	4583.0	2427.0	3087.0			
chr16	23603457	23603459	PALB2_X13B	8787	319	2021	2490.0	2551.0	2173.0	3649.0			
chr16	23603458	23603460	PALB2_X13B	8674	314	2280	1418.0	2542.0	2463.0	3305.0			
chr16	23603459	23603461	PALB2_X13B	8235	357	1999	1577.0	2806.0	2090.0	2676.0			
chr16	23603461	23603463	PALB2_X13B	5670	180	1128	1228.0	1780.0	1203.0	2548.0			
chr16	23603463	23603465	PALB2_X13B	8770	457	2603	2206.0	5053.0	2306.0	3531.0			
chr16	23603464	23603466	PALB2_X13B	6269	267	1490	1007.0	2357.0	1295.0	1994.0			
chr16	23603466	23603468	PALB2_X13B	7944	345	2056	1561.0	2290.0	1661.0	2719.0			
chr16	23603468	23603470	PALB2_X13B	7184	390	1712	1077.0	3319.0	1544.0	2252.0			
chr16	23603471	23603473	PALB2_X13B	9596	350	1965	1871.0	1818.0	733.0	1090.0			
chr16	23603472	23603474	PALB2_X13B	8913	293	1645	1495.0	819.0	863.0	1249.0			
chr16	23603473	23603475	PALB2_X13B	11299	125	1348	946.0	263.0	650.0	1022.0			
chr16	23603474	23603476	PALB2_X13B	10973	409	1769	1817.0	841.0	547.0	1245.0			
chr16	23603475	23603477	PALB2_X13B	8036	240	1809	1352.0	614.0	399.0	807.0			
chr16	23603477	23603479	PALB2_X13B	5755	265	1366	1261.0	896.0	704.0	672.0			
chr16	23603478	23603480	PALB2_X13B	8770	237	2094	1902.0	1090.0	1190.0	1044.0			
chr16	23603480	23603482	PALB2_X13B	5756	320	1317	1396.0	1718.0	900.0	3239.0			
chr16	23603481	23603483	PALB2_X13B	8396	316	2201	1279.0	901.0	612.0	714.0			
chr16	23603482	23603484	PALB2_X13B	8147	362	3124	2087.0	2714.0	2978.0	3350.0			
chr16	23603484	23603486	PALB2_X13B	6759	464	1874	1746.0	2803.0	1632.0	3067.0			
chr16	23603485	23603487	PALB2_X13B	8467	391	2577	1949.0	2991.0	2092.0	3443.0			
chr16	23603486	23603488	PALB2_X13B	7585	378	1674	1253.0	3359.0	2072.0	2321.0			
chr16	23603487	23603489	PALB2_X13B	8764	440	2978	2378.0	3427.0	2402.0	3634.0			
chr16	23603488	23603490	PALB2_X13B	7814	486	2222	2289.0	4443.0	2592.0	3731.0			
chr16	23603490	23603492	PALB2_X13B	8785	607	3336	3114.0	3517.0	3364.0	3990.0			
chr16	23603492	23603494	PALB2_X13B	6266	427	2615	1778.0	3870.0	2197.0	2775.0			
chr16	23603495	23603497	PALB2_X13B	7322	618	2879	2607.0	5281.0	2825.0	4591.0			
chr16	23603497	23603499	PALB2_X13B	7666	592	2421	2304.0	3964.0	2118.0	3366.0			
chr16	23603498	23603500	PALB2_X13B	10206	707	4019	3455.0	4422.0	3170.0	4322.0			
chr16	23603499	23603501	PALB2_X13B	10243	690	3612	3326.0	3602.0	2674.0	4674.0			
chr16	23603500	23603502	PALB2_X13B	6097	402	2037	1443.0	897.0	430.0	807.0			
chr16	23603502	23603504	PALB2_X13B	11912	728	4295	2692.0	1198.0	1197.0	1321.0			
chr16	23603503	23603505	PALB2_X13B	7608	213	955	697.0	875.0	484.0	483.0			
chr16	23603504	23603506	PALB2_X13B	8670	352	961	1128.0	687.0	477.0	391.0			
chr16	23603507	23603509	PALB2_X13B	10126	193	1471	1279.0	575.0	531.0	486.0			
chr16	23603508	23603510	PALB2_X13B	7807	217	1196	859.0	498.0	558.0	1548.0			
chr16	23603509	23603511	PALB2_X13B	5736	564	2455	2439.0	4919.0	2177.0	4801.0			
chr16	23603510	23603512	PALB2_X13B	7878	862	5360	3139.0	7416.0	4224.0	7483.0			
chr16	23603512	23603514	PALB2_X13B	8425	794	4987	3787.0	6781.0	5458.0	7150.0			
chr16	23603513	23603515	PALB2_X13B	8475	963	4821	4800.0	6833.0	5663.0	7517.0			
chr16	23603514	23603516	PALB2_X13B	7797	720	4629	3227.0	6176.0	4712.0	5805.0			
chr16	23603515	23603517	PALB2_X13B	8510	617	4415	3462.0	4991.0	4338.0	6484.0			
chr16	23603516	23603518	PALB2_X13B	9077	932	5508	4358.0	7179.0	5310.0	8127.0			
chr16	23603517	23603519	PALB2_X13B	10298	1212	6205	4806.0	8911.0	5986.0	8080.0			
chr16	23603518	23603520	PALB2_X13B	7469	992	3704	3804.0	8002.0	3915.0	6316.0			
chr16	23603519	23603521	PALB2_X13B	9231	1048	4623	3436.0	8512.0	4791.0	6700.0			
chr16	23603520	23603522	PALB2_X13B	8246	829	4652	4457.0	7300.0	4299.0	8472.0			
chr16	23603521	23603523	PALB2_X13B	9254	1078	4420	4754.0	8533.0	4271.0	8832.0			
chr16	23603522	23603524	PALB2_X13B	8781	1238	4865	4697.0	9158.0	5654.0	8151.0			
chr16	23603523	23603525	PALB2_X13B	11165	965	5644	6164.0	9515.0	5971.0	10453.0			
chr16	23603524	23603526	PALB2_X13B	10051	1099	5228	4577.0	7923.0	4767.0	8018.0			
chr16	23603525	23603527	PALB2_X13B	8077	749	4817	4139.0	6684.0	5118.0	6568.0			
chr16	23603527	23603529	PALB2_X13B	5202	386	2729	2094.0	2450.0	1667.0	2067.0			
chr16	23603529	23603531	PALB2_X13B	4795	381	2528	1929.0	1551.0	1113.0	2200.0			
chr16	23603530	23603532	PALB2_X13B	7634	624	3206	4057.0	2849.0	1320.0	3517.0			
chr16	23603531	23603533	PALB2_X13B	8331	348	981	1276.0	725.0	524.0	914.0			
chr16	23603532	23603534	PALB2_X13B	7576	251	1333	1065.0	1268.0	566.0	370.0			
chr16	23603533	23603535	PALB2_X13B	6150	172	874	1146.0	459.0	317.0	1157.0			
chr16	23603534	23603536	PALB2_X13B	5331	143	1077	637.0	824.0	370.0	314.0			
chr16	23603535	23603537	PALB2_X13B	11076	988	4140	2826.0	2166.0	1638.0	1576.0			
chr16	23603537	23603539	PALB2_X13B	7949	733	3197	3236.0	3049.0	2071.0	4501.0			
chr16	23603539	23603541	PALB2_X13B	6053	624	3493	2592.0	4751.0	2845.0	4743.0			
chr16	23603541	23603543	PALB2_X13B	7979	900	4186	3518.0	6358.0	4136.0	6499.0			
chr16	23603542	23603544	PALB2_X13B	7889	827	5894	4283.0	5822.0	5044.0	6308.0			
chr16	23603544	23603546	PALB2_X13B	9131	682	4792	4311.0	4584.0	3037.0	6192.0			
chr16	23603545	23603547	PALB2_X13B	8202	949	4011	3569.0	6454.0	3314.0	4863.0			
chr16	23603546	23603548	PALB2_X13B	9027	839	5744	3601.0	7203.0	5143.0	5804.0			
chr16	23603547	23603549	PALB2_X13B	7250	674	4223	3646.0	6026.0	4296.0	8546.0			
chr16	23603550	23603552	PALB2_X13B	8104	805	3617	2905.0	6760.0	4170.0	5933.0			
chr16	23603553	23603555	PALB2_X13B	7943	604	3812	3888.0	4688.0	3779.0	7678.0			
chr16	23603554	23603556	PALB2_X13B	7952	857	3480	3245.0	6941.0	3775.0	6380.0			
chr16	23603555	23603557	PALB2_X13B	5577	554	2524	3038.0	4424.0	2796.0	6163.0			
chr16	23603558	23603560	PALB2_X13B	8281	727	3756	4124.0	6823.0	3700.0	9217.0			
chr16	23603560	23603562	PALB2_X13B	5934	604	3172	3351.0	4974.0	3713.0	6299.0			
chr16	23603561	23603563	PALB2_X13B	5871	564	2961	3238.0	4246.0	2982.0	6498.0			
chr16	23603562	23603564	PALB2_X13B	7424	943	3822	3247.0	7107.0	4245.0	5470.0			
chr16	23603565	23603567	PALB2_X13B	6989	604	3576	2609.0	6506.0	3021.0	3775.0			
chr16	23603566	23603568	PALB2_X13B	7646	736	4810	3351.0	6827.0	4558.0	7008.0			
chr16	23603572	23603574	PALB2_X13B	7043	759	3801	2728.0	6733.0	4108.0	5020.0			
chr16	23603573	23603575	PALB2_X13B	8587	1233	5058	4624.0	9564.0	4789.0	7857.0			
chr16	23603574	23603576	PALB2_X13B	9478	1014	4224	4216.0	7286.0	4717.0	8719.0			
chr16	23603576	23603578	PALB2_X13B	8786	1100	4914	4593.0	9221.0	5088.0	7877.0			
chr16	23603578	23603580	PALB2_X13B	6974	665	4073	3658.0	6537.0	3698.0	6711.0			
chr16	23603579	23603581	PALB2_X13B	9514	970	4762	3995.0	7950.0	4843.0	7694.0			
chr16	23603580	23603582	PALB2_X13B	5772	587	2772	2342.0	5348.0	3534.0	4632.0			
chr16	23603581	23603583	PALB2_X13B	8292	698	4990	3206.0	5691.0	4656.0	6269.0			
chr16	23603582	23603584	PALB2_X13B	9529	987	4853	4776.0	7851.0	4823.0	8184.0			
chr16	23603583	23603585	PALB2_X13B	6308	488	3269	1982.0	5802.0	3099.0	3877.0			
